CalendarYear;YearMonthNumber;QuarterLabel;MonthYear;TerritoryGroup;Country;Region;ProductCategory;ProductSubcategory;IncomeGroup;AgeGroup;Gender;Occupation;HouseOwnerFlag;Revenue;Profit;UnitsSold;SalesOrderNumber;CustomerKey
2011;201101;Q1;Jan 2011;Europe;United Kingdom;United Kingdom;Bikes;Mountain Bikes;Low Income;55+;Male;Manual;1;774.30;298.81;1;SO000001;11025
2011;201101;Q1;Jan 2011;Europe;United Kingdom;United Kingdom;Bikes;Road Bikes;Low Income;46-55;Male;Management;1;1763.80;703.26;1;SO000002;11665
2011;201101;Q1;Jan 2011;North America;Canada;Canada;Accessories;Tires and Tubes;High Income;46-55;Female;Professional;1;86.03;50.21;1;SO000003;11352
2011;201101;Q1;Jan 2011;North America;Canada;Canada;Bikes;Road Bikes;High Income;46-55;Female;Professional;1;9284.67;4078.93;3;SO000003;11352
2011;201101;Q1;Jan 2011;North America;United States;Southwest;Bikes;Road Bikes;Low Income;46-55;Female;Professional;0;3470.67;1461.85;1;SO000004;11389
2011;201101;Q1;Jan 2011;North America;United States;Southwest;Bikes;Road Bikes;High Income;55+;Male;Professional;1;3162.20;1335.82;2;SO000005;11570
2011;201101;Q1;Jan 2011;Europe;Germany;Germany;Bikes;Mountain Bikes;Low Income;26-35;Female;Manual;1;3261.99;1335.72;3;SO000006;11405
2011;201101;Q1;Jan 2011;Europe;Germany;Germany;Accessories;Helmets;Low Income;26-35;Female;Manual;1;23.40;14.85;1;SO000006;11405
2011;201101;Q1;Jan 2011;North America;United States;Southeast;Bikes;Road Bikes;Middle Income;46-55;Female;Manual;0;5704.16;2265.77;2;SO000007;11610
2011;201101;Q1;Jan 2011;North America;United States;Southeast;Bikes;Mountain Bikes;Middle Income;46-55;Female;Manual;0;3370.68;1483.33;1;SO000007;11610
2011;201101;Q1;Jan 2011;Europe;France;France;Accessories;Helmets;Middle Income;26-35;Female;Manual;0;61.19;36.04;1;SO000008;11269
2011;201101;Q1;Jan 2011;Europe;Germany;Germany;Components;Wheels;Low Income;36-45;Male;Professional;1;258.63;88.96;1;SO000009;11371
2011;201101;Q1;Jan 2011;Europe;Germany;Germany;Bikes;Road Bikes;Low Income;36-45;Male;Professional;1;1293.03;534.21;1;SO000009;11371
2011;201101;Q1;Jan 2011;Europe;United Kingdom;United Kingdom;Bikes;Road Bikes;Middle Income;55+;Female;Clerical;1;2250.98;938.83;1;SO000010;11747
2011;201101;Q1;Jan 2011;North America;United States;Northwest;Bikes;Road Bikes;Low Income;55+;Female;Professional;0;3319.44;1379.84;1;SO000011;11007
2011;201101;Q1;Jan 2011;North America;United States;Southeast;Bikes;Road Bikes;High Income;36-45;Male;Clerical;1;2529.68;1066.75;1;SO000012;11484
2011;201101;Q1;Jan 2011;Pacific;Australia;Australia;Bikes;Road Bikes;High Income;26-35;Male;Management;1;3285.14;1331.96;1;SO000013;11062
2011;201101;Q1;Jan 2011;Europe;Germany;Germany;Bikes;Mountain Bikes;Low Income;55+;Male;Professional;0;6453.68;2472.86;2;SO000014;11882
2011;201101;Q1;Jan 2011;Europe;France;France;Bikes;Mountain Bikes;High Income;55+;Female;Clerical;1;2218.15;953.45;1;SO000015;11002
2011;201101;Q1;Jan 2011;North America;United States;Southeast;Bikes;Mountain Bikes;Middle Income;55+;Male;Professional;0;1358.57;515.70;1;SO000016;11058
2011;201101;Q1;Jan 2011;North America;United States;Southeast;Clothing;Gloves;Middle Income;55+;Male;Professional;0;22.78;8.35;1;SO000016;11058
2011;201101;Q1;Jan 2011;Pacific;Australia;Australia;Accessories;Tires and Tubes;High Income;36-45;Female;Management;1;111.84;73.24;1;SO000017;11673
2011;201101;Q1;Jan 2011;Pacific;Australia;Australia;Clothing;Shorts;Low Income;36-45;Female;Management;1;50.67;20.44;1;SO000018;11009
2011;201101;Q1;Jan 2011;Pacific;Australia;Australia;Bikes;Road Bikes;Low Income;36-45;Female;Management;1;2570.02;1064.93;1;SO000018;11009
2011;201101;Q1;Jan 2011;North America;United States;Northeast;Accessories;Bottles and Cages;Middle Income;55+;Male;Skilled Manual;1;103.08;63.95;1;SO000019;11679
2011;201101;Q1;Jan 2011;North America;United States;Northeast;Bikes;Mountain Bikes;Middle Income;55+;Male;Skilled Manual;1;1886.01;739.57;1;SO000019;11679
2011;201101;Q1;Jan 2011;North America;United States;Northeast;Bikes;Road Bikes;Middle Income;36-45;Female;Manual;1;6682.95;2918.90;3;SO000020;11003
2011;201101;Q1;Jan 2011;Pacific;Australia;Australia;Accessories;Tires and Tubes;Low Income;36-45;Male;Skilled Manual;0;213.36;130.69;2;SO000021;11596
2011;201101;Q1;Jan 2011;Pacific;Australia;Australia;Accessories;Bottles and Cages;Low Income;36-45;Male;Skilled Manual;0;96.66;57.32;3;SO000021;11596
2011;201101;Q1;Jan 2011;Europe;Germany;Germany;Clothing;Jerseys;Low Income;55+;Female;Clerical;0;22.71;9.03;1;SO000022;11819
2011;201101;Q1;Jan 2011;Europe;Germany;Germany;Bikes;Road Bikes;Middle Income;55+;Male;Management;0;6814.58;2673.56;2;SO000023;11204
2011;201101;Q1;Jan 2011;Europe;Germany;Germany;Accessories;Tires and Tubes;Middle Income;55+;Male;Management;0;199.98;131.01;3;SO000023;11204
2011;201101;Q1;Jan 2011;Europe;Germany;Germany;Bikes;Road Bikes;Low Income;55+;Female;Professional;0;3455.86;1310.64;1;SO000024;11118
2011;201101;Q1;Jan 2011;North America;United States;Northwest;Accessories;Tires and Tubes;Middle Income;18-25;Male;Skilled Manual;1;81.29;47.96;1;SO000025;11590
2011;201101;Q1;Jan 2011;Pacific;Australia;Australia;Bikes;Road Bikes;Middle Income;55+;Male;Management;1;7270.32;2865.06;3;SO000026;11307
2011;201101;Q1;Jan 2011;Pacific;Australia;Australia;Bikes;Mountain Bikes;Middle Income;55+;Male;Management;1;1288.51;557.75;1;SO000026;11307
2011;201101;Q1;Jan 2011;North America;Canada;Canada;Accessories;Tires and Tubes;Middle Income;55+;Female;Management;0;114.48;68.55;1;SO000027;11621
2011;201101;Q1;Jan 2011;North America;United States;Northeast;Clothing;Gloves;Low Income;26-35;Female;Manual;0;93.76;36.75;2;SO000028;11317
2011;201101;Q1;Jan 2011;North America;Canada;Canada;Components;Saddles;High Income;55+;Male;Clerical;0;154.63;56.88;1;SO000029;11151
2011;201101;Q1;Jan 2011;North America;United States;Southeast;Bikes;Mountain Bikes;Middle Income;55+;Female;Clerical;1;4058.18;1585.67;2;SO000030;11467
2011;201101;Q1;Jan 2011;North America;United States;Southeast;Bikes;Road Bikes;Middle Income;55+;Female;Clerical;1;2877.49;1176.23;1;SO000030;11467
2011;201101;Q1;Jan 2011;North America;United States;Northwest;Bikes;Road Bikes;Middle Income;36-45;Female;Skilled Manual;0;1299.07;523.77;1;SO000031;11244
2011;201101;Q1;Jan 2011;Pacific;Australia;Australia;Accessories;Bottles and Cages;Low Income;55+;Female;Manual;0;45.45;29.10;1;SO000032;11338
2011;201101;Q1;Jan 2011;Pacific;Australia;Australia;Clothing;Caps;Low Income;55+;Female;Manual;0;71.42;30.28;1;SO000032;11338
2011;201101;Q1;Jan 2011;Pacific;Australia;Australia;Clothing;Jerseys;Middle Income;18-25;Female;Clerical;0;184.29;76.12;3;SO000033;11225
2011;201101;Q1;Jan 2011;Pacific;Australia;Australia;Bikes;Road Bikes;Middle Income;18-25;Female;Clerical;0;1992.76;745.34;1;SO000033;11225
2011;201101;Q1;Jan 2011;North America;United States;Southeast;Bikes;Mountain Bikes;Middle Income;55+;Female;Skilled Manual;1;1691.68;754.75;2;SO000034;11388
2011;201101;Q1;Jan 2011;North America;Canada;Canada;Bikes;Mountain Bikes;High Income;55+;Male;Professional;0;1310.30;558.13;1;SO000035;11229
2011;201101;Q1;Jan 2011;Pacific;Australia;Australia;Bikes;Road Bikes;High Income;36-45;Female;Professional;0;2702.04;1016.18;1;SO000036;11785
2011;201101;Q1;Jan 2011;Pacific;Australia;Australia;Accessories;Bottles and Cages;High Income;36-45;Female;Professional;0;93.84;60.81;1;SO000036;11785
2011;201101;Q1;Jan 2011;Pacific;Australia;Australia;Accessories;Helmets;High Income;36-45;Female;Professional;0;140.16;81.75;2;SO000036;11785
2011;201101;Q1;Jan 2011;Pacific;Australia;Australia;Components;Saddles;Low Income;55+;Male;Clerical;1;480.64;172.41;2;SO000037;11545
2011;201101;Q1;Jan 2011;North America;United States;Central;Bikes;Road Bikes;High Income;46-55;Female;Skilled Manual;0;2001.18;838.15;1;SO000038;11666
2011;201101;Q1;Jan 2011;North America;United States;Central;Bikes;Mountain Bikes;High Income;46-55;Female;Skilled Manual;0;1610.04;658.51;1;SO000038;11666
2011;201101;Q1;Jan 2011;Europe;United Kingdom;United Kingdom;Bikes;Mountain Bikes;Middle Income;46-55;Female;Manual;0;4136.04;1781.20;2;SO000039;11363
2011;201101;Q1;Jan 2011;Pacific;Australia;Australia;Bikes;Road Bikes;Middle Income;18-25;Female;Management;1;2249.72;894.27;1;SO000040;11707
2011;201101;Q1;Jan 2011;Pacific;Australia;Australia;Components;Handlebars;Middle Income;18-25;Female;Management;1;248.72;80.72;1;SO000040;11707
2011;201101;Q1;Jan 2011;North America;United States;Northeast;Bikes;Road Bikes;Middle Income;55+;Male;Management;0;6506.94;2554.88;3;SO000041;11236
2011;201101;Q1;Jan 2011;North America;United States;Northeast;Bikes;Mountain Bikes;Middle Income;55+;Male;Management;0;1710.47;674.24;1;SO000041;11236
2011;201101;Q1;Jan 2011;Pacific;Australia;Australia;Bikes;Road Bikes;Low Income;26-35;Female;Management;1;1933.31;743.84;1;SO000042;11725
2011;201101;Q1;Jan 2011;North America;United States;Southeast;Clothing;Shorts;Low Income;26-35;Female;Professional;0;37.37;15.12;1;SO000043;11052
2011;201102;Q1;Feb 2011;Europe;United Kingdom;United Kingdom;Accessories;Helmets;High Income;46-55;Female;Skilled Manual;1;86.70;51.75;3;SO000044;11610
2011;201102;Q1;Feb 2011;North America;United States;Northeast;Bikes;Mountain Bikes;Low Income;26-35;Male;Clerical;1;2679.48;1142.10;1;SO000045;11676
2011;201102;Q1;Feb 2011;North America;United States;Northeast;Bikes;Road Bikes;Low Income;26-35;Male;Clerical;1;1440.75;624.28;1;SO000045;11676
2011;201102;Q1;Feb 2011;North America;Canada;Canada;Bikes;Road Bikes;Middle Income;46-55;Male;Skilled Manual;0;3007.87;1334.58;1;SO000046;11603
2011;201102;Q1;Feb 2011;North America;United States;Southwest;Clothing;Shorts;Middle Income;55+;Female;Clerical;0;21.81;8.25;1;SO000047;11449
2011;201102;Q1;Feb 2011;Europe;Germany;Germany;Bikes;Road Bikes;High Income;55+;Female;Manual;0;3265.00;1255.45;1;SO000048;11690
2011;201102;Q1;Feb 2011;Europe;Germany;Germany;Accessories;Helmets;High Income;55+;Female;Manual;0;51.96;31.47;1;SO000048;11690
2011;201102;Q1;Feb 2011;Europe;Germany;Germany;Bikes;Road Bikes;Middle Income;46-55;Female;Manual;0;2863.13;1257.47;1;SO000049;11107
2011;201102;Q1;Feb 2011;Europe;France;France;Accessories;Bottles and Cages;Middle Income;36-45;Female;Manual;1;20.07;12.10;1;SO000050;11844
2011;201102;Q1;Feb 2011;Europe;France;France;Clothing;Caps;Middle Income;36-45;Female;Manual;1;88.12;36.02;1;SO000050;11844
2011;201102;Q1;Feb 2011;Europe;United Kingdom;United Kingdom;Bikes;Mountain Bikes;Middle Income;46-55;Male;Management;0;2706.49;1111.58;1;SO000051;11245
2011;201102;Q1;Feb 2011;Pacific;Australia;Australia;Bikes;Mountain Bikes;High Income;36-45;Male;Clerical;0;2946.98;1276.63;2;SO000052;11279
2011;201102;Q1;Feb 2011;Pacific;Australia;Australia;Bikes;Road Bikes;High Income;36-45;Male;Clerical;0;707.18;302.73;1;SO000052;11279
2011;201102;Q1;Feb 2011;Pacific;Australia;Australia;Clothing;Caps;High Income;36-45;Male;Clerical;0;102.52;40.88;2;SO000052;11279
2011;201102;Q1;Feb 2011;Pacific;Australia;Australia;Accessories;Helmets;Middle Income;36-45;Male;Management;1;59.39;38.79;1;SO000053;11340
2011;201102;Q1;Feb 2011;Pacific;Australia;Australia;Clothing;Jerseys;Middle Income;26-35;Female;Professional;1;97.40;40.17;2;SO000054;11390
2011;201102;Q1;Feb 2011;North America;United States;Southwest;Accessories;Tires and Tubes;Middle Income;55+;Male;Skilled Manual;1;12.87;8.11;1;SO000055;11158
2011;201102;Q1;Feb 2011;North America;United States;Southwest;Components;Wheels;Middle Income;55+;Male;Skilled Manual;1;479.26;147.55;2;SO000055;11158
2011;201102;Q1;Feb 2011;North America;United States;Southwest;Accessories;Helmets;Middle Income;55+;Male;Skilled Manual;1;84.81;55.32;1;SO000055;11158
2011;201102;Q1;Feb 2011;North America;United States;Northwest;Clothing;Gloves;Middle Income;46-55;Male;Management;1;62.66;24.48;1;SO000056;11047
2011;201102;Q1;Feb 2011;North America;United States;Central;Clothing;Caps;Low Income;46-55;Female;Clerical;1;202.29;75.38;3;SO000057;11699
2011;201102;Q1;Feb 2011;North America;United States;Central;Bikes;Road Bikes;Low Income;46-55;Female;Clerical;1;4612.89;2061.79;3;SO000057;11699
2011;201102;Q1;Feb 2011;North America;United States;Southwest;Bikes;Road Bikes;Low Income;46-55;Female;Professional;0;4579.95;2052.90;3;SO000058;11706
2011;201102;Q1;Feb 2011;Pacific;Australia;Australia;Clothing;Gloves;Middle Income;55+;Male;Manual;1;44.66;18.35;1;SO000059;11674
2011;201102;Q1;Feb 2011;Pacific;Australia;Australia;Accessories;Bottles and Cages;Middle Income;55+;Male;Manual;1;108.89;68.79;1;SO000059;11674
2011;201102;Q1;Feb 2011;Europe;United Kingdom;United Kingdom;Bikes;Mountain Bikes;Middle Income;55+;Male;Skilled Manual;1;6308.18;2518.66;2;SO000060;11316
2011;201102;Q1;Feb 2011;Europe;United Kingdom;United Kingdom;Bikes;Road Bikes;Middle Income;55+;Male;Skilled Manual;1;2839.04;1237.75;2;SO000060;11316
2011;201102;Q1;Feb 2011;Europe;France;France;Components;Saddles;High Income;46-55;Male;Clerical;0;1230.33;405.10;3;SO000061;11493
2011;201102;Q1;Feb 2011;Pacific;Australia;Australia;Components;Brakes;Middle Income;46-55;Female;Manual;1;256.88;89.80;1;SO000062;11809
2011;201102;Q1;Feb 2011;Pacific;Australia;Australia;Components;Handlebars;Middle Income;46-55;Female;Manual;1;425.49;129.80;3;SO000062;11809
2011;201102;Q1;Feb 2011;Pacific;Australia;Australia;Bikes;Mountain Bikes;Middle Income;26-35;Male;Professional;1;2159.72;877.48;2;SO000063;11843
2011;201102;Q1;Feb 2011;Pacific;Australia;Australia;Accessories;Tires and Tubes;Middle Income;26-35;Male;Professional;1;45.54;27.92;2;SO000063;11843
2011;201102;Q1;Feb 2011;Pacific;Australia;Australia;Bikes;Road Bikes;Middle Income;26-35;Male;Professional;1;3329.35;1306.37;1;SO000063;11843
2011;201102;Q1;Feb 2011;Pacific;Australia;Australia;Components;Handlebars;Middle Income;36-45;Female;Professional;1;166.91;63.00;1;SO000064;11706
2011;201102;Q1;Feb 2011;Europe;Germany;Germany;Bikes;Road Bikes;Middle Income;55+;Male;Professional;1;3023.49;1252.74;1;SO000065;11868
2011;201102;Q1;Feb 2011;North America;United States;Northeast;Bikes;Mountain Bikes;Middle Income;26-35;Male;Skilled Manual;0;3126.05;1189.60;1;SO000066;11600
2011;201102;Q1;Feb 2011;North America;United States;Northeast;Bikes;Mountain Bikes;Middle Income;26-35;Male;Skilled Manual;0;744.19;291.15;1;SO000066;11600
2011;201102;Q1;Feb 2011;North America;United States;Northeast;Bikes;Road Bikes;Middle Income;26-35;Male;Skilled Manual;0;2787.86;1137.72;1;SO000066;11600
2011;201102;Q1;Feb 2011;Pacific;Australia;Australia;Components;Brakes;Middle Income;36-45;Male;Manual;1;1289.28;430.75;3;SO000067;11796
2011;201102;Q1;Feb 2011;Pacific;Australia;Australia;Accessories;Tires and Tubes;Low Income;26-35;Male;Professional;0;73.70;44.48;1;SO000068;11110
2011;201102;Q1;Feb 2011;North America;Canada;Canada;Bikes;Road Bikes;High Income;26-35;Male;Clerical;1;2742.92;1083.46;1;SO000069;11517
2011;201102;Q1;Feb 2011;North America;Canada;Canada;Bikes;Road Bikes;High Income;26-35;Male;Clerical;1;1127.39;500.38;1;SO000069;11517
2011;201102;Q1;Feb 2011;North America;United States;Northwest;Bikes;Road Bikes;Low Income;26-35;Female;Management;0;1850.26;813.91;1;SO000070;11068
2011;201102;Q1;Feb 2011;Pacific;Australia;Australia;Bikes;Mountain Bikes;High Income;46-55;Female;Professional;0;2257.54;856.04;1;SO000071;11768
2011;201102;Q1;Feb 2011;Pacific;Australia;Australia;Bikes;Road Bikes;High Income;55+;Male;Manual;1;5048.61;1941.25;3;SO000072;11285
2011;201102;Q1;Feb 2011;Pacific;Australia;Australia;Bikes;Mountain Bikes;Low Income;55+;Male;Professional;0;2720.47;1175.64;1;SO000073;11146
2011;201102;Q1;Feb 2011;Pacific;Australia;Australia;Bikes;Road Bikes;Low Income;55+;Male;Professional;1;1464.87;630.47;1;SO000074;11581
2011;201102;Q1;Feb 2011;Pacific;Australia;Australia;Bikes;Road Bikes;Middle Income;55+;Female;Manual;1;1272.38;567.01;1;SO000075;11116
2011;201102;Q1;Feb 2011;North America;United States;Southwest;Bikes;Mountain Bikes;Middle Income;26-35;Female;Clerical;0;3033.39;1318.00;1;SO000076;11785
2011;201102;Q1;Feb 2011;Pacific;Australia;Australia;Accessories;Bottles and Cages;Middle Income;46-55;Male;Skilled Manual;1;7.40;4.48;1;SO000077;11073
2011;201102;Q1;Feb 2011;Europe;France;France;Accessories;Helmets;High Income;55+;Male;Clerical;0;40.68;24.70;1;SO000078;11820
2011;201102;Q1;Feb 2011;Europe;United Kingdom;United Kingdom;Clothing;Gloves;Middle Income;26-35;Male;Skilled Manual;1;30.25;11.37;1;SO000079;11341
2011;201102;Q1;Feb 2011;Europe;United Kingdom;United Kingdom;Accessories;Helmets;Middle Income;26-35;Male;Skilled Manual;1;93.88;58.16;1;SO000079;11341
2011;201102;Q1;Feb 2011;Pacific;Australia;Australia;Bikes;Road Bikes;Middle Income;55+;Female;Skilled Manual;0;1469.09;550.17;1;SO000080;11772
2011;201102;Q1;Feb 2011;North America;United States;Southeast;Bikes;Road Bikes;Middle Income;26-35;Female;Professional;0;3371.85;1446.91;1;SO000081;11519
2011;201102;Q1;Feb 2011;North America;United States;Southeast;Bikes;Road Bikes;Middle Income;26-35;Female;Professional;0;1600.27;652.99;1;SO000081;11519
2011;201102;Q1;Feb 2011;Europe;France;France;Accessories;Tires and Tubes;Low Income;55+;Female;Professional;0;23.26;14.18;1;SO000082;11154
2011;201102;Q1;Feb 2011;Pacific;Australia;Australia;Accessories;Tires and Tubes;Middle Income;26-35;Female;Professional;1;102.93;67.64;1;SO000083;11289
2011;201103;Q1;Mar 2011;North America;United States;Central;Components;Handlebars;Middle Income;55+;Female;Clerical;0;336.01;109.63;1;SO000084;11153
2011;201103;Q1;Mar 2011;North America;Canada;Canada;Components;Handlebars;Middle Income;46-55;Female;Professional;1;791.04;251.65;3;SO000085;11130
2011;201103;Q1;Mar 2011;North America;United States;Southwest;Bikes;Mountain Bikes;High Income;26-35;Male;Skilled Manual;0;5718.14;2485.81;2;SO000086;11140
2011;201103;Q1;Mar 2011;Europe;United Kingdom;United Kingdom;Clothing;Gloves;Middle Income;55+;Male;Clerical;1;41.66;17.69;1;SO000087;11169
2011;201103;Q1;Mar 2011;Europe;United Kingdom;United Kingdom;Bikes;Mountain Bikes;Middle Income;55+;Male;Clerical;1;3351.96;1504.21;1;SO000087;11169
2011;201103;Q1;Mar 2011;Europe;United Kingdom;United Kingdom;Bikes;Road Bikes;Middle Income;46-55;Male;Management;0;4505.42;1703.98;2;SO000088;11472
2011;201103;Q1;Mar 2011;Europe;United Kingdom;United Kingdom;Clothing;Jerseys;Middle Income;46-55;Male;Management;0;73.42;28.03;1;SO000088;11472
2011;201103;Q1;Mar 2011;North America;United States;Southeast;Bikes;Road Bikes;Low Income;55+;Female;Skilled Manual;0;3484.67;1393.84;1;SO000089;11525
2011;201103;Q1;Mar 2011;North America;United States;Northwest;Clothing;Gloves;High Income;55+;Male;Management;0;105.68;43.25;2;SO000090;11028
2011;201103;Q1;Mar 2011;North America;United States;Northeast;Bikes;Mountain Bikes;High Income;46-55;Female;Professional;1;2922.92;1188.37;1;SO000091;11081
2011;201103;Q1;Mar 2011;Europe;Germany;Germany;Accessories;Bottles and Cages;Middle Income;18-25;Male;Management;1;26.54;16.81;1;SO000092;11113
2011;201103;Q1;Mar 2011;Europe;France;France;Bikes;Road Bikes;High Income;46-55;Male;Clerical;1;745.48;322.85;1;SO000093;11536
2011;201103;Q1;Mar 2011;North America;United States;Northwest;Bikes;Road Bikes;High Income;55+;Female;Management;0;2881.60;1173.30;1;SO000094;11353
2011;201103;Q1;Mar 2011;Pacific;Australia;Australia;Clothing;Jerseys;High Income;26-35;Female;Professional;1;41.71;16.34;1;SO000095;11712
2011;201103;Q1;Mar 2011;Pacific;Australia;Australia;Bikes;Mountain Bikes;Low Income;55+;Female;Skilled Manual;0;3846.92;1546.47;2;SO000096;11834
2011;201103;Q1;Mar 2011;Pacific;Australia;Australia;Bikes;Road Bikes;Low Income;55+;Female;Skilled Manual;0;1223.09;520.26;1;SO000096;11834
2011;201103;Q1;Mar 2011;Europe;France;France;Bikes;Mountain Bikes;High Income;55+;Male;Clerical;0;1527.79;619.78;1;SO000097;11376
2011;201103;Q1;Mar 2011;Pacific;Australia;Australia;Components;Brakes;Middle Income;26-35;Female;Manual;1;333.26;109.66;1;SO000098;11734
2011;201103;Q1;Mar 2011;Europe;United Kingdom;United Kingdom;Accessories;Tires and Tubes;High Income;26-35;Female;Professional;0;114.19;66.53;1;SO000099;11820
2011;201103;Q1;Mar 2011;North America;Canada;Canada;Accessories;Bottles and Cages;Middle Income;55+;Male;Manual;1;23.94;14.24;3;SO000100;11157
2011;201103;Q1;Mar 2011;Pacific;Australia;Australia;Components;Wheels;Middle Income;36-45;Female;Management;1;432.30;145.32;1;SO000101;11530
2011;201103;Q1;Mar 2011;Pacific;Australia;Australia;Clothing;Caps;Middle Income;36-45;Female;Management;1;230.22;100.70;3;SO000101;11530
2011;201103;Q1;Mar 2011;North America;Canada;Canada;Bikes;Mountain Bikes;Middle Income;36-45;Female;Management;0;8753.34;3404.51;3;SO000102;11327
2011;201103;Q1;Mar 2011;North America;Canada;Canada;Bikes;Road Bikes;Middle Income;36-45;Female;Management;0;1732.95;752.61;1;SO000102;11327
2011;201103;Q1;Mar 2011;North America;United States;Northwest;Clothing;Jerseys;Low Income;46-55;Female;Manual;1;42.19;15.44;1;SO000103;11564
2011;201103;Q1;Mar 2011;North America;United States;Northwest;Bikes;Road Bikes;Low Income;46-55;Female;Manual;1;3158.29;1365.71;1;SO000103;11564
2011;201103;Q1;Mar 2011;Pacific;Australia;Australia;Bikes;Road Bikes;Middle Income;55+;Male;Professional;0;3352.95;1379.78;1;SO000104;11655
2011;201103;Q1;Mar 2011;Europe;Germany;Germany;Bikes;Road Bikes;Low Income;55+;Female;Management;1;3336.50;1275.66;1;SO000105;11290
2011;201103;Q1;Mar 2011;Europe;Germany;Germany;Accessories;Tires and Tubes;Low Income;55+;Female;Management;1;139.64;90.21;2;SO000105;11290
2011;201103;Q1;Mar 2011;North America;United States;Central;Accessories;Tires and Tubes;Middle Income;36-45;Female;Manual;0;39.74;23.83;1;SO000106;11029
2011;201103;Q1;Mar 2011;Europe;United Kingdom;United Kingdom;Bikes;Road Bikes;Middle Income;55+;Male;Clerical;1;3112.16;1231.00;1;SO000107;11826
2011;201103;Q1;Mar 2011;Pacific;Australia;Australia;Bikes;Mountain Bikes;Low Income;46-55;Male;Skilled Manual;0;841.69;375.08;1;SO000108;11881
2011;201103;Q1;Mar 2011;North America;Canada;Canada;Bikes;Road Bikes;High Income;55+;Female;Manual;1;3161.41;1295.51;1;SO000109;11884
2011;201103;Q1;Mar 2011;Europe;France;France;Accessories;Bottles and Cages;High Income;36-45;Female;Professional;0;102.42;62.93;1;SO000110;11092
2011;201103;Q1;Mar 2011;Europe;United Kingdom;United Kingdom;Bikes;Road Bikes;Middle Income;46-55;Male;Skilled Manual;1;3469.45;1472.55;1;SO000111;11270
2011;201103;Q1;Mar 2011;North America;United States;Northwest;Bikes;Road Bikes;Middle Income;55+;Female;Manual;1;812.71;303.23;1;SO000112;11121
2011;201103;Q1;Mar 2011;North America;United States;Northwest;Accessories;Tires and Tubes;Middle Income;55+;Female;Manual;1;74.72;46.42;1;SO000112;11121
2011;201103;Q1;Mar 2011;Europe;France;France;Bikes;Road Bikes;Low Income;55+;Female;Manual;1;3078.82;1340.09;2;SO000113;11335
2011;201103;Q1;Mar 2011;North America;United States;Northwest;Accessories;Bottles and Cages;High Income;46-55;Male;Manual;1;144.22;85.61;2;SO000114;11377
2011;201103;Q1;Mar 2011;Europe;United Kingdom;United Kingdom;Bikes;Road Bikes;Low Income;55+;Male;Manual;0;2633.40;1060.81;1;SO000115;11644
2011;201103;Q1;Mar 2011;North America;Canada;Canada;Components;Saddles;High Income;55+;Male;Management;0;184.33;57.85;1;SO000116;11793
2011;201103;Q1;Mar 2011;Pacific;Australia;Australia;Bikes;Road Bikes;Middle Income;55+;Female;Manual;1;3336.16;1496.54;1;SO000117;11545
2011;201103;Q1;Mar 2011;North America;United States;Northeast;Bikes;Road Bikes;Middle Income;46-55;Female;Skilled Manual;1;3444.45;1499.96;1;SO000118;11789
2011;201103;Q1;Mar 2011;Europe;Germany;Germany;Accessories;Bottles and Cages;Low Income;55+;Male;Skilled Manual;1;66.94;43.82;1;SO000119;11791
2011;201103;Q1;Mar 2011;Europe;Germany;Germany;Accessories;Bottles and Cages;Low Income;55+;Male;Skilled Manual;1;90.20;54.04;1;SO000119;11791
2011;201103;Q1;Mar 2011;North America;Canada;Canada;Accessories;Helmets;Middle Income;26-35;Female;Skilled Manual;1;352.38;208.83;3;SO000120;11051
2011;201103;Q1;Mar 2011;Europe;France;France;Clothing;Jerseys;Middle Income;36-45;Female;Skilled Manual;1;36.26;15.20;1;SO000121;11668
2011;201103;Q1;Mar 2011;Europe;France;France;Clothing;Jerseys;Middle Income;36-45;Female;Skilled Manual;1;96.75;41.66;3;SO000121;11668
2011;201103;Q1;Mar 2011;Europe;France;France;Bikes;Road Bikes;High Income;46-55;Female;Management;1;3299.67;1309.32;1;SO000122;11180
2011;201103;Q1;Mar 2011;Europe;France;France;Bikes;Road Bikes;High Income;46-55;Female;Management;1;2082.95;927.09;1;SO000122;11180
2011;201103;Q1;Mar 2011;Pacific;Australia;Australia;Bikes;Road Bikes;Low Income;26-35;Male;Clerical;1;4579.58;1971.89;2;SO000123;11871
2011;201103;Q1;Mar 2011;Pacific;Australia;Australia;Bikes;Road Bikes;Low Income;26-35;Male;Clerical;1;6031.14;2480.14;2;SO000123;11871
2011;201103;Q1;Mar 2011;Pacific;Australia;Australia;Bikes;Road Bikes;Low Income;26-35;Female;Management;0;4636.35;1983.57;3;SO000124;11088
2011;201103;Q1;Mar 2011;North America;United States;Southwest;Accessories;Tires and Tubes;Middle Income;26-35;Male;Clerical;1;78.45;51.40;1;SO000125;11011
2011;201103;Q1;Mar 2011;North America;Canada;Canada;Bikes;Road Bikes;High Income;46-55;Female;Manual;1;5891.18;2568.84;2;SO000126;11376
2011;201104;Q2;Apr 2011;Europe;United Kingdom;United Kingdom;Bikes;Road Bikes;Middle Income;46-55;Female;Professional;0;2202.65;843.97;1;SO000127;11696
2011;201104;Q2;Apr 2011;Pacific;Australia;Australia;Bikes;Road Bikes;Middle Income;55+;Female;Professional;1;2278.95;945.09;1;SO000128;11874
2011;201104;Q2;Apr 2011;Pacific;Australia;Australia;Accessories;Tires and Tubes;Middle Income;55+;Female;Professional;1;101.06;65.22;2;SO000128;11874
2011;201104;Q2;Apr 2011;North America;United States;Northwest;Bikes;Road Bikes;Low Income;46-55;Male;Manual;0;1844.83;796.08;1;SO000129;11763
2011;201104;Q2;Apr 2011;North America;United States;Northwest;Accessories;Bottles and Cages;Low Income;46-55;Male;Manual;0;146.97;95.47;3;SO000129;11763
2011;201104;Q2;Apr 2011;North America;United States;Northwest;Clothing;Caps;Low Income;46-55;Male;Manual;0;87.49;37.62;1;SO000129;11763
2011;201104;Q2;Apr 2011;North America;Canada;Canada;Bikes;Mountain Bikes;Low Income;55+;Female;Manual;0;6879.54;2800.25;2;SO000130;11136
2011;201104;Q2;Apr 2011;North America;Canada;Canada;Accessories;Tires and Tubes;Low Income;55+;Female;Manual;0;31.41;19.38;1;SO000130;11136
2011;201104;Q2;Apr 2011;North America;United States;Northwest;Accessories;Tires and Tubes;Low Income;55+;Male;Management;0;105.30;63.14;1;SO000131;11158
2011;201104;Q2;Apr 2011;Pacific;Australia;Australia;Clothing;Shorts;Middle Income;55+;Male;Management;1;74.08;31.52;1;SO000132;11045
2011;201104;Q2;Apr 2011;North America;United States;Northeast;Components;Wheels;High Income;46-55;Female;Skilled Manual;1;236.51;80.33;1;SO000133;11242
2011;201104;Q2;Apr 2011;Europe;France;France;Bikes;Road Bikes;High Income;36-45;Female;Clerical;0;3078.15;1212.97;1;SO000134;11352
2011;201104;Q2;Apr 2011;North America;United States;Southeast;Bikes;Road Bikes;High Income;46-55;Female;Manual;0;3282.23;1436.86;1;SO000135;11724
2011;201104;Q2;Apr 2011;Pacific;Australia;Australia;Accessories;Bottles and Cages;Low Income;46-55;Male;Professional;0;104.99;63.69;1;SO000136;11094
2011;201104;Q2;Apr 2011;Pacific;Australia;Australia;Components;Brakes;Low Income;46-55;Male;Professional;0;127.41;45.78;1;SO000136;11094
2011;201104;Q2;Apr 2011;Europe;France;France;Accessories;Bottles and Cages;High Income;55+;Male;Clerical;0;46.31;27.83;1;SO000137;11764
2011;201104;Q2;Apr 2011;Europe;Germany;Germany;Bikes;Road Bikes;Low Income;55+;Female;Skilled Manual;0;5551.02;2061.08;2;SO000138;11525
2011;201104;Q2;Apr 2011;Europe;France;France;Accessories;Tires and Tubes;Middle Income;36-45;Male;Clerical;0;99.48;65.39;1;SO000139;11566
2011;201104;Q2;Apr 2011;Europe;United Kingdom;United Kingdom;Clothing;Jerseys;Low Income;55+;Male;Management;1;78.73;28.81;1;SO000140;11657
2011;201104;Q2;Apr 2011;North America;Canada;Canada;Bikes;Road Bikes;Middle Income;55+;Male;Professional;0;2485.64;1105.39;1;SO000141;11837
2011;201104;Q2;Apr 2011;North America;Canada;Canada;Bikes;Road Bikes;Low Income;46-55;Male;Professional;1;5174.58;2248.32;2;SO000142;11494
2011;201104;Q2;Apr 2011;North America;United States;Northwest;Bikes;Road Bikes;Middle Income;36-45;Female;Skilled Manual;1;1380.98;587.99;1;SO000143;11183
2011;201104;Q2;Apr 2011;North America;United States;Northwest;Bikes;Mountain Bikes;Middle Income;36-45;Female;Skilled Manual;1;3103.01;1336.67;1;SO000143;11183
2011;201104;Q2;Apr 2011;Pacific;Australia;Australia;Bikes;Road Bikes;Middle Income;26-35;Male;Management;0;3102.29;1171.51;1;SO000144;11095
2011;201104;Q2;Apr 2011;Europe;France;France;Accessories;Tires and Tubes;Low Income;55+;Female;Skilled Manual;0;139.60;81.34;2;SO000145;11540
2011;201104;Q2;Apr 2011;Europe;France;France;Components;Handlebars;Low Income;55+;Female;Skilled Manual;0;135.29;42.15;1;SO000145;11540
2011;201104;Q2;Apr 2011;Europe;France;France;Clothing;Caps;Low Income;55+;Female;Skilled Manual;0;122.85;49.77;3;SO000145;11540
2011;201104;Q2;Apr 2011;Europe;Germany;Germany;Components;Brakes;Middle Income;46-55;Female;Management;0;146.79;44.93;1;SO000146;11580
2011;201104;Q2;Apr 2011;Europe;United Kingdom;United Kingdom;Bikes;Road Bikes;High Income;36-45;Female;Clerical;1;2603.15;1100.75;1;SO000147;11619
2011;201104;Q2;Apr 2011;Europe;United Kingdom;United Kingdom;Clothing;Gloves;High Income;55+;Male;Skilled Manual;0;84.34;31.08;2;SO000148;11087
2011;201104;Q2;Apr 2011;Europe;France;France;Bikes;Road Bikes;Middle Income;36-45;Male;Professional;0;773.53;308.11;1;SO000149;11005
2011;201104;Q2;Apr 2011;Pacific;Australia;Australia;Bikes;Mountain Bikes;High Income;18-25;Female;Clerical;0;1174.83;470.47;1;SO000150;11095
2011;201104;Q2;Apr 2011;Pacific;Australia;Australia;Bikes;Road Bikes;High Income;18-25;Female;Clerical;0;1108.62;425.02;1;SO000150;11095
2011;201104;Q2;Apr 2011;Pacific;Australia;Australia;Bikes;Mountain Bikes;High Income;46-55;Male;Clerical;0;4890.63;2052.18;3;SO000151;11282
2011;201104;Q2;Apr 2011;Europe;Germany;Germany;Accessories;Bottles and Cages;Middle Income;55+;Male;Skilled Manual;1;50.80;30.76;1;SO000152;11823
2011;201104;Q2;Apr 2011;Europe;Germany;Germany;Accessories;Tires and Tubes;Middle Income;55+;Male;Skilled Manual;1;84.96;51.18;2;SO000152;11823
2011;201104;Q2;Apr 2011;Pacific;Australia;Australia;Bikes;Road Bikes;High Income;36-45;Male;Manual;0;2933.52;1280.49;1;SO000153;11804
2011;201104;Q2;Apr 2011;Pacific;Australia;Australia;Bikes;Road Bikes;High Income;36-45;Male;Manual;0;1089.70;429.59;1;SO000153;11804
2011;201104;Q2;Apr 2011;Pacific;Australia;Australia;Bikes;Mountain Bikes;High Income;36-45;Male;Manual;0;5818.82;2187.39;2;SO000153;11804
2011;201104;Q2;Apr 2011;Pacific;Australia;Australia;Bikes;Road Bikes;Middle Income;55+;Female;Manual;0;3260.32;1234.84;1;SO000154;11612
2011;201104;Q2;Apr 2011;Pacific;Australia;Australia;Bikes;Road Bikes;Middle Income;55+;Female;Manual;0;2511.60;938.19;1;SO000154;11612
2011;201104;Q2;Apr 2011;North America;Canada;Canada;Bikes;Road Bikes;High Income;46-55;Female;Professional;0;2325.45;967.43;1;SO000155;11660
2011;201104;Q2;Apr 2011;Pacific;Australia;Australia;Bikes;Mountain Bikes;High Income;46-55;Male;Skilled Manual;0;3333.89;1271.33;1;SO000156;11456
2011;201104;Q2;Apr 2011;Pacific;Australia;Australia;Bikes;Road Bikes;Middle Income;46-55;Male;Clerical;1;3077.70;1298.29;1;SO000157;11319
2011;201104;Q2;Apr 2011;Europe;Germany;Germany;Bikes;Road Bikes;Middle Income;46-55;Female;Manual;1;1221.88;516.35;1;SO000158;11693
2011;201104;Q2;Apr 2011;Europe;Germany;Germany;Bikes;Road Bikes;Middle Income;46-55;Female;Manual;1;1252.51;522.77;1;SO000158;11693
2011;201104;Q2;Apr 2011;Europe;Germany;Germany;Bikes;Road Bikes;Middle Income;46-55;Female;Manual;1;1479.37;630.66;1;SO000158;11693
2011;201104;Q2;Apr 2011;North America;United States;Northwest;Bikes;Road Bikes;High Income;46-55;Female;Skilled Manual;0;2489.50;1040.01;1;SO000159;11815
2011;201104;Q2;Apr 2011;Pacific;Australia;Australia;Bikes;Mountain Bikes;Middle Income;55+;Male;Skilled Manual;0;1212.52;515.90;1;SO000160;11625
2011;201104;Q2;Apr 2011;Pacific;Australia;Australia;Bikes;Road Bikes;Middle Income;55+;Male;Skilled Manual;0;2309.46;932.66;1;SO000160;11625
2011;201104;Q2;Apr 2011;North America;Canada;Canada;Accessories;Tires and Tubes;Middle Income;46-55;Male;Management;1;182.19;108.51;3;SO000161;11498
2011;201104;Q2;Apr 2011;North America;Canada;Canada;Bikes;Road Bikes;Middle Income;46-55;Male;Management;1;2085.92;886.05;1;SO000161;11498
2011;201104;Q2;Apr 2011;Europe;United Kingdom;United Kingdom;Bikes;Road Bikes;Middle Income;26-35;Male;Management;1;1980.50;850.43;1;SO000162;11425
2011;201104;Q2;Apr 2011;Pacific;Australia;Australia;Bikes;Mountain Bikes;Middle Income;36-45;Female;Manual;0;2960.31;1291.90;3;SO000163;11784
2011;201104;Q2;Apr 2011;Pacific;Australia;Australia;Accessories;Tires and Tubes;Middle Income;36-45;Female;Manual;0;17.42;10.47;2;SO000163;11784
2011;201104;Q2;Apr 2011;Europe;Germany;Germany;Accessories;Helmets;High Income;26-35;Male;Management;1;95.26;61.45;1;SO000164;11882
2011;201104;Q2;Apr 2011;Europe;Germany;Germany;Clothing;Shorts;High Income;26-35;Male;Management;1;61.78;23.07;1;SO000164;11882
2011;201104;Q2;Apr 2011;North America;United States;Central;Components;Wheels;Middle Income;55+;Male;Management;1;202.08;62.99;2;SO000165;11720
2011;201104;Q2;Apr 2011;North America;United States;Central;Bikes;Mountain Bikes;Middle Income;55+;Male;Management;1;5186.92;2122.26;2;SO000165;11720
2011;201104;Q2;Apr 2011;North America;United States;Central;Bikes;Road Bikes;Middle Income;55+;Male;Management;1;1750.48;658.25;1;SO000165;11720
2011;201104;Q2;Apr 2011;Europe;Germany;Germany;Bikes;Road Bikes;Middle Income;55+;Female;Clerical;1;3422.02;1439.94;1;SO000166;11813
2011;201104;Q2;Apr 2011;Pacific;Australia;Australia;Clothing;Shorts;High Income;46-55;Female;Management;1;29.14;12.48;1;SO000167;11714
2011;201104;Q2;Apr 2011;Pacific;Australia;Australia;Bikes;Road Bikes;Low Income;46-55;Female;Professional;0;3382.49;1306.27;1;SO000168;11807
2011;201104;Q2;Apr 2011;Pacific;Australia;Australia;Accessories;Bottles and Cages;Low Income;46-55;Female;Professional;0;79.42;51.62;2;SO000168;11807
2011;201104;Q2;Apr 2011;Pacific;Australia;Australia;Clothing;Jerseys;Low Income;46-55;Female;Professional;0;37.53;14.63;1;SO000168;11807
2011;201104;Q2;Apr 2011;North America;United States;Southeast;Bikes;Road Bikes;Middle Income;55+;Male;Clerical;0;2362.30;972.22;1;SO000169;11664
2011;201104;Q2;Apr 2011;North America;United States;Southeast;Bikes;Mountain Bikes;Middle Income;55+;Male;Clerical;0;2987.91;1341.73;1;SO000169;11664
2011;201104;Q2;Apr 2011;Europe;United Kingdom;United Kingdom;Bikes;Road Bikes;Low Income;46-55;Male;Professional;1;5617.68;2138.38;2;SO000170;11432
2011;201104;Q2;Apr 2011;North America;United States;Central;Accessories;Bottles and Cages;Middle Income;46-55;Male;Clerical;1;227.55;140.03;3;SO000171;11693
2011;201104;Q2;Apr 2011;North America;United States;Central;Bikes;Mountain Bikes;Middle Income;46-55;Male;Clerical;1;1044.84;447.61;1;SO000171;11693
2011;201105;Q2;May 2011;North America;United States;Northeast;Accessories;Tires and Tubes;Low Income;55+;Male;Manual;1;74.80;44.51;1;SO000172;11439
2011;201105;Q2;May 2011;North America;United States;Northeast;Bikes;Road Bikes;Low Income;55+;Male;Manual;1;3214.16;1434.72;1;SO000172;11439
2011;201105;Q2;May 2011;Pacific;Australia;Australia;Clothing;Caps;Middle Income;46-55;Male;Skilled Manual;1;67.81;28.55;1;SO000173;11506
2011;201105;Q2;May 2011;North America;United States;Central;Accessories;Bottles and Cages;Low Income;36-45;Male;Professional;1;28.96;18.04;2;SO000174;11788
2011;201105;Q2;May 2011;North America;United States;Northwest;Accessories;Helmets;Middle Income;46-55;Male;Management;1;55.31;36.30;1;SO000175;11630
2011;201105;Q2;May 2011;North America;United States;Northwest;Accessories;Helmets;High Income;26-35;Male;Skilled Manual;0;114.60;71.26;1;SO000176;11244
2011;201105;Q2;May 2011;Europe;Germany;Germany;Bikes;Road Bikes;Low Income;26-35;Female;Professional;0;2694.51;1121.27;1;SO000177;11801
2011;201105;Q2;May 2011;Pacific;Australia;Australia;Bikes;Road Bikes;Low Income;55+;Male;Skilled Manual;0;1022.93;439.11;1;SO000178;11078
2011;201105;Q2;May 2011;North America;United States;Northwest;Clothing;Caps;Low Income;46-55;Female;Management;0;37.38;16.20;1;SO000179;11002
2011;201105;Q2;May 2011;North America;United States;Northwest;Bikes;Mountain Bikes;Low Income;46-55;Female;Management;0;1034.32;438.41;1;SO000179;11002
2011;201105;Q2;May 2011;North America;United States;Northwest;Bikes;Mountain Bikes;Low Income;46-55;Female;Management;0;6895.92;3077.83;2;SO000179;11002
2011;201105;Q2;May 2011;Europe;Germany;Germany;Bikes;Road Bikes;High Income;36-45;Male;Manual;1;5541.62;2157.94;2;SO000180;11070
2011;201105;Q2;May 2011;Pacific;Australia;Australia;Bikes;Road Bikes;High Income;55+;Male;Management;0;3050.81;1342.89;1;SO000181;11377
2011;201105;Q2;May 2011;Pacific;Australia;Australia;Components;Brakes;High Income;55+;Male;Management;0;426.18;153.02;2;SO000181;11377
2011;201105;Q2;May 2011;Pacific;Australia;Australia;Bikes;Mountain Bikes;High Income;55+;Male;Management;0;1366.87;559.55;1;SO000181;11377
2011;201105;Q2;May 2011;Europe;France;France;Bikes;Road Bikes;Middle Income;26-35;Male;Manual;1;967.62;368.35;1;SO000182;11061
2011;201105;Q2;May 2011;Europe;France;France;Clothing;Jerseys;Middle Income;26-35;Male;Manual;1;24.36;10.06;1;SO000182;11061
2011;201105;Q2;May 2011;North America;United States;Southwest;Bikes;Mountain Bikes;High Income;55+;Female;Skilled Manual;1;2856.41;1081.77;1;SO000183;11133
2011;201105;Q2;May 2011;North America;United States;Southeast;Bikes;Mountain Bikes;Middle Income;26-35;Female;Management;1;2961.27;1167.74;1;SO000184;11108
2011;201105;Q2;May 2011;Europe;United Kingdom;United Kingdom;Bikes;Mountain Bikes;Low Income;55+;Male;Professional;0;1428.47;641.75;1;SO000185;11721
2011;201105;Q2;May 2011;Europe;United Kingdom;United Kingdom;Bikes;Road Bikes;Low Income;55+;Male;Professional;0;4513.34;1868.57;2;SO000185;11721
2011;201105;Q2;May 2011;Europe;United Kingdom;United Kingdom;Bikes;Mountain Bikes;Low Income;55+;Male;Professional;0;2182.84;809.74;2;SO000185;11721
2011;201105;Q2;May 2011;Europe;United Kingdom;United Kingdom;Bikes;Mountain Bikes;Low Income;55+;Female;Professional;1;2508.76;1090.67;1;SO000186;11850
2011;201105;Q2;May 2011;Europe;United Kingdom;United Kingdom;Bikes;Road Bikes;Low Income;55+;Female;Professional;1;3338.39;1248.73;1;SO000186;11850
2011;201105;Q2;May 2011;Europe;United Kingdom;United Kingdom;Components;Saddles;Low Income;55+;Female;Professional;1;443.40;134.07;2;SO000186;11850
2011;201105;Q2;May 2011;Pacific;Australia;Australia;Accessories;Bottles and Cages;Low Income;36-45;Female;Clerical;0;62.37;40.58;1;SO000187;11699
2011;201105;Q2;May 2011;North America;United States;Southwest;Clothing;Shorts;Middle Income;46-55;Male;Manual;0;74.70;28.95;1;SO000188;11490
2011;201105;Q2;May 2011;North America;United States;Southwest;Bikes;Road Bikes;Middle Income;46-55;Male;Manual;0;1203.48;475.99;1;SO000188;11490
2011;201105;Q2;May 2011;North America;United States;Southwest;Bikes;Road Bikes;Middle Income;46-55;Male;Manual;0;3476.29;1433.46;1;SO000188;11490
2011;201105;Q2;May 2011;Pacific;Australia;Australia;Components;Saddles;High Income;26-35;Male;Skilled Manual;0;426.04;156.62;1;SO000189;11785
2011;201105;Q2;May 2011;Pacific;Australia;Australia;Bikes;Road Bikes;High Income;26-35;Male;Skilled Manual;0;2766.69;1103.09;1;SO000189;11785
2011;201105;Q2;May 2011;North America;United States;Southwest;Bikes;Mountain Bikes;High Income;46-55;Male;Clerical;1;1312.67;540.97;1;SO000190;11605
2011;201105;Q2;May 2011;North America;United States;Central;Accessories;Bottles and Cages;Low Income;26-35;Male;Skilled Manual;0;204.70;132.82;2;SO000191;11000
2011;201105;Q2;May 2011;Pacific;Australia;Australia;Bikes;Road Bikes;Middle Income;46-55;Female;Management;0;7553.10;2899.91;3;SO000192;11074
2011;201105;Q2;May 2011;Pacific;Australia;Australia;Components;Handlebars;Middle Income;46-55;Female;Management;0;310.92;97.64;1;SO000192;11074
2011;201105;Q2;May 2011;Europe;United Kingdom;United Kingdom;Bikes;Road Bikes;Low Income;55+;Female;Manual;0;2283.54;1016.03;1;SO000193;11314
2011;201105;Q2;May 2011;North America;United States;Northwest;Bikes;Mountain Bikes;Low Income;55+;Male;Professional;1;1681.35;727.96;1;SO000194;11144
2011;201105;Q2;May 2011;North America;United States;Southeast;Bikes;Road Bikes;Middle Income;46-55;Male;Clerical;1;2042.57;896.94;1;SO000195;11737
2011;201105;Q2;May 2011;North America;United States;Southeast;Accessories;Bottles and Cages;Middle Income;46-55;Male;Clerical;1;13.48;8.73;1;SO000195;11737
2011;201105;Q2;May 2011;North America;United States;Southwest;Bikes;Mountain Bikes;High Income;26-35;Male;Clerical;0;3458.77;1526.90;1;SO000196;11301
2011;201105;Q2;May 2011;North America;United States;Southwest;Accessories;Tires and Tubes;High Income;26-35;Male;Clerical;0;107.32;63.59;1;SO000196;11301
2011;201105;Q2;May 2011;North America;United States;Northeast;Bikes;Road Bikes;Middle Income;46-55;Female;Skilled Manual;1;2074.66;776.67;1;SO000197;11103
2011;201105;Q2;May 2011;Pacific;Australia;Australia;Bikes;Road Bikes;High Income;46-55;Female;Management;0;6078.00;2305.03;3;SO000198;11003
2011;201105;Q2;May 2011;Pacific;Australia;Australia;Bikes;Road Bikes;High Income;36-45;Female;Management;1;1931.27;755.27;1;SO000199;11803
2011;201105;Q2;May 2011;Pacific;Australia;Australia;Clothing;Jerseys;High Income;36-45;Female;Management;1;68.75;25.28;1;SO000199;11803
2011;201105;Q2;May 2011;Pacific;Australia;Australia;Accessories;Tires and Tubes;High Income;46-55;Male;Clerical;1;119.54;70.09;2;SO000200;11684
2011;201105;Q2;May 2011;Pacific;Australia;Australia;Clothing;Jerseys;High Income;46-55;Male;Clerical;1;83.03;35.21;1;SO000200;11684
2011;201105;Q2;May 2011;Pacific;Australia;Australia;Accessories;Bottles and Cages;High Income;46-55;Male;Clerical;1;92.08;54.68;1;SO000200;11684
2011;201105;Q2;May 2011;Europe;France;France;Bikes;Road Bikes;Low Income;46-55;Female;Management;0;2662.89;1067.95;3;SO000201;11171
2011;201105;Q2;May 2011;Europe;France;France;Bikes;Road Bikes;Low Income;46-55;Female;Management;0;4310.26;1911.05;2;SO000201;11171
2011;201105;Q2;May 2011;Europe;United Kingdom;United Kingdom;Clothing;Shorts;Low Income;26-35;Male;Professional;0;76.98;31.75;2;SO000202;11012
2011;201105;Q2;May 2011;Europe;United Kingdom;United Kingdom;Bikes;Road Bikes;Low Income;26-35;Male;Professional;0;1471.16;561.26;1;SO000202;11012
2011;201105;Q2;May 2011;Europe;United Kingdom;United Kingdom;Components;Handlebars;Low Income;55+;Female;Management;0;416.00;134.89;1;SO000203;11623
2011;201105;Q2;May 2011;Europe;United Kingdom;United Kingdom;Bikes;Road Bikes;Low Income;55+;Female;Management;0;5235.18;2344.31;2;SO000203;11623
2011;201105;Q2;May 2011;North America;United States;Southeast;Bikes;Road Bikes;High Income;36-45;Female;Manual;0;5653.16;2483.86;2;SO000204;11233
2011;201105;Q2;May 2011;North America;United States;Northeast;Clothing;Gloves;Low Income;55+;Female;Management;0;74.92;29.71;2;SO000205;11840
2011;201105;Q2;May 2011;Europe;United Kingdom;United Kingdom;Bikes;Road Bikes;Middle Income;46-55;Female;Professional;0;3137.35;1308.12;1;SO000206;11369
2011;201105;Q2;May 2011;Pacific;Australia;Australia;Clothing;Gloves;High Income;55+;Female;Professional;1;130.64;54.11;2;SO000207;11358
2011;201105;Q2;May 2011;North America;Canada;Canada;Accessories;Helmets;High Income;55+;Male;Clerical;0;74.96;49.13;1;SO000208;11275
2011;201105;Q2;May 2011;North America;Canada;Canada;Accessories;Tires and Tubes;High Income;55+;Male;Clerical;0;48.29;29.36;1;SO000208;11275
2011;201105;Q2;May 2011;North America;United States;Southwest;Components;Handlebars;Middle Income;55+;Female;Manual;0;313.14;101.02;1;SO000209;11258
2011;201105;Q2;May 2011;North America;United States;Northwest;Components;Handlebars;Middle Income;36-45;Female;Skilled Manual;1;277.96;88.73;1;SO000210;11700
2011;201105;Q2;May 2011;North America;United States;Northwest;Bikes;Road Bikes;Middle Income;36-45;Female;Skilled Manual;1;1594.84;607.94;1;SO000210;11700
2011;201105;Q2;May 2011;North America;Canada;Canada;Accessories;Tires and Tubes;Middle Income;46-55;Female;Professional;0;39.52;23.46;1;SO000211;11026
2011;201106;Q2;Jun 2011;North America;United States;Northwest;Bikes;Road Bikes;Middle Income;55+;Male;Skilled Manual;0;3183.16;1272.42;1;SO000212;11571
2011;201106;Q2;Jun 2011;North America;United States;Northwest;Clothing;Caps;Middle Income;55+;Male;Clerical;0;48.92;21.02;1;SO000213;11599
2011;201106;Q2;Jun 2011;North America;United States;Northeast;Bikes;Mountain Bikes;Middle Income;55+;Female;Management;1;2466.89;947.65;1;SO000214;11154
2011;201106;Q2;Jun 2011;North America;United States;Northeast;Accessories;Helmets;Middle Income;55+;Female;Management;1;29.08;18.67;1;SO000214;11154
2011;201106;Q2;Jun 2011;Europe;United Kingdom;United Kingdom;Bikes;Road Bikes;High Income;55+;Male;Manual;1;805.63;310.94;1;SO000215;11590
2011;201106;Q2;Jun 2011;Europe;United Kingdom;United Kingdom;Bikes;Mountain Bikes;High Income;55+;Male;Manual;1;5638.34;2325.72;2;SO000215;11590
2011;201106;Q2;Jun 2011;North America;Canada;Canada;Accessories;Bottles and Cages;Low Income;55+;Female;Management;0;10.26;6.73;1;SO000216;11018
2011;201106;Q2;Jun 2011;Europe;United Kingdom;United Kingdom;Bikes;Road Bikes;Middle Income;55+;Male;Skilled Manual;1;1328.10;596.04;1;SO000217;11466
2011;201106;Q2;Jun 2011;Europe;United Kingdom;United Kingdom;Accessories;Helmets;Low Income;55+;Male;Clerical;1;80.16;46.62;1;SO000218;11216
2011;201106;Q2;Jun 2011;Europe;United Kingdom;United Kingdom;Accessories;Bottles and Cages;Low Income;55+;Male;Clerical;1;67.94;41.98;1;SO000218;11216
2011;201106;Q2;Jun 2011;North America;United States;Northwest;Clothing;Jerseys;Middle Income;55+;Female;Manual;0;74.93;29.96;1;SO000219;11156
2011;201106;Q2;Jun 2011;North America;United States;Southwest;Bikes;Mountain Bikes;High Income;55+;Female;Clerical;1;2045.86;795.35;1;SO000220;11623
2011;201106;Q2;Jun 2011;North America;Canada;Canada;Bikes;Road Bikes;High Income;55+;Male;Professional;0;1978.90;886.91;1;SO000221;11013
2011;201106;Q2;Jun 2011;North America;Canada;Canada;Bikes;Mountain Bikes;High Income;55+;Male;Professional;0;1189.17;443.75;1;SO000221;11013
2011;201106;Q2;Jun 2011;Pacific;Australia;Australia;Bikes;Road Bikes;Middle Income;26-35;Male;Professional;0;6748.50;2641.80;2;SO000222;11297
2011;201106;Q2;Jun 2011;Pacific;Australia;Australia;Accessories;Tires and Tubes;Middle Income;26-35;Male;Professional;0;52.06;31.86;2;SO000222;11297
2011;201106;Q2;Jun 2011;North America;United States;Southeast;Accessories;Bottles and Cages;Middle Income;46-55;Female;Management;0;109.79;67.92;1;SO000223;11467
2011;201106;Q2;Jun 2011;North America;Canada;Canada;Bikes;Road Bikes;Middle Income;55+;Male;Management;1;877.34;370.59;1;SO000224;11582
2011;201106;Q2;Jun 2011;North America;Canada;Canada;Bikes;Road Bikes;Middle Income;55+;Male;Management;1;2782.15;1190.49;1;SO000224;11582
2011;201106;Q2;Jun 2011;North America;Canada;Canada;Bikes;Road Bikes;Middle Income;55+;Male;Management;1;4306.96;1830.71;2;SO000224;11582
2011;201106;Q2;Jun 2011;North America;United States;Northeast;Components;Saddles;Middle Income;55+;Female;Management;0;879.86;269.23;2;SO000225;11633
2011;201106;Q2;Jun 2011;North America;United States;Southwest;Bikes;Road Bikes;High Income;26-35;Male;Manual;1;2304.50;868.89;1;SO000226;11503
2011;201106;Q2;Jun 2011;Pacific;Australia;Australia;Bikes;Mountain Bikes;High Income;55+;Male;Professional;1;5833.98;2608.10;2;SO000227;11510
2011;201106;Q2;Jun 2011;North America;United States;Central;Clothing;Caps;Middle Income;55+;Female;Skilled Manual;1;73.72;30.08;1;SO000228;11652
2011;201106;Q2;Jun 2011;North America;United States;Central;Accessories;Tires and Tubes;Middle Income;55+;Female;Skilled Manual;1;36.22;23.21;2;SO000228;11652
2011;201106;Q2;Jun 2011;North America;United States;Southwest;Bikes;Mountain Bikes;High Income;55+;Female;Manual;1;3001.15;1288.70;1;SO000229;11227
2011;201106;Q2;Jun 2011;North America;United States;Southwest;Bikes;Road Bikes;High Income;55+;Female;Manual;1;1225.12;544.46;1;SO000229;11227
2011;201106;Q2;Jun 2011;North America;United States;Northeast;Bikes;Road Bikes;Middle Income;26-35;Female;Professional;0;2111.75;944.18;1;SO000230;11402
2011;201106;Q2;Jun 2011;North America;United States;Northeast;Bikes;Road Bikes;Middle Income;26-35;Female;Professional;0;3318.86;1450.69;1;SO000230;11402
2011;201106;Q2;Jun 2011;Europe;France;France;Accessories;Tires and Tubes;Middle Income;36-45;Male;Professional;1;49.24;32.42;1;SO000231;11494
2011;201106;Q2;Jun 2011;Europe;France;France;Clothing;Gloves;Middle Income;36-45;Male;Professional;1;87.45;38.27;1;SO000231;11494
2011;201106;Q2;Jun 2011;Europe;Germany;Germany;Components;Wheels;Middle Income;55+;Female;Manual;1;327.12;105.74;1;SO000232;11463
2011;201106;Q2;Jun 2011;Europe;Germany;Germany;Bikes;Road Bikes;Middle Income;55+;Female;Manual;1;2689.11;1204.76;1;SO000232;11463
2011;201106;Q2;Jun 2011;Pacific;Australia;Australia;Clothing;Shorts;Middle Income;55+;Female;Manual;1;99.14;35.79;2;SO000233;11182
2011;201106;Q2;Jun 2011;Pacific;Australia;Australia;Bikes;Road Bikes;Middle Income;55+;Female;Manual;1;2576.71;994.59;1;SO000233;11182
2011;201106;Q2;Jun 2011;Europe;United Kingdom;United Kingdom;Bikes;Road Bikes;Middle Income;26-35;Male;Skilled Manual;0;3130.50;1343.48;1;SO000234;11768
2011;201106;Q2;Jun 2011;Europe;United Kingdom;United Kingdom;Clothing;Caps;Middle Income;26-35;Male;Skilled Manual;0;74.90;31.75;1;SO000234;11768
2011;201106;Q2;Jun 2011;Europe;United Kingdom;United Kingdom;Bikes;Road Bikes;High Income;46-55;Female;Manual;0;6218.50;2521.26;2;SO000235;11294
2011;201106;Q2;Jun 2011;Europe;France;France;Components;Brakes;High Income;46-55;Male;Management;1;119.95;40.92;1;SO000236;11230
2011;201106;Q2;Jun 2011;North America;United States;Southwest;Components;Brakes;Middle Income;26-35;Female;Professional;1;188.41;57.29;1;SO000237;11386
2011;201106;Q2;Jun 2011;North America;Canada;Canada;Components;Brakes;Middle Income;46-55;Female;Professional;1;226.62;77.83;2;SO000238;11640
2011;201106;Q2;Jun 2011;North America;United States;Northeast;Accessories;Tires and Tubes;High Income;55+;Female;Skilled Manual;1;235.66;136.85;2;SO000239;11413
2011;201106;Q2;Jun 2011;Pacific;Australia;Australia;Clothing;Jerseys;High Income;46-55;Male;Professional;1;57.82;22.12;1;SO000240;11684
2011;201106;Q2;Jun 2011;Europe;Germany;Germany;Bikes;Road Bikes;Middle Income;46-55;Female;Professional;1;968.68;433.71;1;SO000241;11529
2011;201106;Q2;Jun 2011;Europe;Germany;Germany;Accessories;Helmets;Middle Income;46-55;Female;Professional;1;29.24;18.43;1;SO000241;11529
2011;201106;Q2;Jun 2011;Europe;Germany;Germany;Accessories;Helmets;High Income;36-45;Female;Professional;0;11.24;7.23;1;SO000242;11218
2011;201106;Q2;Jun 2011;North America;United States;Northeast;Bikes;Mountain Bikes;High Income;46-55;Female;Clerical;1;2495.98;1046.98;1;SO000243;11571
2011;201106;Q2;Jun 2011;Europe;United Kingdom;United Kingdom;Bikes;Road Bikes;Middle Income;26-35;Male;Skilled Manual;1;3001.94;1118.12;1;SO000244;11774
2011;201106;Q2;Jun 2011;Europe;United Kingdom;United Kingdom;Bikes;Mountain Bikes;Middle Income;26-35;Male;Skilled Manual;1;1794.78;778.57;1;SO000244;11774
2011;201106;Q2;Jun 2011;North America;United States;Northeast;Bikes;Road Bikes;Middle Income;55+;Female;Professional;0;2233.07;841.44;1;SO000245;11558
2011;201106;Q2;Jun 2011;Europe;United Kingdom;United Kingdom;Clothing;Gloves;Low Income;55+;Male;Management;0;66.97;27.15;1;SO000246;11215
2011;201106;Q2;Jun 2011;Europe;Germany;Germany;Accessories;Tires and Tubes;Middle Income;26-35;Male;Skilled Manual;0;82.20;49.22;1;SO000247;11055
2011;201106;Q2;Jun 2011;North America;Canada;Canada;Bikes;Road Bikes;Middle Income;46-55;Female;Manual;0;3516.57;1389.25;3;SO000248;11291
2011;201106;Q2;Jun 2011;North America;United States;Southeast;Accessories;Tires and Tubes;Middle Income;46-55;Female;Clerical;1;79.24;46.48;1;SO000249;11804
2011;201106;Q2;Jun 2011;Europe;Germany;Germany;Accessories;Tires and Tubes;High Income;36-45;Male;Professional;0;9.22;5.54;1;SO000250;11287
2011;201106;Q2;Jun 2011;Europe;Germany;Germany;Clothing;Caps;High Income;36-45;Male;Professional;0;30.40;11.90;1;SO000250;11287
2011;201106;Q2;Jun 2011;Pacific;Australia;Australia;Accessories;Bottles and Cages;Low Income;46-55;Male;Clerical;1;42.28;25.06;2;SO000251;11790
2011;201106;Q2;Jun 2011;Europe;France;France;Bikes;Road Bikes;High Income;46-55;Female;Professional;0;819.86;316.91;1;SO000252;11579
2011;201106;Q2;Jun 2011;Europe;France;France;Clothing;Shorts;High Income;46-55;Female;Professional;0;84.25;36.27;1;SO000252;11579
2011;201106;Q2;Jun 2011;Europe;France;France;Bikes;Road Bikes;Low Income;55+;Female;Skilled Manual;0;3039.31;1250.17;1;SO000253;11040
2011;201106;Q2;Jun 2011;Europe;France;France;Bikes;Mountain Bikes;Middle Income;46-55;Female;Clerical;1;1343.97;552.59;1;SO000254;11385
2011;201106;Q2;Jun 2011;Europe;France;France;Bikes;Mountain Bikes;Middle Income;46-55;Female;Clerical;1;1714.22;732.63;1;SO000254;11385
2011;201107;Q3;Jul 2011;Pacific;Australia;Australia;Accessories;Helmets;High Income;46-55;Female;Clerical;0;19.71;12.37;1;SO000255;11235
2011;201107;Q3;Jul 2011;North America;Canada;Canada;Bikes;Road Bikes;High Income;26-35;Male;Skilled Manual;0;3159.83;1353.16;1;SO000256;11137
2011;201107;Q3;Jul 2011;North America;United States;Northwest;Bikes;Mountain Bikes;Low Income;46-55;Female;Clerical;0;5994.54;2305.20;2;SO000257;11841
2011;201107;Q3;Jul 2011;Pacific;Australia;Australia;Bikes;Mountain Bikes;High Income;46-55;Female;Manual;0;2163.59;957.92;1;SO000258;11675
2011;201107;Q3;Jul 2011;Pacific;Australia;Australia;Accessories;Helmets;Middle Income;36-45;Male;Manual;0;188.22;118.94;2;SO000259;11700
2011;201107;Q3;Jul 2011;Pacific;Australia;Australia;Accessories;Helmets;Middle Income;46-55;Female;Clerical;1;34.27;21.98;1;SO000260;11534
2011;201107;Q3;Jul 2011;North America;United States;Central;Bikes;Mountain Bikes;High Income;46-55;Male;Professional;0;1275.17;553.86;1;SO000261;11879
2011;201107;Q3;Jul 2011;Pacific;Australia;Australia;Accessories;Helmets;Middle Income;46-55;Female;Manual;1;95.14;58.85;1;SO000262;11418
2011;201107;Q3;Jul 2011;Pacific;Australia;Australia;Accessories;Bottles and Cages;Middle Income;36-45;Female;Clerical;0;85.42;50.65;1;SO000263;11379
2011;201107;Q3;Jul 2011;Pacific;Australia;Australia;Bikes;Road Bikes;Middle Income;36-45;Female;Clerical;0;5884.78;2466.44;2;SO000263;11379
2011;201107;Q3;Jul 2011;Europe;United Kingdom;United Kingdom;Bikes;Mountain Bikes;Middle Income;55+;Male;Management;1;1738.34;727.88;1;SO000264;11700
2011;201107;Q3;Jul 2011;Europe;United Kingdom;United Kingdom;Accessories;Tires and Tubes;Middle Income;55+;Male;Management;1;37.94;24.93;1;SO000264;11700
2011;201107;Q3;Jul 2011;Europe;United Kingdom;United Kingdom;Bikes;Mountain Bikes;Middle Income;55+;Male;Management;1;1929.12;744.90;1;SO000264;11700
2011;201107;Q3;Jul 2011;Europe;France;France;Bikes;Road Bikes;Low Income;55+;Male;Manual;0;1140.85;513.09;1;SO000265;11672
2011;201107;Q3;Jul 2011;Europe;France;France;Accessories;Tires and Tubes;Low Income;55+;Male;Manual;0;51.63;30.77;1;SO000265;11672
2011;201107;Q3;Jul 2011;Europe;United Kingdom;United Kingdom;Components;Saddles;High Income;46-55;Female;Skilled Manual;1;913.38;293.09;3;SO000266;11015
2011;201107;Q3;Jul 2011;Pacific;Australia;Australia;Clothing;Shorts;Middle Income;46-55;Male;Manual;1;87.62;35.49;1;SO000267;11416
2011;201107;Q3;Jul 2011;Pacific;Australia;Australia;Accessories;Tires and Tubes;Middle Income;46-55;Male;Manual;1;173.31;106.91;3;SO000267;11416
2011;201107;Q3;Jul 2011;Europe;Germany;Germany;Bikes;Road Bikes;Low Income;26-35;Male;Management;1;3030.10;1181.32;1;SO000268;11600
2011;201107;Q3;Jul 2011;Pacific;Australia;Australia;Bikes;Mountain Bikes;Low Income;55+;Female;Skilled Manual;1;7838.10;3470.67;3;SO000269;11095
2011;201107;Q3;Jul 2011;Europe;United Kingdom;United Kingdom;Clothing;Shorts;High Income;55+;Male;Management;0;27.47;11.91;1;SO000270;11510
2011;201107;Q3;Jul 2011;Europe;United Kingdom;United Kingdom;Accessories;Tires and Tubes;High Income;55+;Male;Management;0;103.57;68.01;1;SO000270;11510
2011;201107;Q3;Jul 2011;Pacific;Australia;Australia;Clothing;Shorts;Middle Income;55+;Female;Clerical;0;72.51;26.85;1;SO000271;11868
2011;201107;Q3;Jul 2011;Pacific;Australia;Australia;Bikes;Road Bikes;Middle Income;55+;Female;Clerical;0;2214.15;908.24;1;SO000271;11868
2011;201107;Q3;Jul 2011;Pacific;Australia;Australia;Bikes;Road Bikes;Middle Income;55+;Female;Clerical;0;3960.30;1503.45;2;SO000271;11868
2011;201107;Q3;Jul 2011;Pacific;Australia;Australia;Bikes;Road Bikes;Low Income;36-45;Male;Skilled Manual;1;1454.34;649.63;1;SO000272;11530
2011;201107;Q3;Jul 2011;Pacific;Australia;Australia;Bikes;Mountain Bikes;Low Income;36-45;Male;Skilled Manual;1;1289.49;549.40;1;SO000272;11530
2011;201107;Q3;Jul 2011;Pacific;Australia;Australia;Accessories;Bottles and Cages;Middle Income;36-45;Male;Manual;0;103.48;61.64;1;SO000273;11381
2011;201107;Q3;Jul 2011;Pacific;Australia;Australia;Clothing;Gloves;Middle Income;36-45;Male;Manual;0;20.68;8.14;1;SO000273;11381
2011;201107;Q3;Jul 2011;Europe;France;France;Bikes;Road Bikes;High Income;36-45;Male;Clerical;0;2463.61;1000.20;1;SO000274;11137
2011;201107;Q3;Jul 2011;Europe;France;France;Bikes;Road Bikes;High Income;36-45;Male;Clerical;0;2260.98;983.08;1;SO000274;11137
2011;201107;Q3;Jul 2011;North America;United States;Northwest;Bikes;Road Bikes;Middle Income;55+;Male;Manual;0;2064.98;885.72;1;SO000275;11352
2011;201107;Q3;Jul 2011;North America;United States;Northwest;Clothing;Caps;Middle Income;55+;Male;Manual;0;52.46;22.90;1;SO000275;11352
2011;201107;Q3;Jul 2011;North America;United States;Northwest;Clothing;Shorts;Middle Income;55+;Male;Manual;0;62.86;24.67;1;SO000275;11352
2011;201107;Q3;Jul 2011;North America;United States;Southwest;Bikes;Road Bikes;Low Income;36-45;Female;Skilled Manual;1;4317.24;1752.90;2;SO000276;11073
2011;201107;Q3;Jul 2011;North America;United States;Northwest;Bikes;Mountain Bikes;Low Income;36-45;Female;Professional;0;6074.76;2273.82;3;SO000277;11171
2011;201107;Q3;Jul 2011;Pacific;Australia;Australia;Accessories;Tires and Tubes;Low Income;46-55;Male;Clerical;1;65.58;38.93;1;SO000278;11789
2011;201107;Q3;Jul 2011;North America;Canada;Canada;Components;Wheels;High Income;46-55;Female;Manual;1;250.01;89.98;1;SO000279;11035
2011;201107;Q3;Jul 2011;Pacific;Australia;Australia;Bikes;Mountain Bikes;High Income;46-55;Male;Professional;1;700.26;304.77;1;SO000280;11898
2011;201107;Q3;Jul 2011;North America;United States;Southwest;Bikes;Road Bikes;Middle Income;18-25;Female;Clerical;1;2930.95;1212.99;1;SO000281;11868
2011;201107;Q3;Jul 2011;Pacific;Australia;Australia;Bikes;Mountain Bikes;Middle Income;36-45;Female;Clerical;0;2939.89;1231.98;1;SO000282;11193
2011;201107;Q3;Jul 2011;Europe;United Kingdom;United Kingdom;Bikes;Road Bikes;Middle Income;46-55;Female;Clerical;0;1974.96;802.27;1;SO000283;11710
2011;201107;Q3;Jul 2011;Europe;United Kingdom;United Kingdom;Accessories;Helmets;Middle Income;46-55;Female;Clerical;0;22.50;14.80;1;SO000283;11710
2011;201107;Q3;Jul 2011;North America;United States;Northwest;Bikes;Mountain Bikes;Middle Income;26-35;Female;Professional;0;1572.41;682.36;1;SO000284;11022
2011;201107;Q3;Jul 2011;Pacific;Australia;Australia;Bikes;Road Bikes;Middle Income;55+;Male;Professional;1;3207.96;1251.12;1;SO000285;11380
2011;201107;Q3;Jul 2011;Pacific;Australia;Australia;Bikes;Mountain Bikes;Middle Income;55+;Male;Professional;1;2850.81;1111.58;1;SO000285;11380
2011;201107;Q3;Jul 2011;Europe;France;France;Accessories;Tires and Tubes;High Income;26-35;Female;Professional;0;69.72;44.50;3;SO000286;11789
2011;201107;Q3;Jul 2011;Europe;France;France;Bikes;Mountain Bikes;Middle Income;55+;Male;Skilled Manual;0;1915.65;711.10;1;SO000287;11762
2011;201107;Q3;Jul 2011;Europe;France;France;Clothing;Jerseys;Middle Income;55+;Male;Skilled Manual;0;37.02;16.20;1;SO000287;11762
2011;201107;Q3;Jul 2011;Europe;United Kingdom;United Kingdom;Accessories;Tires and Tubes;Middle Income;36-45;Male;Management;0;358.95;226.14;3;SO000288;11595
2011;201107;Q3;Jul 2011;Pacific;Australia;Australia;Bikes;Road Bikes;Middle Income;55+;Male;Clerical;0;5910.94;2394.51;2;SO000289;11061
2011;201107;Q3;Jul 2011;North America;United States;Southeast;Bikes;Road Bikes;Middle Income;26-35;Male;Clerical;1;1222.55;486.35;1;SO000290;11197
2011;201107;Q3;Jul 2011;Pacific;Australia;Australia;Accessories;Tires and Tubes;Low Income;36-45;Female;Skilled Manual;1;7.15;4.64;1;SO000291;11749
2011;201108;Q3;Aug 2011;North America;United States;Northwest;Bikes;Road Bikes;Middle Income;46-55;Female;Management;1;2494.53;945.02;1;SO000292;11244
2011;201108;Q3;Aug 2011;North America;United States;Northwest;Bikes;Mountain Bikes;Middle Income;46-55;Female;Management;1;3325.84;1278.09;1;SO000292;11244
2011;201108;Q3;Aug 2011;North America;United States;Southeast;Bikes;Road Bikes;Low Income;26-35;Female;Clerical;1;3304.59;1277.88;1;SO000293;11032
2011;201108;Q3;Aug 2011;Europe;France;France;Clothing;Jerseys;Middle Income;55+;Female;Manual;1;77.22;28.05;2;SO000294;11503
2011;201108;Q3;Aug 2011;Europe;France;France;Bikes;Road Bikes;Middle Income;55+;Female;Manual;1;1304.52;536.89;1;SO000294;11503
2011;201108;Q3;Aug 2011;Europe;United Kingdom;United Kingdom;Bikes;Road Bikes;Low Income;46-55;Male;Manual;0;2488.15;991.87;1;SO000295;11103
2011;201108;Q3;Aug 2011;Europe;United Kingdom;United Kingdom;Accessories;Bottles and Cages;High Income;36-45;Male;Manual;1;204.78;135.10;3;SO000296;11469
2011;201108;Q3;Aug 2011;Pacific;Australia;Australia;Bikes;Road Bikes;High Income;36-45;Male;Manual;0;3392.62;1376.73;1;SO000297;11865
2011;201108;Q3;Aug 2011;North America;United States;Northwest;Bikes;Road Bikes;High Income;46-55;Male;Skilled Manual;0;3001.43;1276.14;1;SO000298;11406
2011;201108;Q3;Aug 2011;Europe;France;France;Accessories;Bottles and Cages;Low Income;46-55;Male;Management;1;39.53;24.73;1;SO000299;11282
2011;201108;Q3;Aug 2011;Europe;France;France;Bikes;Road Bikes;High Income;55+;Male;Clerical;0;3536.66;1529.29;2;SO000300;11582
2011;201108;Q3;Aug 2011;North America;United States;Southeast;Accessories;Helmets;Middle Income;55+;Male;Manual;0;9.74;6.07;1;SO000301;11789
2011;201108;Q3;Aug 2011;North America;United States;Southeast;Bikes;Road Bikes;Middle Income;55+;Male;Manual;0;1128.95;478.55;1;SO000301;11789
2011;201108;Q3;Aug 2011;Europe;France;France;Bikes;Road Bikes;Low Income;36-45;Female;Management;0;1817.74;684.94;1;SO000302;11402
2011;201108;Q3;Aug 2011;Pacific;Australia;Australia;Bikes;Road Bikes;High Income;46-55;Male;Clerical;1;6503.67;2532.43;3;SO000303;11513
2011;201108;Q3;Aug 2011;Pacific;Australia;Australia;Bikes;Road Bikes;High Income;46-55;Male;Clerical;1;3287.59;1239.97;1;SO000303;11513
2011;201108;Q3;Aug 2011;Pacific;Australia;Australia;Accessories;Tires and Tubes;Middle Income;36-45;Male;Skilled Manual;0;10.16;6.56;1;SO000304;11687
2011;201108;Q3;Aug 2011;Pacific;Australia;Australia;Bikes;Road Bikes;Middle Income;36-45;Male;Skilled Manual;0;2739.76;1032.52;1;SO000304;11687
2011;201108;Q3;Aug 2011;Pacific;Australia;Australia;Accessories;Bottles and Cages;Middle Income;36-45;Male;Skilled Manual;0;334.71;217.39;3;SO000304;11687
2011;201108;Q3;Aug 2011;North America;United States;Southwest;Accessories;Bottles and Cages;Middle Income;26-35;Female;Clerical;0;65.18;39.15;1;SO000305;11839
2011;201108;Q3;Aug 2011;North America;Canada;Canada;Bikes;Mountain Bikes;Middle Income;55+;Female;Manual;0;4860.60;1819.06;2;SO000306;11494
2011;201108;Q3;Aug 2011;Europe;France;France;Clothing;Caps;Middle Income;36-45;Female;Professional;0;46.65;20.44;1;SO000307;11670
2011;201108;Q3;Aug 2011;Europe;Germany;Germany;Accessories;Helmets;High Income;46-55;Male;Management;1;65.88;39.97;1;SO000308;11101
2011;201108;Q3;Aug 2011;Europe;United Kingdom;United Kingdom;Accessories;Helmets;Middle Income;46-55;Female;Management;1;342.45;204.80;3;SO000309;11402
2011;201108;Q3;Aug 2011;Europe;United Kingdom;United Kingdom;Bikes;Road Bikes;Middle Income;46-55;Female;Management;1;945.83;378.88;1;SO000309;11402
2011;201108;Q3;Aug 2011;North America;Canada;Canada;Bikes;Road Bikes;Middle Income;46-55;Female;Skilled Manual;1;2215.79;961.67;1;SO000310;11694
2011;201108;Q3;Aug 2011;North America;United States;Central;Bikes;Road Bikes;High Income;46-55;Male;Manual;0;1589.27;699.87;1;SO000311;11883
2011;201108;Q3;Aug 2011;North America;United States;Southwest;Clothing;Shorts;High Income;46-55;Female;Skilled Manual;1;33.16;12.29;1;SO000312;11744
2011;201108;Q3;Aug 2011;North America;United States;Southwest;Bikes;Road Bikes;High Income;46-55;Female;Skilled Manual;1;2395.69;1003.77;1;SO000312;11744
2011;201108;Q3;Aug 2011;North America;United States;Northwest;Bikes;Road Bikes;Middle Income;55+;Female;Management;1;1085.04;418.24;1;SO000313;11610
2011;201108;Q3;Aug 2011;North America;United States;Northwest;Bikes;Mountain Bikes;Middle Income;55+;Female;Management;1;10081.65;3909.71;3;SO000313;11610
2011;201108;Q3;Aug 2011;Europe;France;France;Clothing;Gloves;Low Income;55+;Female;Manual;1;74.34;30.38;1;SO000314;11687
2011;201108;Q3;Aug 2011;Europe;France;France;Clothing;Shorts;Low Income;55+;Female;Manual;1;85.74;34.79;1;SO000314;11687
2011;201108;Q3;Aug 2011;Pacific;Australia;Australia;Bikes;Road Bikes;Middle Income;46-55;Male;Management;1;2465.82;922.08;1;SO000315;11549
2011;201108;Q3;Aug 2011;Pacific;Australia;Australia;Bikes;Road Bikes;Middle Income;46-55;Male;Management;1;5732.60;2252.18;2;SO000315;11549
2011;201108;Q3;Aug 2011;Pacific;Australia;Australia;Bikes;Road Bikes;Middle Income;46-55;Male;Management;1;852.73;350.78;1;SO000315;11549
2011;201108;Q3;Aug 2011;Pacific;Australia;Australia;Bikes;Mountain Bikes;Low Income;46-55;Male;Manual;0;2352.88;1004.71;1;SO000316;11145
2011;201108;Q3;Aug 2011;Europe;Germany;Germany;Bikes;Road Bikes;Middle Income;55+;Male;Professional;0;2680.38;1147.60;1;SO000317;11206
2011;201108;Q3;Aug 2011;North America;Canada;Canada;Bikes;Road Bikes;Middle Income;46-55;Male;Skilled Manual;0;1562.57;669.43;1;SO000318;11523
2011;201108;Q3;Aug 2011;North America;United States;Northeast;Bikes;Road Bikes;Low Income;26-35;Male;Professional;1;716.10;315.53;1;SO000319;11456
2011;201108;Q3;Aug 2011;North America;United States;Southeast;Bikes;Mountain Bikes;Middle Income;46-55;Male;Management;1;1115.12;470.87;1;SO000320;11243
2011;201108;Q3;Aug 2011;North America;United States;Southeast;Bikes;Mountain Bikes;Middle Income;46-55;Male;Management;1;3046.44;1199.92;1;SO000320;11243
2011;201108;Q3;Aug 2011;North America;United States;Southeast;Accessories;Tires and Tubes;High Income;36-45;Female;Manual;0;47.13;28.46;3;SO000321;11089
2011;201108;Q3;Aug 2011;North America;United States;Southeast;Bikes;Road Bikes;High Income;36-45;Female;Manual;0;5647.28;2470.49;2;SO000321;11089
2011;201108;Q3;Aug 2011;North America;United States;Southeast;Bikes;Road Bikes;High Income;36-45;Female;Manual;0;2644.93;1036.69;1;SO000321;11089
2011;201108;Q3;Aug 2011;Pacific;Australia;Australia;Accessories;Tires and Tubes;Middle Income;46-55;Male;Manual;0;102.50;61.58;1;SO000322;11539
2011;201108;Q3;Aug 2011;Europe;France;France;Bikes;Road Bikes;High Income;46-55;Female;Manual;1;1513.37;583.38;1;SO000323;11588
2011;201108;Q3;Aug 2011;North America;United States;Northwest;Bikes;Road Bikes;High Income;36-45;Female;Clerical;0;2493.73;1060.34;1;SO000324;11121
2011;201108;Q3;Aug 2011;Europe;United Kingdom;United Kingdom;Accessories;Helmets;Middle Income;46-55;Male;Professional;1;54.62;35.32;2;SO000325;11260
2011;201108;Q3;Aug 2011;Pacific;Australia;Australia;Bikes;Road Bikes;High Income;55+;Female;Management;1;2979.67;1323.64;1;SO000326;11688
2011;201108;Q3;Aug 2011;Pacific;Australia;Australia;Bikes;Road Bikes;High Income;55+;Female;Management;1;2729.90;1078.97;1;SO000326;11688
2011;201108;Q3;Aug 2011;North America;United States;Central;Bikes;Road Bikes;Middle Income;55+;Female;Professional;0;3058.74;1271.45;1;SO000327;11548
2011;201108;Q3;Aug 2011;North America;United States;Northwest;Bikes;Mountain Bikes;High Income;55+;Female;Professional;1;3022.48;1191.49;1;SO000328;11398
2011;201108;Q3;Aug 2011;North America;United States;Northwest;Clothing;Gloves;Middle Income;26-35;Male;Professional;1;84.65;35.43;1;SO000329;11537
2011;201108;Q3;Aug 2011;North America;United States;Southwest;Accessories;Helmets;Low Income;55+;Male;Management;0;112.22;71.26;1;SO000330;11536
2011;201108;Q3;Aug 2011;Europe;Germany;Germany;Bikes;Mountain Bikes;Middle Income;26-35;Female;Professional;1;1474.62;583.26;1;SO000331;11608
2011;201108;Q3;Aug 2011;Europe;Germany;Germany;Bikes;Mountain Bikes;Middle Income;26-35;Female;Professional;1;1140.99;432.61;1;SO000331;11608
2011;201108;Q3;Aug 2011;Pacific;Australia;Australia;Clothing;Gloves;Low Income;46-55;Female;Skilled Manual;0;41.80;18.03;1;SO000332;11637
2011;201108;Q3;Aug 2011;Pacific;Australia;Australia;Bikes;Mountain Bikes;Low Income;46-55;Female;Skilled Manual;0;2018.06;855.74;1;SO000332;11637
2011;201108;Q3;Aug 2011;Pacific;Australia;Australia;Bikes;Mountain Bikes;Low Income;46-55;Female;Skilled Manual;0;1797.37;766.35;1;SO000332;11637
2011;201108;Q3;Aug 2011;North America;Canada;Canada;Accessories;Tires and Tubes;Middle Income;36-45;Male;Manual;0;98.48;64.36;1;SO000333;11606
2011;201108;Q3;Aug 2011;North America;Canada;Canada;Bikes;Road Bikes;Middle Income;36-45;Male;Manual;0;2504.37;1080.18;1;SO000333;11606
2011;201108;Q3;Aug 2011;North America;Canada;Canada;Bikes;Mountain Bikes;Middle Income;36-45;Male;Manual;0;3207.96;1253.17;1;SO000333;11606
2011;201108;Q3;Aug 2011;Pacific;Australia;Australia;Bikes;Road Bikes;High Income;55+;Female;Clerical;0;1178.24;508.33;1;SO000334;11372
2011;201108;Q3;Aug 2011;Pacific;Australia;Australia;Bikes;Road Bikes;Middle Income;55+;Male;Skilled Manual;0;1368.01;532.83;1;SO000335;11618
2011;201108;Q3;Aug 2011;Pacific;Australia;Australia;Bikes;Road Bikes;Middle Income;55+;Male;Skilled Manual;0;1654.00;719.68;1;SO000335;11618
2011;201108;Q3;Aug 2011;Pacific;Australia;Australia;Accessories;Helmets;Middle Income;46-55;Male;Management;0;58.23;36.36;1;SO000336;11605
2011;201108;Q3;Aug 2011;Pacific;Australia;Australia;Clothing;Gloves;Middle Income;46-55;Male;Management;0;48.41;19.74;1;SO000336;11605
2011;201109;Q3;Sep 2011;Europe;United Kingdom;United Kingdom;Clothing;Jerseys;Middle Income;55+;Male;Professional;0;132.52;52.51;2;SO000337;11610
2011;201109;Q3;Sep 2011;Europe;United Kingdom;United Kingdom;Bikes;Road Bikes;Middle Income;55+;Male;Professional;0;1247.87;529.75;1;SO000337;11610
2011;201109;Q3;Sep 2011;North America;United States;Southwest;Bikes;Mountain Bikes;High Income;55+;Female;Professional;0;1749.50;773.43;2;SO000338;11324
2011;201109;Q3;Sep 2011;North America;United States;Southwest;Components;Brakes;High Income;55+;Female;Professional;0;835.10;274.53;2;SO000338;11324
2011;201109;Q3;Sep 2011;North America;United States;Northwest;Bikes;Mountain Bikes;Low Income;55+;Female;Skilled Manual;1;2029.64;781.53;1;SO000339;11881
2011;201109;Q3;Sep 2011;Europe;Germany;Germany;Bikes;Road Bikes;High Income;36-45;Male;Management;0;5084.38;2277.79;2;SO000340;11393
2011;201109;Q3;Sep 2011;North America;United States;Southeast;Bikes;Road Bikes;High Income;55+;Female;Manual;0;1332.07;538.13;1;SO000341;11139
2011;201109;Q3;Sep 2011;Pacific;Australia;Australia;Accessories;Helmets;Middle Income;36-45;Female;Professional;0;115.60;67.79;1;SO000342;11007
2011;201109;Q3;Sep 2011;Europe;United Kingdom;United Kingdom;Accessories;Helmets;Middle Income;26-35;Male;Management;1;67.01;41.97;1;SO000343;11747
2011;201109;Q3;Sep 2011;Europe;United Kingdom;United Kingdom;Accessories;Tires and Tubes;Middle Income;26-35;Male;Management;1;6.24;3.85;1;SO000343;11747
2011;201109;Q3;Sep 2011;Pacific;Australia;Australia;Components;Handlebars;Middle Income;55+;Female;Skilled Manual;0;598.60;182.52;2;SO000344;11480
2011;201109;Q3;Sep 2011;Pacific;Australia;Australia;Bikes;Road Bikes;Middle Income;36-45;Male;Skilled Manual;1;2424.23;950.34;1;SO000345;11484
2011;201109;Q3;Sep 2011;North America;United States;Northwest;Bikes;Road Bikes;Middle Income;55+;Male;Clerical;1;1206.27;497.21;1;SO000346;11263
2011;201109;Q3;Sep 2011;North America;United States;Northwest;Bikes;Mountain Bikes;Middle Income;55+;Male;Clerical;1;7102.56;3094.85;3;SO000346;11263
2011;201109;Q3;Sep 2011;Pacific;Australia;Australia;Clothing;Jerseys;High Income;36-45;Female;Management;0;72.88;26.91;1;SO000347;11857
2011;201109;Q3;Sep 2011;Pacific;Australia;Australia;Bikes;Road Bikes;Middle Income;55+;Male;Clerical;1;3296.22;1337.95;1;SO000348;11171
2011;201109;Q3;Sep 2011;North America;United States;Central;Bikes;Mountain Bikes;Middle Income;26-35;Female;Clerical;1;2335.70;950.37;1;SO000349;11694
2011;201109;Q3;Sep 2011;Europe;United Kingdom;United Kingdom;Clothing;Jerseys;Middle Income;55+;Male;Skilled Manual;0;56.77;23.55;1;SO000350;11691
2011;201109;Q3;Sep 2011;Europe;United Kingdom;United Kingdom;Bikes;Road Bikes;Middle Income;55+;Male;Skilled Manual;0;1240.62;461.38;1;SO000350;11691
2011;201109;Q3;Sep 2011;North America;United States;Central;Bikes;Road Bikes;Middle Income;55+;Male;Professional;0;5028.28;2183.56;2;SO000351;11094
2011;201109;Q3;Sep 2011;North America;United States;Central;Bikes;Mountain Bikes;Middle Income;55+;Male;Professional;0;1409.34;574.10;1;SO000351;11094
2011;201109;Q3;Sep 2011;North America;Canada;Canada;Bikes;Mountain Bikes;High Income;55+;Female;Skilled Manual;0;1631.43;611.47;1;SO000352;11077
2011;201109;Q3;Sep 2011;North America;Canada;Canada;Components;Handlebars;High Income;55+;Female;Skilled Manual;0;71.92;27.21;1;SO000352;11077
2011;201109;Q3;Sep 2011;North America;Canada;Canada;Accessories;Helmets;Middle Income;26-35;Female;Management;0;13.10;8.36;1;SO000353;11205
2011;201109;Q3;Sep 2011;North America;Canada;Canada;Accessories;Helmets;Middle Income;26-35;Female;Management;0;44.24;27.93;2;SO000353;11205
2011;201109;Q3;Sep 2011;North America;Canada;Canada;Components;Saddles;Middle Income;26-35;Female;Management;0;362.03;134.81;1;SO000353;11205
2011;201109;Q3;Sep 2011;North America;United States;Southeast;Components;Saddles;Middle Income;46-55;Male;Manual;0;286.24;108.58;1;SO000354;11588
2011;201109;Q3;Sep 2011;Europe;United Kingdom;United Kingdom;Bikes;Road Bikes;Low Income;55+;Male;Skilled Manual;1;1194.53;445.73;1;SO000355;11341
2011;201109;Q3;Sep 2011;North America;Canada;Canada;Bikes;Mountain Bikes;Middle Income;55+;Female;Clerical;0;1240.66;530.48;1;SO000356;11393
2011;201109;Q3;Sep 2011;North America;Canada;Canada;Accessories;Bottles and Cages;Middle Income;55+;Female;Clerical;0;67.16;40.61;1;SO000356;11393
2011;201109;Q3;Sep 2011;Europe;France;France;Bikes;Mountain Bikes;High Income;18-25;Female;Professional;1;2530.78;1042.30;1;SO000357;11546
2011;201109;Q3;Sep 2011;Europe;France;France;Components;Wheels;High Income;18-25;Female;Professional;1;294.34;90.00;2;SO000357;11546
2011;201109;Q3;Sep 2011;North America;United States;Northwest;Accessories;Tires and Tubes;Middle Income;55+;Male;Management;0;32.38;20.36;2;SO000358;11753
2011;201109;Q3;Sep 2011;Pacific;Australia;Australia;Clothing;Caps;Low Income;46-55;Male;Professional;0;88.31;35.86;1;SO000359;11855
2011;201109;Q3;Sep 2011;North America;United States;Northeast;Accessories;Bottles and Cages;High Income;46-55;Female;Professional;0;68.64;42.22;1;SO000360;11140
2011;201109;Q3;Sep 2011;North America;United States;Northwest;Bikes;Mountain Bikes;High Income;55+;Female;Management;0;949.60;400.86;1;SO000361;11595
2011;201109;Q3;Sep 2011;North America;United States;Northwest;Clothing;Caps;High Income;55+;Female;Management;0;75.46;30.04;1;SO000361;11595
2011;201109;Q3;Sep 2011;North America;United States;Southwest;Accessories;Helmets;Middle Income;46-55;Male;Manual;0;95.00;57.74;1;SO000362;11129
2011;201109;Q3;Sep 2011;Pacific;Australia;Australia;Components;Wheels;Low Income;46-55;Male;Manual;1;328.17;103.91;1;SO000363;11004
2011;201109;Q3;Sep 2011;Pacific;Australia;Australia;Bikes;Mountain Bikes;Low Income;46-55;Male;Manual;1;5237.36;2343.64;2;SO000363;11004
2011;201109;Q3;Sep 2011;Pacific;Australia;Australia;Bikes;Road Bikes;Middle Income;26-35;Female;Skilled Manual;0;2773.17;1231.26;1;SO000364;11485
2011;201109;Q3;Sep 2011;North America;United States;Northwest;Accessories;Tires and Tubes;Middle Income;26-35;Male;Clerical;1;17.67;10.57;1;SO000365;11180
2011;201109;Q3;Sep 2011;Europe;United Kingdom;United Kingdom;Bikes;Mountain Bikes;Middle Income;36-45;Female;Manual;1;5921.91;2374.61;3;SO000366;11242
2011;201109;Q3;Sep 2011;Pacific;Australia;Australia;Bikes;Road Bikes;Middle Income;55+;Male;Skilled Manual;0;3084.62;1254.47;1;SO000367;11139
2011;201109;Q3;Sep 2011;Europe;United Kingdom;United Kingdom;Clothing;Caps;High Income;46-55;Male;Manual;0;70.30;27.97;2;SO000368;11175
2011;201109;Q3;Sep 2011;North America;United States;Southeast;Accessories;Bottles and Cages;High Income;36-45;Female;Clerical;0;324.90;199.30;3;SO000369;11473
2011;201109;Q3;Sep 2011;North America;United States;Southeast;Bikes;Road Bikes;High Income;36-45;Female;Clerical;0;4223.62;1706.58;2;SO000369;11473
2011;201109;Q3;Sep 2011;Pacific;Australia;Australia;Bikes;Road Bikes;Middle Income;36-45;Male;Clerical;0;2233.80;946.07;3;SO000370;11403
2011;201109;Q3;Sep 2011;Europe;United Kingdom;United Kingdom;Bikes;Road Bikes;High Income;46-55;Male;Clerical;0;1407.64;591.47;2;SO000371;11165
2011;201109;Q3;Sep 2011;Europe;United Kingdom;United Kingdom;Bikes;Road Bikes;High Income;46-55;Male;Clerical;0;791.60;319.86;1;SO000371;11165
2011;201109;Q3;Sep 2011;Europe;United Kingdom;United Kingdom;Bikes;Road Bikes;High Income;26-35;Female;Professional;1;814.45;325.22;1;SO000372;11276
2011;201109;Q3;Sep 2011;Europe;United Kingdom;United Kingdom;Accessories;Helmets;High Income;26-35;Female;Professional;1;93.96;55.54;1;SO000372;11276
2011;201109;Q3;Sep 2011;North America;United States;Northwest;Bikes;Road Bikes;Middle Income;55+;Male;Management;1;852.49;340.85;1;SO000373;11342
2011;201109;Q3;Sep 2011;Pacific;Australia;Australia;Components;Brakes;Middle Income;46-55;Female;Clerical;1;446.63;137.11;1;SO000374;11463
2011;201109;Q3;Sep 2011;Pacific;Australia;Australia;Bikes;Mountain Bikes;Middle Income;46-55;Female;Clerical;1;3378.56;1279.63;1;SO000374;11463
2011;201109;Q3;Sep 2011;North America;United States;Northeast;Bikes;Mountain Bikes;Middle Income;55+;Male;Skilled Manual;1;1876.36;804.99;1;SO000375;11282
2011;201109;Q3;Sep 2011;North America;United States;Northeast;Bikes;Mountain Bikes;Middle Income;55+;Male;Skilled Manual;1;3141.02;1220.56;1;SO000375;11282
2011;201109;Q3;Sep 2011;North America;United States;Northeast;Components;Handlebars;Middle Income;55+;Male;Skilled Manual;1;197.68;69.52;1;SO000375;11282
2011;201109;Q3;Sep 2011;Pacific;Australia;Australia;Bikes;Road Bikes;Middle Income;46-55;Female;Management;1;1664.98;663.08;2;SO000376;11334
2011;201109;Q3;Sep 2011;Europe;France;France;Bikes;Road Bikes;Middle Income;36-45;Male;Management;0;1934.49;772.97;1;SO000377;11466
2011;201109;Q3;Sep 2011;Pacific;Australia;Australia;Bikes;Road Bikes;Middle Income;55+;Male;Skilled Manual;1;769.79;342.16;1;SO000378;11210
2011;201109;Q3;Sep 2011;North America;United States;Southeast;Components;Wheels;High Income;36-45;Female;Skilled Manual;1;750.26;280.43;2;SO000379;11786
2011;201109;Q3;Sep 2011;North America;United States;Southeast;Bikes;Mountain Bikes;High Income;36-45;Female;Skilled Manual;1;6440.98;2455.00;2;SO000379;11786
2011;201109;Q3;Sep 2011;North America;United States;Northwest;Accessories;Bottles and Cages;Middle Income;55+;Female;Skilled Manual;0;30.55;20.01;1;SO000380;11564
2011;201110;Q4;Oct 2011;North America;United States;Southeast;Accessories;Helmets;Middle Income;55+;Female;Management;1;139.56;82.60;3;SO000381;11023
2011;201110;Q4;Oct 2011;Pacific;Australia;Australia;Bikes;Road Bikes;Middle Income;36-45;Female;Skilled Manual;1;5552.56;2239.06;2;SO000382;11874
2011;201110;Q4;Oct 2011;Pacific;Australia;Australia;Bikes;Mountain Bikes;Middle Income;36-45;Female;Skilled Manual;1;6834.02;2760.31;2;SO000382;11874
2011;201110;Q4;Oct 2011;North America;United States;Central;Components;Saddles;Middle Income;26-35;Female;Clerical;1;228.35;85.21;1;SO000383;11424
2011;201110;Q4;Oct 2011;North America;United States;Southeast;Bikes;Road Bikes;Middle Income;55+;Male;Management;0;3013.50;1316.20;1;SO000384;11424
2011;201110;Q4;Oct 2011;North America;United States;Southeast;Bikes;Road Bikes;Middle Income;55+;Male;Management;0;2657.32;1151.41;2;SO000384;11424
2011;201110;Q4;Oct 2011;North America;United States;Southeast;Accessories;Bottles and Cages;Low Income;55+;Female;Clerical;0;92.94;57.57;1;SO000385;11157
2011;201110;Q4;Oct 2011;Pacific;Australia;Australia;Accessories;Helmets;Middle Income;46-55;Female;Clerical;0;47.46;27.75;2;SO000386;11068
2011;201110;Q4;Oct 2011;Pacific;Australia;Australia;Bikes;Road Bikes;Middle Income;26-35;Female;Clerical;1;6416.49;2767.53;3;SO000387;11327
2011;201110;Q4;Oct 2011;Europe;United Kingdom;United Kingdom;Accessories;Bottles and Cages;Middle Income;55+;Female;Skilled Manual;1;64.59;39.39;1;SO000388;11187
2011;201110;Q4;Oct 2011;Pacific;Australia;Australia;Clothing;Jerseys;Low Income;36-45;Male;Management;0;169.28;67.43;2;SO000389;11496
2011;201110;Q4;Oct 2011;Europe;United Kingdom;United Kingdom;Clothing;Gloves;High Income;55+;Female;Management;1;68.60;28.47;1;SO000390;11319
2011;201110;Q4;Oct 2011;North America;United States;Northeast;Accessories;Helmets;High Income;46-55;Male;Professional;0;8.77;5.55;1;SO000391;11314
2011;201110;Q4;Oct 2011;North America;United States;Northeast;Accessories;Helmets;High Income;46-55;Male;Professional;0;29.94;18.09;3;SO000391;11314
2011;201110;Q4;Oct 2011;Europe;United Kingdom;United Kingdom;Bikes;Road Bikes;High Income;36-45;Male;Management;1;10069.86;4006.06;3;SO000392;11010
2011;201110;Q4;Oct 2011;Europe;Germany;Germany;Components;Wheels;Middle Income;26-35;Male;Manual;0;861.24;325.45;3;SO000393;11164
2011;201110;Q4;Oct 2011;Europe;Germany;Germany;Bikes;Mountain Bikes;Middle Income;26-35;Male;Manual;0;9250.89;3774.15;3;SO000393;11164
2011;201110;Q4;Oct 2011;Pacific;Australia;Australia;Bikes;Mountain Bikes;Middle Income;26-35;Female;Clerical;1;3159.96;1286.96;2;SO000394;11714
2011;201110;Q4;Oct 2011;North America;United States;Southwest;Bikes;Road Bikes;Middle Income;46-55;Male;Professional;1;1573.62;705.13;1;SO000395;11532
2011;201110;Q4;Oct 2011;North America;United States;Southeast;Bikes;Mountain Bikes;Middle Income;55+;Male;Professional;1;6229.86;2357.46;3;SO000396;11454
2011;201110;Q4;Oct 2011;North America;United States;Southeast;Bikes;Road Bikes;Middle Income;55+;Male;Professional;1;1033.81;415.16;1;SO000396;11454
2011;201110;Q4;Oct 2011;North America;United States;Southeast;Accessories;Helmets;Middle Income;55+;Male;Professional;1;215.26;127.76;2;SO000396;11454
2011;201110;Q4;Oct 2011;Europe;France;France;Accessories;Tires and Tubes;Low Income;55+;Female;Professional;0;186.18;116.83;2;SO000397;11372
2011;201110;Q4;Oct 2011;Europe;France;France;Accessories;Bottles and Cages;Low Income;55+;Female;Professional;0;74.36;45.53;1;SO000397;11372
2011;201110;Q4;Oct 2011;Pacific;Australia;Australia;Components;Brakes;High Income;26-35;Female;Clerical;1;64.31;19.64;1;SO000398;11496
2011;201110;Q4;Oct 2011;North America;United States;Northeast;Accessories;Bottles and Cages;Middle Income;55+;Male;Skilled Manual;0;81.14;50.24;1;SO000399;11694
2011;201110;Q4;Oct 2011;North America;United States;Northeast;Bikes;Road Bikes;Middle Income;55+;Male;Skilled Manual;0;4426.96;1644.23;2;SO000399;11694
2011;201110;Q4;Oct 2011;North America;United States;Southeast;Bikes;Mountain Bikes;High Income;26-35;Female;Skilled Manual;1;3109.01;1225.71;1;SO000400;11782
2011;201110;Q4;Oct 2011;North America;United States;Southeast;Accessories;Bottles and Cages;Low Income;55+;Female;Professional;1;22.98;13.43;1;SO000401;11723
2011;201110;Q4;Oct 2011;North America;United States;Southeast;Bikes;Road Bikes;Low Income;55+;Female;Professional;1;7282.29;2899.96;3;SO000401;11723
2011;201110;Q4;Oct 2011;North America;United States;Northwest;Accessories;Helmets;Middle Income;26-35;Female;Skilled Manual;0;119.07;72.98;1;SO000402;11291
2011;201110;Q4;Oct 2011;North America;United States;Northwest;Bikes;Mountain Bikes;Middle Income;26-35;Female;Skilled Manual;0;2514.63;1049.61;1;SO000402;11291
2011;201110;Q4;Oct 2011;North America;United States;Southwest;Bikes;Road Bikes;Low Income;36-45;Female;Professional;1;4339.59;1847.26;3;SO000403;11704
2011;201110;Q4;Oct 2011;North America;United States;Southwest;Accessories;Tires and Tubes;Low Income;36-45;Female;Professional;1;49.88;31.22;1;SO000403;11704
2011;201110;Q4;Oct 2011;Pacific;Australia;Australia;Bikes;Road Bikes;Middle Income;46-55;Female;Management;1;3427.50;1288.83;1;SO000404;11827
2011;201110;Q4;Oct 2011;Pacific;Australia;Australia;Bikes;Road Bikes;Middle Income;36-45;Female;Management;0;888.36;385.63;1;SO000405;11870
2011;201110;Q4;Oct 2011;Pacific;Australia;Australia;Bikes;Mountain Bikes;Middle Income;36-45;Female;Management;0;914.65;398.70;1;SO000405;11870
2011;201110;Q4;Oct 2011;Europe;Germany;Germany;Bikes;Road Bikes;Middle Income;36-45;Female;Clerical;1;752.09;320.59;1;SO000406;11516
2011;201110;Q4;Oct 2011;Europe;Germany;Germany;Clothing;Caps;Middle Income;36-45;Female;Clerical;1;87.35;36.63;1;SO000406;11516
2011;201110;Q4;Oct 2011;North America;United States;Central;Bikes;Mountain Bikes;High Income;55+;Female;Manual;0;2790.01;1203.17;1;SO000407;11478
2011;201110;Q4;Oct 2011;Pacific;Australia;Australia;Accessories;Tires and Tubes;High Income;55+;Male;Clerical;1;32.15;19.26;1;SO000408;11864
2011;201110;Q4;Oct 2011;Pacific;Australia;Australia;Bikes;Mountain Bikes;High Income;55+;Male;Clerical;1;3016.24;1228.01;1;SO000408;11864
2011;201110;Q4;Oct 2011;Europe;France;France;Clothing;Shorts;Middle Income;26-35;Male;Skilled Manual;0;32.32;13.84;1;SO000409;11573
2011;201110;Q4;Oct 2011;Pacific;Australia;Australia;Clothing;Caps;Low Income;55+;Female;Manual;1;134.04;57.75;2;SO000410;11739
2011;201110;Q4;Oct 2011;Pacific;Australia;Australia;Bikes;Road Bikes;Low Income;55+;Female;Manual;1;2721.84;1131.41;2;SO000410;11739
2011;201110;Q4;Oct 2011;Europe;France;France;Accessories;Bottles and Cages;Middle Income;26-35;Male;Skilled Manual;1;90.21;53.09;3;SO000411;11512
2011;201110;Q4;Oct 2011;Europe;France;France;Bikes;Road Bikes;Middle Income;26-35;Male;Skilled Manual;1;1412.06;589.05;1;SO000411;11512
2011;201110;Q4;Oct 2011;Pacific;Australia;Australia;Accessories;Tires and Tubes;Middle Income;46-55;Male;Skilled Manual;0;116.18;73.02;1;SO000412;11502
2011;201110;Q4;Oct 2011;Europe;United Kingdom;United Kingdom;Components;Handlebars;Middle Income;55+;Male;Skilled Manual;1;1065.63;365.29;3;SO000413;11861
2011;201110;Q4;Oct 2011;Europe;Germany;Germany;Accessories;Tires and Tubes;Low Income;55+;Female;Skilled Manual;0;107.38;70.15;1;SO000414;11242
2011;201110;Q4;Oct 2011;Europe;Germany;Germany;Accessories;Helmets;Low Income;55+;Female;Skilled Manual;0;14.21;9.13;1;SO000414;11242
2011;201110;Q4;Oct 2011;Europe;Germany;Germany;Bikes;Road Bikes;Low Income;55+;Female;Skilled Manual;0;3055.26;1305.79;1;SO000414;11242
2011;201110;Q4;Oct 2011;Europe;France;France;Clothing;Shorts;High Income;55+;Male;Skilled Manual;1;21.91;7.98;1;SO000415;11897
2011;201110;Q4;Oct 2011;Europe;France;France;Accessories;Tires and Tubes;High Income;55+;Male;Skilled Manual;1;51.08;32.19;1;SO000415;11897
2011;201110;Q4;Oct 2011;Pacific;Australia;Australia;Bikes;Road Bikes;Low Income;46-55;Male;Manual;1;2147.66;824.44;2;SO000416;11321
2011;201110;Q4;Oct 2011;Pacific;Australia;Australia;Accessories;Tires and Tubes;Low Income;46-55;Male;Manual;1;55.70;34.15;2;SO000416;11321
2011;201110;Q4;Oct 2011;Pacific;Australia;Australia;Accessories;Bottles and Cages;High Income;55+;Male;Professional;0;351.06;209.18;3;SO000417;11186
2011;201110;Q4;Oct 2011;Pacific;Australia;Australia;Accessories;Bottles and Cages;High Income;55+;Male;Professional;0;76.07;47.77;1;SO000417;11186
2011;201110;Q4;Oct 2011;Pacific;Australia;Australia;Bikes;Road Bikes;High Income;55+;Male;Professional;0;2288.28;849.25;1;SO000417;11186
2011;201110;Q4;Oct 2011;Pacific;Australia;Australia;Clothing;Shorts;High Income;46-55;Male;Management;0;54.59;20.22;1;SO000418;11538
2011;201110;Q4;Oct 2011;Pacific;Australia;Australia;Clothing;Gloves;High Income;46-55;Male;Management;0;119.43;49.46;3;SO000418;11538
2011;201110;Q4;Oct 2011;Pacific;Australia;Australia;Bikes;Road Bikes;High Income;46-55;Male;Management;0;1561.12;699.52;2;SO000418;11538
2011;201110;Q4;Oct 2011;North America;Canada;Canada;Clothing;Caps;Middle Income;55+;Female;Professional;0;69.93;29.14;1;SO000419;11241
2011;201111;Q4;Nov 2011;North America;United States;Central;Components;Brakes;Low Income;46-55;Male;Clerical;1;272.09;89.92;1;SO000420;11262
2011;201111;Q4;Nov 2011;North America;United States;Central;Components;Handlebars;Low Income;46-55;Male;Clerical;1;450.42;136.61;1;SO000420;11262
2011;201111;Q4;Nov 2011;North America;United States;Central;Bikes;Mountain Bikes;Low Income;46-55;Male;Clerical;1;3304.92;1454.93;1;SO000420;11262
2011;201111;Q4;Nov 2011;North America;United States;Central;Components;Handlebars;Middle Income;36-45;Female;Professional;0;932.14;300.74;2;SO000421;11135
2011;201111;Q4;Nov 2011;North America;United States;Southwest;Bikes;Road Bikes;Middle Income;46-55;Male;Skilled Manual;1;1931.97;744.03;1;SO000422;11897
2011;201111;Q4;Nov 2011;North America;United States;Southwest;Bikes;Mountain Bikes;Middle Income;46-55;Male;Skilled Manual;1;1428.63;609.28;1;SO000422;11897
2011;201111;Q4;Nov 2011;North America;United States;Southeast;Accessories;Bottles and Cages;Low Income;46-55;Female;Clerical;1;15.76;10.24;1;SO000423;11446
2011;201111;Q4;Nov 2011;Europe;Germany;Germany;Bikes;Road Bikes;Middle Income;55+;Male;Manual;0;4167.72;1708.14;3;SO000424;11184
2011;201111;Q4;Nov 2011;Europe;Germany;Germany;Components;Handlebars;Middle Income;55+;Male;Clerical;1;77.29;28.32;1;SO000425;11096
2011;201111;Q4;Nov 2011;Pacific;Australia;Australia;Accessories;Bottles and Cages;Middle Income;18-25;Male;Manual;1;10.60;6.69;1;SO000426;11675
2011;201111;Q4;Nov 2011;Europe;United Kingdom;United Kingdom;Components;Saddles;Middle Income;46-55;Male;Clerical;1;432.08;135.26;1;SO000427;11330
2011;201111;Q4;Nov 2011;Pacific;Australia;Australia;Bikes;Road Bikes;Low Income;46-55;Female;Skilled Manual;0;2070.94;912.94;1;SO000428;11798
2011;201111;Q4;Nov 2011;North America;United States;Central;Bikes;Mountain Bikes;Middle Income;55+;Female;Manual;0;3425.16;1452.66;1;SO000429;11487
2011;201111;Q4;Nov 2011;Europe;United Kingdom;United Kingdom;Clothing;Caps;High Income;46-55;Male;Skilled Manual;1;88.89;36.87;1;SO000430;11663
2011;201111;Q4;Nov 2011;Europe;Germany;Germany;Bikes;Road Bikes;Middle Income;26-35;Male;Professional;0;2291.74;894.40;1;SO000431;11307
2011;201111;Q4;Nov 2011;Pacific;Australia;Australia;Bikes;Road Bikes;Low Income;55+;Male;Management;1;2344.18;952.67;1;SO000432;11260
2011;201111;Q4;Nov 2011;Pacific;Australia;Australia;Components;Handlebars;Middle Income;55+;Male;Management;0;177.82;60.95;2;SO000433;11686
2011;201111;Q4;Nov 2011;Pacific;Australia;Australia;Clothing;Shorts;Low Income;46-55;Female;Manual;1;87.42;36.19;1;SO000434;11005
2011;201111;Q4;Nov 2011;North America;United States;Northeast;Accessories;Bottles and Cages;Low Income;36-45;Male;Management;0;77.00;49.53;1;SO000435;11823
2011;201111;Q4;Nov 2011;North America;United States;Southeast;Bikes;Road Bikes;Low Income;46-55;Male;Management;0;3107.43;1295.23;1;SO000436;11195
2011;201111;Q4;Nov 2011;North America;United States;Southeast;Bikes;Road Bikes;Low Income;46-55;Male;Management;0;3593.70;1425.65;2;SO000436;11195
2011;201111;Q4;Nov 2011;North America;Canada;Canada;Bikes;Road Bikes;High Income;55+;Female;Professional;1;2600.27;1131.99;1;SO000437;11105
2011;201111;Q4;Nov 2011;North America;United States;Northwest;Accessories;Helmets;Middle Income;46-55;Female;Manual;0;112.98;68.66;1;SO000438;11499
2011;201111;Q4;Nov 2011;Pacific;Australia;Australia;Accessories;Tires and Tubes;Middle Income;36-45;Female;Clerical;0;309.45;197.19;3;SO000439;11714
2011;201111;Q4;Nov 2011;North America;United States;Southwest;Clothing;Gloves;High Income;46-55;Female;Skilled Manual;1;72.45;29.95;1;SO000440;11479
2011;201111;Q4;Nov 2011;North America;United States;Southwest;Bikes;Mountain Bikes;High Income;46-55;Female;Skilled Manual;1;2078.12;900.82;1;SO000440;11479
2011;201111;Q4;Nov 2011;North America;United States;Northeast;Bikes;Road Bikes;Middle Income;55+;Female;Skilled Manual;1;878.26;355.21;1;SO000441;11505
2011;201111;Q4;Nov 2011;North America;United States;Northeast;Accessories;Helmets;Middle Income;55+;Female;Skilled Manual;1;60.93;40.18;1;SO000441;11505
2011;201111;Q4;Nov 2011;Pacific;Australia;Australia;Components;Saddles;High Income;46-55;Male;Manual;0;965.64;348.08;2;SO000442;11803
2011;201111;Q4;Nov 2011;Pacific;Australia;Australia;Components;Brakes;High Income;46-55;Male;Manual;0;118.62;36.59;2;SO000442;11803
2011;201111;Q4;Nov 2011;North America;United States;Northeast;Bikes;Road Bikes;High Income;36-45;Female;Clerical;1;2993.65;1137.10;1;SO000443;11645
2011;201111;Q4;Nov 2011;North America;United States;Northeast;Bikes;Road Bikes;High Income;36-45;Female;Clerical;1;1436.90;627.62;2;SO000443;11645
2011;201111;Q4;Nov 2011;Pacific;Australia;Australia;Accessories;Helmets;Low Income;46-55;Female;Skilled Manual;0;54.31;35.49;1;SO000444;11485
2011;201111;Q4;Nov 2011;Europe;France;France;Bikes;Mountain Bikes;High Income;46-55;Male;Manual;0;1801.15;671.77;1;SO000445;11469
2011;201111;Q4;Nov 2011;North America;United States;Central;Accessories;Tires and Tubes;Low Income;55+;Female;Clerical;1;82.14;49.90;2;SO000446;11656
2011;201111;Q4;Nov 2011;North America;United States;Central;Clothing;Gloves;Low Income;55+;Female;Clerical;1;102.46;38.57;2;SO000446;11656
2011;201111;Q4;Nov 2011;North America;Canada;Canada;Bikes;Road Bikes;Middle Income;55+;Female;Management;1;5544.30;2107.28;2;SO000447;11557
2011;201111;Q4;Nov 2011;North America;United States;Northwest;Clothing;Shorts;Middle Income;36-45;Female;Management;0;74.19;31.02;1;SO000448;11553
2011;201111;Q4;Nov 2011;North America;United States;Northwest;Components;Saddles;High Income;36-45;Female;Professional;0;378.96;127.43;1;SO000449;11517
2011;201111;Q4;Nov 2011;North America;United States;Northwest;Components;Wheels;High Income;36-45;Female;Professional;0;170.89;62.00;1;SO000449;11517
2011;201111;Q4;Nov 2011;Pacific;Australia;Australia;Bikes;Road Bikes;Middle Income;46-55;Male;Professional;1;1110.35;448.64;1;SO000450;11732
2011;201111;Q4;Nov 2011;North America;United States;Northwest;Bikes;Road Bikes;Middle Income;26-35;Male;Clerical;0;2880.71;1266.82;1;SO000451;11421
2011;201111;Q4;Nov 2011;Pacific;Australia;Australia;Bikes;Road Bikes;High Income;55+;Female;Clerical;0;3410.49;1401.90;1;SO000452;11598
2011;201111;Q4;Nov 2011;North America;United States;Northeast;Bikes;Road Bikes;Middle Income;26-35;Male;Manual;1;1734.84;682.08;1;SO000453;11541
2011;201111;Q4;Nov 2011;North America;United States;Northeast;Bikes;Mountain Bikes;Middle Income;26-35;Male;Manual;1;3474.86;1370.00;1;SO000453;11541
2011;201111;Q4;Nov 2011;North America;United States;Northeast;Bikes;Mountain Bikes;Middle Income;26-35;Male;Manual;1;2350.95;879.00;1;SO000453;11541
2011;201111;Q4;Nov 2011;Europe;Germany;Germany;Bikes;Road Bikes;Low Income;55+;Male;Professional;1;2284.14;1009.64;1;SO000454;11312
2011;201111;Q4;Nov 2011;Pacific;Australia;Australia;Accessories;Helmets;High Income;46-55;Female;Clerical;1;162.84;99.78;2;SO000455;11800
2011;201111;Q4;Nov 2011;Europe;Germany;Germany;Accessories;Tires and Tubes;Middle Income;55+;Female;Skilled Manual;0;19.23;12.01;1;SO000456;11238
2011;201111;Q4;Nov 2011;Europe;Germany;Germany;Bikes;Road Bikes;Middle Income;55+;Female;Skilled Manual;0;2821.32;1259.95;1;SO000456;11238
2011;201111;Q4;Nov 2011;North America;United States;Southeast;Bikes;Road Bikes;Middle Income;18-25;Male;Professional;1;4645.50;1750.29;2;SO000457;11534
2011;201111;Q4;Nov 2011;North America;United States;Southeast;Bikes;Road Bikes;Middle Income;18-25;Male;Professional;1;825.95;362.56;1;SO000457;11534
2011;201111;Q4;Nov 2011;North America;United States;Northeast;Components;Wheels;Middle Income;55+;Female;Clerical;1;124.03;44.83;1;SO000458;11023
2011;201111;Q4;Nov 2011;North America;United States;Southeast;Bikes;Mountain Bikes;Middle Income;26-35;Female;Management;0;1855.90;734.82;1;SO000459;11157
2011;201111;Q4;Nov 2011;North America;United States;Southeast;Bikes;Mountain Bikes;Middle Income;26-35;Female;Management;0;1370.94;572.72;1;SO000459;11157
2011;201111;Q4;Nov 2011;Pacific;Australia;Australia;Bikes;Road Bikes;High Income;36-45;Female;Clerical;1;3181.24;1245.56;1;SO000460;11242
2011;201111;Q4;Nov 2011;North America;Canada;Canada;Clothing;Gloves;High Income;55+;Male;Skilled Manual;1;59.94;24.17;2;SO000461;11600
2011;201111;Q4;Nov 2011;Europe;United Kingdom;United Kingdom;Accessories;Bottles and Cages;High Income;46-55;Male;Professional;1;112.35;69.50;1;SO000462;11172
2011;201111;Q4;Nov 2011;Europe;United Kingdom;United Kingdom;Accessories;Bottles and Cages;High Income;46-55;Male;Professional;1;58.94;38.15;2;SO000462;11172
2011;201111;Q4;Nov 2011;Europe;United Kingdom;United Kingdom;Bikes;Mountain Bikes;High Income;46-55;Male;Professional;1;4553.26;1794.22;2;SO000462;11172
2011;201111;Q4;Nov 2011;Europe;United Kingdom;United Kingdom;Components;Handlebars;High Income;55+;Female;Management;1;1096.71;352.97;3;SO000463;11404
2011;201111;Q4;Nov 2011;Europe;United Kingdom;United Kingdom;Accessories;Tires and Tubes;High Income;55+;Female;Management;1;57.88;36.35;1;SO000463;11404
2011;201112;Q4;Dec 2011;North America;United States;Northwest;Accessories;Bottles and Cages;Middle Income;18-25;Male;Management;1;95.54;60.37;1;SO000464;11708
2011;201112;Q4;Dec 2011;Pacific;Australia;Australia;Clothing;Jerseys;Middle Income;46-55;Female;Manual;1;45.93;17.24;1;SO000465;11079
2011;201112;Q4;Dec 2011;North America;United States;Northwest;Accessories;Bottles and Cages;High Income;55+;Female;Management;0;61.79;37.63;1;SO000466;11009
2011;201112;Q4;Dec 2011;North America;United States;Northwest;Bikes;Road Bikes;High Income;55+;Female;Management;0;2570.88;991.55;2;SO000466;11009
2011;201112;Q4;Dec 2011;North America;Canada;Canada;Bikes;Road Bikes;High Income;46-55;Female;Management;0;1191.48;496.91;1;SO000467;11840
2011;201112;Q4;Dec 2011;North America;Canada;Canada;Accessories;Bottles and Cages;High Income;46-55;Female;Management;0;70.54;42.20;1;SO000467;11840
2011;201112;Q4;Dec 2011;Europe;United Kingdom;United Kingdom;Bikes;Road Bikes;Low Income;55+;Female;Manual;1;2535.66;1128.62;3;SO000468;11535
2011;201112;Q4;Dec 2011;Europe;Germany;Germany;Bikes;Road Bikes;Middle Income;55+;Female;Clerical;1;1478.21;596.61;1;SO000469;11442
2011;201112;Q4;Dec 2011;North America;United States;Southeast;Clothing;Gloves;Low Income;26-35;Male;Management;1;41.76;17.12;1;SO000470;11459
2011;201112;Q4;Dec 2011;North America;United States;Southeast;Bikes;Road Bikes;Low Income;26-35;Male;Management;1;767.27;332.82;1;SO000470;11459
2011;201112;Q4;Dec 2011;North America;United States;Southeast;Components;Handlebars;Low Income;26-35;Male;Management;1;257.85;97.13;1;SO000470;11459
2011;201112;Q4;Dec 2011;North America;United States;Southwest;Accessories;Helmets;Middle Income;36-45;Male;Manual;1;11.98;6.98;1;SO000471;11852
2011;201112;Q4;Dec 2011;North America;United States;Southwest;Bikes;Road Bikes;Middle Income;36-45;Male;Manual;1;1057.10;468.85;1;SO000471;11852
2011;201112;Q4;Dec 2011;North America;United States;Central;Bikes;Mountain Bikes;Middle Income;26-35;Male;Manual;0;1851.10;812.94;1;SO000472;11452
2011;201112;Q4;Dec 2011;North America;Canada;Canada;Components;Brakes;Middle Income;46-55;Female;Manual;0;190.97;60.23;1;SO000473;11806
2011;201112;Q4;Dec 2011;North America;United States;Northwest;Bikes;Road Bikes;Middle Income;55+;Male;Manual;1;1380.83;598.95;1;SO000474;11105
2011;201112;Q4;Dec 2011;North America;United States;Central;Bikes;Road Bikes;Middle Income;55+;Female;Skilled Manual;0;3416.76;1405.70;1;SO000475;11061
2011;201112;Q4;Dec 2011;North America;Canada;Canada;Bikes;Mountain Bikes;Low Income;55+;Male;Clerical;1;3312.70;1402.69;2;SO000476;11673
2011;201112;Q4;Dec 2011;Europe;United Kingdom;United Kingdom;Bikes;Road Bikes;Middle Income;46-55;Female;Manual;1;6499.04;2662.49;2;SO000477;11711
2011;201112;Q4;Dec 2011;North America;Canada;Canada;Bikes;Mountain Bikes;Middle Income;36-45;Female;Skilled Manual;1;906.45;337.56;1;SO000478;11003
2011;201112;Q4;Dec 2011;North America;United States;Southeast;Bikes;Mountain Bikes;Low Income;46-55;Female;Professional;0;5425.48;2154.92;2;SO000479;11117
2011;201112;Q4;Dec 2011;North America;United States;Northeast;Clothing;Jerseys;Low Income;55+;Male;Professional;0;34.72;13.77;1;SO000480;11567
2011;201112;Q4;Dec 2011;Europe;Germany;Germany;Components;Wheels;High Income;55+;Female;Professional;0;213.97;70.60;1;SO000481;11378
2011;201112;Q4;Dec 2011;Pacific;Australia;Australia;Bikes;Mountain Bikes;High Income;55+;Male;Manual;1;1484.21;564.17;1;SO000482;11613
2011;201112;Q4;Dec 2011;Pacific;Australia;Australia;Bikes;Road Bikes;High Income;55+;Male;Manual;1;2571.74;968.29;2;SO000482;11613
2011;201112;Q4;Dec 2011;Europe;United Kingdom;United Kingdom;Accessories;Tires and Tubes;Low Income;46-55;Female;Clerical;1;178.44;111.79;3;SO000483;11481
2011;201112;Q4;Dec 2011;Europe;France;France;Bikes;Road Bikes;Low Income;55+;Female;Management;1;3319.40;1327.52;1;SO000484;11653
2011;201112;Q4;Dec 2011;North America;United States;Northwest;Accessories;Bottles and Cages;Middle Income;46-55;Male;Manual;0;52.03;33.53;1;SO000485;11563
2011;201112;Q4;Dec 2011;North America;United States;Northwest;Bikes;Road Bikes;Low Income;36-45;Male;Skilled Manual;0;2900.45;1288.17;1;SO000486;11324
2011;201112;Q4;Dec 2011;North America;United States;Southwest;Clothing;Shorts;Low Income;36-45;Male;Skilled Manual;1;62.28;23.11;1;SO000487;11100
2011;201112;Q4;Dec 2011;Europe;United Kingdom;United Kingdom;Accessories;Helmets;Low Income;36-45;Female;Clerical;1;63.95;40.99;1;SO000488;11875
2011;201112;Q4;Dec 2011;Europe;United Kingdom;United Kingdom;Bikes;Road Bikes;Low Income;36-45;Female;Clerical;1;2725.34;1054.13;1;SO000488;11875
2011;201112;Q4;Dec 2011;Pacific;Australia;Australia;Components;Saddles;High Income;46-55;Male;Skilled Manual;0;246.99;85.13;1;SO000489;11239
2011;201112;Q4;Dec 2011;North America;United States;Northeast;Bikes;Road Bikes;Middle Income;55+;Female;Skilled Manual;1;5266.90;2075.01;2;SO000490;11383
2011;201112;Q4;Dec 2011;North America;United States;Northwest;Bikes;Road Bikes;High Income;36-45;Female;Manual;1;1782.01;727.03;1;SO000491;11601
2011;201112;Q4;Dec 2011;North America;United States;Northwest;Bikes;Road Bikes;High Income;36-45;Female;Manual;1;1553.01;595.91;1;SO000491;11601
2011;201112;Q4;Dec 2011;North America;United States;Northwest;Accessories;Bottles and Cages;High Income;36-45;Female;Manual;1;84.24;52.15;1;SO000491;11601
2011;201112;Q4;Dec 2011;North America;United States;Southeast;Bikes;Road Bikes;Middle Income;36-45;Male;Clerical;0;3700.82;1415.80;2;SO000492;11191
2011;201112;Q4;Dec 2011;North America;United States;Southeast;Clothing;Caps;Middle Income;26-35;Male;Management;0;60.26;23.19;1;SO000493;11113
2011;201112;Q4;Dec 2011;Pacific;Australia;Australia;Accessories;Bottles and Cages;Middle Income;18-25;Male;Clerical;0;109.68;71.33;1;SO000494;11207
2011;201112;Q4;Dec 2011;Pacific;Australia;Australia;Bikes;Road Bikes;Middle Income;18-25;Male;Clerical;0;955.09;402.77;1;SO000494;11207
2011;201112;Q4;Dec 2011;Pacific;Australia;Australia;Accessories;Bottles and Cages;Middle Income;55+;Male;Clerical;0;80.79;51.37;1;SO000495;11467
2011;201112;Q4;Dec 2011;Pacific;Australia;Australia;Bikes;Road Bikes;Low Income;55+;Female;Manual;1;2616.62;1071.45;2;SO000496;11097
2011;201112;Q4;Dec 2011;Pacific;Australia;Australia;Components;Brakes;Low Income;55+;Female;Manual;1;225.63;69.59;3;SO000496;11097
2011;201112;Q4;Dec 2011;Europe;United Kingdom;United Kingdom;Accessories;Bottles and Cages;Middle Income;36-45;Male;Clerical;0;50.92;30.33;1;SO000497;11784
2011;201112;Q4;Dec 2011;North America;United States;Northwest;Bikes;Mountain Bikes;Middle Income;26-35;Female;Clerical;1;3851.26;1570.02;2;SO000498;11038
2012;201201;Q1;Jan 2012;North America;United States;Northwest;Accessories;Helmets;Middle Income;36-45;Male;Manual;1;22.65;13.79;1;SO000499;11165
2012;201201;Q1;Jan 2012;Europe;United Kingdom;United Kingdom;Accessories;Helmets;Middle Income;26-35;Male;Clerical;1;186.44;121.99;2;SO000500;11221
2012;201201;Q1;Jan 2012;Europe;Germany;Germany;Bikes;Mountain Bikes;Low Income;46-55;Male;Skilled Manual;0;6050.52;2319.95;2;SO000501;11383
2012;201201;Q1;Jan 2012;Europe;Germany;Germany;Bikes;Road Bikes;Low Income;46-55;Male;Skilled Manual;0;2983.75;1181.01;1;SO000501;11383
2012;201201;Q1;Jan 2012;North America;United States;Northeast;Bikes;Mountain Bikes;High Income;46-55;Female;Professional;0;2531.18;938.96;1;SO000502;11641
2012;201201;Q1;Jan 2012;Pacific;Australia;Australia;Bikes;Road Bikes;Middle Income;36-45;Female;Professional;0;3473.33;1483.12;1;SO000503;11217
2012;201201;Q1;Jan 2012;Pacific;Australia;Australia;Clothing;Gloves;Middle Income;36-45;Female;Professional;0;26.63;10.28;1;SO000503;11217
2012;201201;Q1;Jan 2012;Europe;United Kingdom;United Kingdom;Accessories;Bottles and Cages;Middle Income;55+;Female;Clerical;0;90.31;56.02;1;SO000504;11646
2012;201201;Q1;Jan 2012;Europe;France;France;Accessories;Helmets;Low Income;55+;Male;Skilled Manual;0;48.07;29.02;1;SO000505;11721
2012;201201;Q1;Jan 2012;Europe;France;France;Bikes;Mountain Bikes;Low Income;55+;Male;Skilled Manual;0;1366.58;584.93;1;SO000505;11721
2012;201201;Q1;Jan 2012;Europe;United Kingdom;United Kingdom;Bikes;Mountain Bikes;Low Income;36-45;Male;Manual;1;2752.04;1093.71;1;SO000506;11454
2012;201201;Q1;Jan 2012;Europe;United Kingdom;United Kingdom;Bikes;Mountain Bikes;Low Income;36-45;Male;Manual;1;7686.06;2996.54;3;SO000506;11454
2012;201201;Q1;Jan 2012;Europe;United Kingdom;United Kingdom;Bikes;Road Bikes;Middle Income;46-55;Female;Management;1;1238.90;521.27;1;SO000507;11703
2012;201201;Q1;Jan 2012;Europe;United Kingdom;United Kingdom;Bikes;Mountain Bikes;Middle Income;46-55;Female;Management;1;1186.29;491.01;1;SO000507;11703
2012;201201;Q1;Jan 2012;Europe;France;France;Bikes;Mountain Bikes;Middle Income;46-55;Female;Skilled Manual;0;1548.68;644.43;1;SO000508;11814
2012;201201;Q1;Jan 2012;Europe;France;France;Components;Wheels;Middle Income;46-55;Female;Skilled Manual;0;399.39;122.37;1;SO000508;11814
2012;201201;Q1;Jan 2012;Pacific;Australia;Australia;Bikes;Mountain Bikes;Middle Income;46-55;Female;Management;1;6560.58;2739.79;2;SO000509;11368
2012;201201;Q1;Jan 2012;Pacific;Australia;Australia;Bikes;Road Bikes;Middle Income;46-55;Female;Skilled Manual;1;2013.92;770.08;1;SO000510;11156
2012;201201;Q1;Jan 2012;North America;United States;Central;Bikes;Road Bikes;High Income;46-55;Female;Clerical;1;3465.06;1301.82;1;SO000511;11194
2012;201201;Q1;Jan 2012;North America;United States;Central;Clothing;Jerseys;High Income;46-55;Female;Clerical;1;59.59;22.38;1;SO000511;11194
2012;201201;Q1;Jan 2012;North America;United States;Central;Bikes;Road Bikes;High Income;46-55;Female;Clerical;1;5608.84;2231.68;2;SO000511;11194
2012;201201;Q1;Jan 2012;Pacific;Australia;Australia;Components;Handlebars;Middle Income;55+;Female;Management;0;351.16;124.94;1;SO000512;11726
2012;201201;Q1;Jan 2012;North America;United States;Central;Accessories;Bottles and Cages;Middle Income;55+;Female;Management;0;234.06;137.26;2;SO000513;11660
2012;201201;Q1;Jan 2012;Europe;Germany;Germany;Accessories;Helmets;High Income;36-45;Female;Manual;1;70.85;45.61;1;SO000514;11193
2012;201201;Q1;Jan 2012;North America;United States;Northeast;Bikes;Mountain Bikes;High Income;46-55;Female;Professional;0;3739.90;1508.48;2;SO000515;11833
2012;201201;Q1;Jan 2012;North America;United States;Northeast;Bikes;Road Bikes;High Income;46-55;Female;Professional;0;1749.02;745.65;1;SO000515;11833
2012;201201;Q1;Jan 2012;Pacific;Australia;Australia;Clothing;Gloves;Middle Income;55+;Male;Management;0;83.16;32.66;1;SO000516;11202
2012;201201;Q1;Jan 2012;Pacific;Australia;Australia;Accessories;Helmets;Middle Income;55+;Male;Management;0;48.20;29.09;2;SO000516;11202
2012;201201;Q1;Jan 2012;North America;United States;Northwest;Bikes;Mountain Bikes;Middle Income;46-55;Female;Clerical;0;2909.78;1086.36;1;SO000517;11386
2012;201201;Q1;Jan 2012;Pacific;Australia;Australia;Accessories;Tires and Tubes;Middle Income;46-55;Female;Clerical;1;107.37;70.86;1;SO000518;11216
2012;201201;Q1;Jan 2012;Pacific;Australia;Australia;Clothing;Shorts;Middle Income;46-55;Female;Clerical;1;46.49;16.95;1;SO000518;11216
2012;201201;Q1;Jan 2012;Europe;Germany;Germany;Clothing;Shorts;Low Income;55+;Female;Management;0;217.80;82.74;3;SO000519;11364
2012;201201;Q1;Jan 2012;Europe;Germany;Germany;Bikes;Road Bikes;Low Income;55+;Female;Management;0;2030.56;818.42;1;SO000519;11364
2012;201201;Q1;Jan 2012;North America;United States;Southwest;Bikes;Road Bikes;Low Income;46-55;Male;Skilled Manual;1;927.83;375.06;1;SO000520;11192
2012;201201;Q1;Jan 2012;Europe;France;France;Clothing;Shorts;High Income;36-45;Male;Management;0;179.48;78.79;2;SO000521;11487
2012;201201;Q1;Jan 2012;North America;United States;Southeast;Components;Brakes;High Income;46-55;Male;Management;0;496.95;150.25;1;SO000522;11478
2012;201201;Q1;Jan 2012;Europe;Germany;Germany;Accessories;Helmets;Low Income;36-45;Female;Professional;0;86.54;51.74;2;SO000523;11334
2012;201201;Q1;Jan 2012;Europe;Germany;Germany;Bikes;Road Bikes;Low Income;36-45;Female;Professional;0;1661.03;735.53;1;SO000523;11334
2012;201201;Q1;Jan 2012;Europe;Germany;Germany;Accessories;Tires and Tubes;Low Income;36-45;Female;Professional;0;69.62;45.15;1;SO000523;11334
2012;201201;Q1;Jan 2012;North America;United States;Southwest;Bikes;Road Bikes;Low Income;26-35;Male;Skilled Manual;0;1577.44;631.63;1;SO000524;11827
2012;201201;Q1;Jan 2012;North America;United States;Southwest;Accessories;Tires and Tubes;Low Income;26-35;Male;Skilled Manual;0;66.59;43.13;1;SO000524;11827
2012;201201;Q1;Jan 2012;North America;United States;Southwest;Bikes;Road Bikes;High Income;55+;Male;Manual;0;2985.21;1175.41;1;SO000525;11433
2012;201201;Q1;Jan 2012;Pacific;Australia;Australia;Components;Brakes;Low Income;36-45;Male;Manual;1;429.93;148.72;1;SO000526;11224
2012;201201;Q1;Jan 2012;Europe;Germany;Germany;Bikes;Road Bikes;Middle Income;55+;Male;Skilled Manual;0;3990.60;1711.40;3;SO000527;11646
2012;201201;Q1;Jan 2012;Europe;Germany;Germany;Components;Wheels;Middle Income;55+;Male;Skilled Manual;0;749.20;242.69;2;SO000527;11646
2012;201201;Q1;Jan 2012;North America;Canada;Canada;Accessories;Helmets;High Income;46-55;Female;Clerical;1;37.55;23.87;1;SO000528;11834
2012;201201;Q1;Jan 2012;North America;Canada;Canada;Bikes;Road Bikes;High Income;46-55;Female;Clerical;1;1066.52;458.80;1;SO000528;11834
2012;201201;Q1;Jan 2012;North America;Canada;Canada;Accessories;Helmets;High Income;46-55;Female;Clerical;1;173.20;106.80;2;SO000528;11834
2012;201201;Q1;Jan 2012;Pacific;Australia;Australia;Bikes;Road Bikes;Middle Income;36-45;Male;Management;0;2732.68;1136.94;1;SO000529;11167
2012;201201;Q1;Jan 2012;Pacific;Australia;Australia;Accessories;Bottles and Cages;Middle Income;36-45;Male;Management;0;118.01;74.86;1;SO000529;11167
2012;201202;Q1;Feb 2012;North America;United States;Southeast;Accessories;Helmets;Low Income;26-35;Female;Manual;1;32.70;20.24;1;SO000530;11057
2012;201202;Q1;Feb 2012;North America;United States;Southeast;Accessories;Bottles and Cages;Low Income;26-35;Female;Manual;1;48.17;30.60;1;SO000530;11057
2012;201202;Q1;Feb 2012;North America;United States;Southeast;Clothing;Jerseys;Low Income;26-35;Female;Manual;1;161.08;66.37;2;SO000530;11057
2012;201202;Q1;Feb 2012;North America;Canada;Canada;Clothing;Gloves;Middle Income;26-35;Male;Professional;1;60.11;24.39;1;SO000531;11281
2012;201202;Q1;Feb 2012;North America;Canada;Canada;Bikes;Road Bikes;Middle Income;26-35;Male;Professional;1;2360.06;945.72;1;SO000531;11281
2012;201202;Q1;Feb 2012;Europe;United Kingdom;United Kingdom;Accessories;Tires and Tubes;Middle Income;26-35;Male;Manual;0;190.20;118.38;2;SO000532;11660
2012;201202;Q1;Feb 2012;Pacific;Australia;Australia;Bikes;Road Bikes;High Income;36-45;Male;Management;0;1060.68;409.95;1;SO000533;11065
2012;201202;Q1;Feb 2012;North America;United States;Southwest;Bikes;Road Bikes;High Income;26-35;Male;Manual;1;7628.55;2974.12;3;SO000534;11165
2012;201202;Q1;Feb 2012;Europe;France;France;Bikes;Road Bikes;Middle Income;46-55;Female;Skilled Manual;1;2995.34;1165.09;1;SO000535;11047
2012;201202;Q1;Feb 2012;Europe;France;France;Bikes;Road Bikes;Middle Income;46-55;Female;Skilled Manual;1;2605.20;991.90;2;SO000535;11047
2012;201202;Q1;Feb 2012;North America;United States;Southwest;Accessories;Bottles and Cages;Middle Income;55+;Female;Professional;1;14.57;8.75;1;SO000536;11565
2012;201202;Q1;Feb 2012;Europe;France;France;Accessories;Bottles and Cages;Middle Income;26-35;Female;Management;1;22.65;14.94;1;SO000537;11435
2012;201202;Q1;Feb 2012;Pacific;Australia;Australia;Accessories;Tires and Tubes;Low Income;26-35;Male;Manual;1;283.44;167.71;3;SO000538;11444
2012;201202;Q1;Feb 2012;North America;United States;Northwest;Bikes;Road Bikes;Low Income;55+;Male;Clerical;0;3116.68;1357.96;2;SO000539;11817
2012;201202;Q1;Feb 2012;North America;United States;Northwest;Bikes;Road Bikes;Low Income;55+;Male;Clerical;0;2302.04;903.69;1;SO000539;11817
2012;201202;Q1;Feb 2012;North America;Canada;Canada;Accessories;Bottles and Cages;Low Income;55+;Female;Management;1;34.79;22.09;1;SO000540;11277
2012;201202;Q1;Feb 2012;North America;Canada;Canada;Accessories;Bottles and Cages;Low Income;55+;Female;Management;1;70.27;42.26;1;SO000540;11277
2012;201202;Q1;Feb 2012;North America;Canada;Canada;Bikes;Road Bikes;Middle Income;36-45;Female;Clerical;0;1472.30;595.13;1;SO000541;11742
2012;201202;Q1;Feb 2012;Europe;Germany;Germany;Accessories;Helmets;Middle Income;55+;Female;Clerical;1;227.32;134.85;2;SO000542;11735
2012;201202;Q1;Feb 2012;Europe;Germany;Germany;Bikes;Road Bikes;Middle Income;55+;Female;Clerical;1;3302.85;1435.64;1;SO000542;11735
2012;201202;Q1;Feb 2012;Europe;France;France;Components;Brakes;Middle Income;55+;Male;Clerical;1;323.49;120.62;1;SO000543;11010
2012;201202;Q1;Feb 2012;North America;United States;Southeast;Components;Wheels;Middle Income;55+;Male;Manual;0;208.84;64.88;1;SO000544;11763
2012;201202;Q1;Feb 2012;North America;United States;Southeast;Bikes;Mountain Bikes;Middle Income;55+;Male;Manual;0;1761.47;704.35;1;SO000544;11763
2012;201202;Q1;Feb 2012;North America;United States;Northeast;Bikes;Mountain Bikes;High Income;55+;Male;Skilled Manual;1;4585.52;1776.42;2;SO000545;11115
2012;201202;Q1;Feb 2012;Europe;France;France;Bikes;Road Bikes;High Income;55+;Female;Professional;1;714.43;315.22;1;SO000546;11312
2012;201202;Q1;Feb 2012;Pacific;Australia;Australia;Clothing;Jerseys;Low Income;46-55;Male;Manual;0;65.96;24.94;1;SO000547;11190
2012;201202;Q1;Feb 2012;Pacific;Australia;Australia;Bikes;Mountain Bikes;Middle Income;36-45;Female;Professional;1;1915.09;763.62;1;SO000548;11404
2012;201202;Q1;Feb 2012;Pacific;Australia;Australia;Clothing;Gloves;Middle Income;36-45;Female;Professional;1;39.94;14.81;1;SO000548;11404
2012;201202;Q1;Feb 2012;Europe;United Kingdom;United Kingdom;Bikes;Road Bikes;Low Income;36-45;Female;Skilled Manual;0;3219.38;1388.04;2;SO000549;11431
2012;201202;Q1;Feb 2012;Pacific;Australia;Australia;Bikes;Road Bikes;Low Income;55+;Male;Management;0;2599.27;1032.88;1;SO000550;11409
2012;201202;Q1;Feb 2012;Europe;United Kingdom;United Kingdom;Accessories;Bottles and Cages;Middle Income;36-45;Male;Clerical;0;93.17;60.48;1;SO000551;11611
2012;201202;Q1;Feb 2012;Europe;United Kingdom;United Kingdom;Components;Wheels;Middle Income;36-45;Male;Clerical;0;237.41;80.22;1;SO000551;11611
2012;201202;Q1;Feb 2012;Europe;Germany;Germany;Bikes;Mountain Bikes;Low Income;55+;Male;Management;0;5680.95;2382.12;3;SO000552;11801
2012;201202;Q1;Feb 2012;Europe;Germany;Germany;Bikes;Road Bikes;Middle Income;36-45;Male;Management;1;1552.01;607.67;1;SO000553;11093
2012;201202;Q1;Feb 2012;Europe;France;France;Accessories;Bottles and Cages;Low Income;55+;Male;Professional;0;37.22;23.39;1;SO000554;11287
2012;201202;Q1;Feb 2012;North America;United States;Southeast;Accessories;Tires and Tubes;Middle Income;36-45;Male;Professional;0;145.44;91.39;2;SO000555;11441
2012;201202;Q1;Feb 2012;North America;Canada;Canada;Components;Wheels;Middle Income;26-35;Male;Management;0;245.05;75.45;1;SO000556;11243
2012;201202;Q1;Feb 2012;North America;Canada;Canada;Bikes;Road Bikes;High Income;55+;Male;Manual;0;6392.88;2753.72;2;SO000557;11559
2012;201202;Q1;Feb 2012;Europe;Germany;Germany;Bikes;Road Bikes;High Income;46-55;Male;Clerical;0;2334.84;915.10;2;SO000558;11866
2012;201202;Q1;Feb 2012;North America;United States;Central;Clothing;Jerseys;Low Income;55+;Male;Clerical;1;72.55;28.35;1;SO000559;11132
2012;201202;Q1;Feb 2012;North America;United States;Central;Accessories;Tires and Tubes;Low Income;55+;Male;Clerical;1;26.17;15.51;1;SO000559;11132
2012;201203;Q1;Mar 2012;North America;United States;Central;Bikes;Mountain Bikes;Middle Income;55+;Female;Skilled Manual;0;827.71;322.03;1;SO000560;11713
2012;201203;Q1;Mar 2012;North America;Canada;Canada;Bikes;Road Bikes;High Income;36-45;Male;Management;0;3422.21;1355.08;1;SO000561;11040
2012;201203;Q1;Mar 2012;Europe;Germany;Germany;Bikes;Road Bikes;High Income;46-55;Female;Skilled Manual;0;3402.64;1307.09;1;SO000562;11722
2012;201203;Q1;Mar 2012;Europe;Germany;Germany;Components;Brakes;High Income;46-55;Female;Skilled Manual;0;713.06;267.86;2;SO000562;11722
2012;201203;Q1;Mar 2012;Europe;Germany;Germany;Bikes;Road Bikes;High Income;36-45;Female;Management;1;1115.34;455.42;1;SO000563;11263
2012;201203;Q1;Mar 2012;North America;United States;Northeast;Bikes;Mountain Bikes;High Income;36-45;Female;Management;1;5249.26;2021.11;2;SO000564;11507
2012;201203;Q1;Mar 2012;North America;United States;Northeast;Clothing;Jerseys;Middle Income;55+;Female;Professional;0;21.45;9.14;1;SO000565;11146
2012;201203;Q1;Mar 2012;North America;United States;Northeast;Accessories;Helmets;Middle Income;55+;Female;Professional;0;93.56;56.27;1;SO000565;11146
2012;201203;Q1;Mar 2012;Pacific;Australia;Australia;Accessories;Helmets;High Income;26-35;Female;Professional;0;60.07;36.01;1;SO000566;11642
2012;201203;Q1;Mar 2012;Europe;United Kingdom;United Kingdom;Clothing;Jerseys;Low Income;26-35;Female;Professional;1;46.98;18.24;1;SO000567;11556
2012;201203;Q1;Mar 2012;North America;United States;Southeast;Bikes;Road Bikes;Middle Income;55+;Male;Clerical;0;2423.95;919.81;1;SO000568;11293
2012;201203;Q1;Mar 2012;North America;United States;Southeast;Components;Brakes;Middle Income;55+;Male;Clerical;0;636.14;199.90;2;SO000568;11293
2012;201203;Q1;Mar 2012;North America;United States;Southeast;Bikes;Road Bikes;Middle Income;55+;Male;Clerical;0;1890.68;834.64;1;SO000568;11293
2012;201203;Q1;Mar 2012;North America;United States;Southwest;Accessories;Helmets;Middle Income;26-35;Female;Skilled Manual;1;208.20;137.05;2;SO000569;11703
2012;201203;Q1;Mar 2012;North America;United States;Southwest;Accessories;Bottles and Cages;Middle Income;26-35;Female;Skilled Manual;1;49.92;31.83;1;SO000569;11703
2012;201203;Q1;Mar 2012;Europe;France;France;Bikes;Road Bikes;Low Income;46-55;Female;Management;0;2083.78;851.23;1;SO000570;11804
2012;201203;Q1;Mar 2012;North America;Canada;Canada;Bikes;Road Bikes;Low Income;55+;Male;Clerical;1;2999.93;1202.28;1;SO000571;11423
2012;201203;Q1;Mar 2012;Europe;United Kingdom;United Kingdom;Bikes;Mountain Bikes;Middle Income;36-45;Male;Management;0;2600.46;1034.85;3;SO000572;11594
2012;201203;Q1;Mar 2012;Europe;Germany;Germany;Bikes;Mountain Bikes;Middle Income;26-35;Female;Management;0;2648.19;1010.14;1;SO000573;11869
2012;201203;Q1;Mar 2012;Europe;Germany;Germany;Accessories;Bottles and Cages;Middle Income;26-35;Female;Management;0;17.19;10.77;1;SO000573;11869
2012;201203;Q1;Mar 2012;Europe;Germany;Germany;Clothing;Caps;Low Income;46-55;Male;Management;0;32.77;13.75;1;SO000574;11488
2012;201203;Q1;Mar 2012;Pacific;Australia;Australia;Bikes;Road Bikes;Middle Income;55+;Female;Professional;1;2803.17;1150.04;1;SO000575;11766
2012;201203;Q1;Mar 2012;Pacific;Australia;Australia;Bikes;Mountain Bikes;Middle Income;55+;Female;Manual;1;957.42;383.16;1;SO000576;11011
2012;201203;Q1;Mar 2012;Pacific;Australia;Australia;Components;Wheels;Middle Income;55+;Female;Manual;1;65.76;21.79;1;SO000576;11011
2012;201203;Q1;Mar 2012;Europe;United Kingdom;United Kingdom;Clothing;Caps;High Income;46-55;Female;Clerical;1;27.59;10.10;1;SO000577;11842
2012;201203;Q1;Mar 2012;Europe;United Kingdom;United Kingdom;Accessories;Tires and Tubes;Low Income;36-45;Male;Professional;0;28.20;18.45;1;SO000578;11617
2012;201203;Q1;Mar 2012;North America;United States;Central;Components;Brakes;Middle Income;46-55;Female;Professional;0;1157.31;435.96;3;SO000579;11246
2012;201203;Q1;Mar 2012;North America;United States;Southeast;Bikes;Road Bikes;High Income;55+;Male;Skilled Manual;1;2241.04;934.46;2;SO000580;11512
2012;201203;Q1;Mar 2012;North America;United States;Southeast;Bikes;Road Bikes;High Income;55+;Male;Skilled Manual;1;1609.48;616.27;2;SO000580;11512
2012;201203;Q1;Mar 2012;Pacific;Australia;Australia;Bikes;Road Bikes;High Income;36-45;Male;Management;0;2165.20;934.26;1;SO000581;11698
2012;201203;Q1;Mar 2012;Pacific;Australia;Australia;Bikes;Mountain Bikes;High Income;36-45;Male;Management;0;1708.89;749.31;1;SO000581;11698
2012;201203;Q1;Mar 2012;Pacific;Australia;Australia;Bikes;Road Bikes;High Income;36-45;Male;Management;0;3570.76;1380.83;2;SO000581;11698
2012;201203;Q1;Mar 2012;North America;Canada;Canada;Bikes;Mountain Bikes;Middle Income;55+;Male;Professional;0;1973.46;756.97;1;SO000582;11625
2012;201203;Q1;Mar 2012;North America;Canada;Canada;Bikes;Mountain Bikes;Middle Income;55+;Male;Professional;0;1717.32;647.67;1;SO000582;11625
2012;201203;Q1;Mar 2012;Europe;United Kingdom;United Kingdom;Components;Saddles;Middle Income;46-55;Female;Clerical;0;435.14;144.50;1;SO000583;11183
2012;201203;Q1;Mar 2012;Europe;United Kingdom;United Kingdom;Clothing;Gloves;Middle Income;46-55;Female;Clerical;0;55.87;22.91;1;SO000583;11183
2012;201203;Q1;Mar 2012;Europe;United Kingdom;United Kingdom;Bikes;Mountain Bikes;Middle Income;46-55;Female;Clerical;0;2116.64;827.66;1;SO000583;11183
2012;201203;Q1;Mar 2012;Europe;France;France;Bikes;Road Bikes;Middle Income;55+;Male;Manual;0;1817.99;683.27;1;SO000584;11896
2012;201203;Q1;Mar 2012;Europe;Germany;Germany;Bikes;Road Bikes;Middle Income;46-55;Female;Professional;0;2517.04;997.50;2;SO000585;11397
2012;201203;Q1;Mar 2012;Pacific;Australia;Australia;Bikes;Road Bikes;Low Income;55+;Male;Skilled Manual;1;1297.72;539.15;1;SO000586;11324
2012;201203;Q1;Mar 2012;Europe;United Kingdom;United Kingdom;Clothing;Caps;High Income;46-55;Female;Clerical;0;64.50;23.65;1;SO000587;11615
2012;201203;Q1;Mar 2012;North America;United States;Northwest;Bikes;Mountain Bikes;Middle Income;55+;Female;Manual;0;3224.60;1281.33;1;SO000588;11070
2012;201203;Q1;Mar 2012;North America;United States;Northwest;Accessories;Bottles and Cages;Middle Income;55+;Female;Manual;0;113.32;70.09;1;SO000588;11070
2012;201203;Q1;Mar 2012;Europe;United Kingdom;United Kingdom;Accessories;Bottles and Cages;High Income;46-55;Female;Professional;0;118.43;77.59;1;SO000589;11548
2012;201204;Q2;Apr 2012;Europe;United Kingdom;United Kingdom;Components;Saddles;Low Income;46-55;Male;Clerical;1;372.25;141.10;1;SO000590;11754
2012;201204;Q2;Apr 2012;Europe;Germany;Germany;Bikes;Mountain Bikes;Middle Income;46-55;Male;Management;0;1305.18;504.82;1;SO000591;11852
2012;201204;Q2;Apr 2012;Europe;France;France;Accessories;Bottles and Cages;Middle Income;46-55;Female;Skilled Manual;0;45.50;28.36;1;SO000592;11195
2012;201204;Q2;Apr 2012;Europe;France;France;Bikes;Road Bikes;Middle Income;46-55;Female;Skilled Manual;0;1192.28;482.00;1;SO000592;11195
2012;201204;Q2;Apr 2012;Pacific;Australia;Australia;Clothing;Jerseys;Middle Income;46-55;Female;Skilled Manual;0;21.15;9.19;1;SO000593;11181
2012;201204;Q2;Apr 2012;Pacific;Australia;Australia;Bikes;Road Bikes;Middle Income;46-55;Female;Skilled Manual;0;6592.48;2491.80;2;SO000593;11181
2012;201204;Q2;Apr 2012;Pacific;Australia;Australia;Bikes;Road Bikes;Middle Income;46-55;Female;Skilled Manual;0;5139.18;2251.66;2;SO000593;11181
2012;201204;Q2;Apr 2012;North America;United States;Southeast;Clothing;Caps;Middle Income;26-35;Female;Professional;1;195.42;82.62;3;SO000594;11216
2012;201204;Q2;Apr 2012;North America;United States;Southeast;Bikes;Road Bikes;Middle Income;26-35;Female;Professional;1;4242.34;1660.49;2;SO000594;11216
2012;201204;Q2;Apr 2012;North America;United States;Southeast;Accessories;Tires and Tubes;Middle Income;26-35;Female;Professional;1;192.88;118.27;2;SO000594;11216
2012;201204;Q2;Apr 2012;North America;United States;Southeast;Components;Saddles;Low Income;18-25;Female;Manual;1;487.81;153.86;1;SO000595;11247
2012;201204;Q2;Apr 2012;Pacific;Australia;Australia;Bikes;Mountain Bikes;High Income;46-55;Male;Clerical;0;978.82;424.90;1;SO000596;11659
2012;201204;Q2;Apr 2012;North America;United States;Central;Bikes;Mountain Bikes;High Income;55+;Female;Manual;0;732.31;316.07;1;SO000597;11516
2012;201204;Q2;Apr 2012;North America;United States;Central;Bikes;Road Bikes;High Income;55+;Female;Manual;0;6555.32;2466.78;2;SO000597;11516
2012;201204;Q2;Apr 2012;North America;United States;Central;Bikes;Road Bikes;High Income;55+;Female;Manual;0;6907.12;2906.22;2;SO000597;11516
2012;201204;Q2;Apr 2012;Pacific;Australia;Australia;Clothing;Caps;Middle Income;36-45;Male;Manual;0;132.30;50.54;2;SO000598;11796
2012;201204;Q2;Apr 2012;Pacific;Australia;Australia;Components;Brakes;Middle Income;36-45;Male;Manual;0;306.50;94.49;1;SO000598;11796
2012;201204;Q2;Apr 2012;Europe;France;France;Bikes;Mountain Bikes;Low Income;36-45;Male;Professional;0;2074.90;771.36;1;SO000599;11470
2012;201204;Q2;Apr 2012;Pacific;Australia;Australia;Bikes;Mountain Bikes;Low Income;46-55;Female;Clerical;0;2467.40;1081.67;1;SO000600;11075
2012;201204;Q2;Apr 2012;Europe;France;France;Bikes;Mountain Bikes;Middle Income;46-55;Male;Management;1;2150.39;926.55;1;SO000601;11120
2012;201204;Q2;Apr 2012;Europe;France;France;Bikes;Road Bikes;Middle Income;46-55;Male;Management;1;1307.48;518.03;1;SO000601;11120
2012;201204;Q2;Apr 2012;Europe;France;France;Bikes;Road Bikes;Middle Income;46-55;Male;Management;1;1054.42;413.22;1;SO000601;11120
2012;201204;Q2;Apr 2012;Europe;France;France;Bikes;Mountain Bikes;Middle Income;55+;Female;Clerical;1;1254.05;548.88;1;SO000602;11204
2012;201204;Q2;Apr 2012;North America;United States;Southeast;Bikes;Road Bikes;Low Income;55+;Female;Management;0;2791.82;1215.20;1;SO000603;11734
2012;201204;Q2;Apr 2012;North America;United States;Southeast;Accessories;Bottles and Cages;Low Income;55+;Female;Management;0;45.59;29.72;1;SO000603;11734
2012;201204;Q2;Apr 2012;North America;United States;Southeast;Clothing;Caps;Low Income;55+;Female;Management;0;22.36;8.96;1;SO000603;11734
2012;201204;Q2;Apr 2012;Pacific;Australia;Australia;Bikes;Road Bikes;Middle Income;26-35;Female;Clerical;0;1106.11;437.09;1;SO000604;11600
2012;201204;Q2;Apr 2012;North America;United States;Northwest;Accessories;Bottles and Cages;Middle Income;36-45;Female;Management;0;36.98;23.25;1;SO000605;11009
2012;201204;Q2;Apr 2012;Europe;Germany;Germany;Bikes;Road Bikes;Middle Income;55+;Female;Skilled Manual;1;3472.73;1401.94;1;SO000606;11826
2012;201204;Q2;Apr 2012;Pacific;Australia;Australia;Clothing;Jerseys;Middle Income;36-45;Male;Skilled Manual;0;119.73;51.16;3;SO000607;11127
2012;201204;Q2;Apr 2012;Pacific;Australia;Australia;Bikes;Road Bikes;Middle Income;36-45;Male;Skilled Manual;0;2428.62;1023.86;3;SO000607;11127
2012;201204;Q2;Apr 2012;Pacific;Australia;Australia;Bikes;Road Bikes;High Income;36-45;Female;Clerical;0;1535.64;689.07;1;SO000608;11071
2012;201204;Q2;Apr 2012;Europe;Germany;Germany;Bikes;Mountain Bikes;High Income;55+;Male;Professional;0;9335.67;3995.11;3;SO000609;11505
2012;201204;Q2;Apr 2012;North America;United States;Northeast;Bikes;Mountain Bikes;High Income;55+;Male;Professional;1;2730.36;1082.17;3;SO000610;11231
2012;201204;Q2;Apr 2012;North America;United States;Northeast;Accessories;Bottles and Cages;High Income;55+;Male;Professional;1;111.36;69.79;1;SO000610;11231
2012;201204;Q2;Apr 2012;North America;United States;Northeast;Bikes;Road Bikes;High Income;55+;Female;Clerical;0;3433.78;1358.93;1;SO000611;11122
2012;201204;Q2;Apr 2012;Pacific;Australia;Australia;Accessories;Bottles and Cages;Middle Income;36-45;Male;Skilled Manual;0;13.64;8.45;1;SO000612;11748
2012;201204;Q2;Apr 2012;Pacific;Australia;Australia;Bikes;Road Bikes;Middle Income;36-45;Male;Skilled Manual;0;2991.83;1151.95;1;SO000612;11748
2012;201204;Q2;Apr 2012;Pacific;Australia;Australia;Bikes;Road Bikes;High Income;36-45;Female;Management;0;1966.81;825.35;1;SO000613;11107
2012;201204;Q2;Apr 2012;Pacific;Australia;Australia;Bikes;Road Bikes;High Income;36-45;Female;Management;0;1477.95;566.26;1;SO000613;11107
2012;201204;Q2;Apr 2012;Pacific;Australia;Australia;Bikes;Road Bikes;High Income;36-45;Female;Management;0;1112.41;489.57;1;SO000613;11107
2012;201204;Q2;Apr 2012;North America;United States;Northwest;Bikes;Road Bikes;High Income;36-45;Male;Clerical;1;1908.13;729.00;1;SO000614;11762
2012;201204;Q2;Apr 2012;Pacific;Australia;Australia;Bikes;Road Bikes;Low Income;36-45;Male;Professional;1;1194.61;468.38;1;SO000615;11514
2012;201204;Q2;Apr 2012;Pacific;Australia;Australia;Accessories;Helmets;Low Income;36-45;Male;Professional;1;79.33;52.10;1;SO000615;11514
2012;201204;Q2;Apr 2012;North America;United States;Northwest;Accessories;Bottles and Cages;Middle Income;36-45;Male;Skilled Manual;0;30.29;19.57;1;SO000616;11224
2012;201204;Q2;Apr 2012;North America;United States;Northwest;Accessories;Helmets;Middle Income;36-45;Male;Skilled Manual;0;28.41;17.93;1;SO000616;11224
2012;201204;Q2;Apr 2012;Pacific;Australia;Australia;Accessories;Bottles and Cages;Low Income;46-55;Female;Skilled Manual;0;108.48;64.15;1;SO000617;11722
2012;201204;Q2;Apr 2012;North America;Canada;Canada;Clothing;Shorts;Middle Income;36-45;Female;Professional;0;182.46;72.81;3;SO000618;11013
2012;201204;Q2;Apr 2012;North America;Canada;Canada;Bikes;Mountain Bikes;Middle Income;36-45;Female;Professional;0;748.69;317.75;1;SO000618;11013
2012;201204;Q2;Apr 2012;Europe;Germany;Germany;Accessories;Tires and Tubes;High Income;55+;Male;Skilled Manual;1;34.16;21.07;1;SO000619;11297
2012;201204;Q2;Apr 2012;Pacific;Australia;Australia;Accessories;Helmets;High Income;55+;Female;Professional;1;52.19;31.19;1;SO000620;11847
2012;201204;Q2;Apr 2012;Pacific;Australia;Australia;Components;Handlebars;High Income;55+;Female;Professional;1;152.41;54.76;1;SO000620;11847
2012;201204;Q2;Apr 2012;Pacific;Australia;Australia;Clothing;Gloves;Low Income;55+;Male;Skilled Manual;1;67.53;29.11;1;SO000621;11441
2012;201204;Q2;Apr 2012;Pacific;Australia;Australia;Bikes;Road Bikes;Low Income;55+;Male;Skilled Manual;1;4420.47;1702.97;3;SO000621;11441
2012;201204;Q2;Apr 2012;Pacific;Australia;Australia;Bikes;Road Bikes;Low Income;55+;Male;Skilled Manual;1;2414.63;977.14;1;SO000621;11441
2012;201204;Q2;Apr 2012;Pacific;Australia;Australia;Bikes;Road Bikes;Middle Income;55+;Female;Management;1;2560.10;1009.43;1;SO000622;11465
2012;201204;Q2;Apr 2012;Pacific;Australia;Australia;Bikes;Road Bikes;Middle Income;55+;Female;Management;1;814.67;319.87;1;SO000622;11465
2012;201204;Q2;Apr 2012;North America;United States;Southeast;Clothing;Gloves;Middle Income;46-55;Male;Professional;1;209.76;77.91;3;SO000623;11607
2012;201204;Q2;Apr 2012;North America;United States;Central;Accessories;Bottles and Cages;High Income;36-45;Male;Clerical;1;108.98;70.99;1;SO000624;11750
2012;201204;Q2;Apr 2012;Pacific;Australia;Australia;Bikes;Mountain Bikes;Middle Income;55+;Female;Manual;0;1258.66;496.42;1;SO000625;11309
2012;201204;Q2;Apr 2012;Pacific;Australia;Australia;Bikes;Road Bikes;Middle Income;55+;Female;Manual;0;1213.44;524.92;1;SO000625;11309
2012;201205;Q2;May 2012;North America;United States;Southeast;Bikes;Road Bikes;Middle Income;46-55;Female;Clerical;1;3255.16;1211.29;1;SO000626;11098
2012;201205;Q2;May 2012;Pacific;Australia;Australia;Bikes;Road Bikes;Middle Income;36-45;Male;Manual;1;1699.80;743.85;2;SO000627;11785
2012;201205;Q2;May 2012;Pacific;Australia;Australia;Clothing;Jerseys;Middle Income;55+;Female;Professional;0;26.82;10.28;1;SO000628;11128
2012;201205;Q2;May 2012;Europe;United Kingdom;United Kingdom;Components;Wheels;Low Income;46-55;Male;Management;0;350.81;129.16;1;SO000629;11493
2012;201205;Q2;May 2012;North America;Canada;Canada;Accessories;Helmets;High Income;46-55;Male;Professional;0;33.43;19.67;1;SO000630;11308
2012;201205;Q2;May 2012;Europe;Germany;Germany;Clothing;Shorts;Middle Income;55+;Female;Clerical;1;135.38;58.04;2;SO000631;11025
2012;201205;Q2;May 2012;Europe;Germany;Germany;Accessories;Helmets;Middle Income;55+;Female;Clerical;1;26.25;16.94;1;SO000631;11025
2012;201205;Q2;May 2012;Europe;Germany;Germany;Accessories;Bottles and Cages;Middle Income;55+;Female;Clerical;1;85.46;50.94;1;SO000631;11025
2012;201205;Q2;May 2012;North America;United States;Northwest;Bikes;Road Bikes;High Income;46-55;Female;Clerical;1;2229.74;875.56;2;SO000632;11491
2012;201205;Q2;May 2012;North America;United States;Northwest;Bikes;Road Bikes;High Income;46-55;Female;Clerical;1;1547.73;652.54;1;SO000632;11491
2012;201205;Q2;May 2012;North America;Canada;Canada;Components;Handlebars;High Income;46-55;Male;Clerical;1;436.07;138.17;1;SO000633;11672
2012;201205;Q2;May 2012;Pacific;Australia;Australia;Accessories;Tires and Tubes;Low Income;36-45;Female;Clerical;0;38.52;24.93;3;SO000634;11723
2012;201205;Q2;May 2012;Pacific;Australia;Australia;Accessories;Helmets;Middle Income;36-45;Female;Management;1;102.98;61.04;1;SO000635;11495
2012;201205;Q2;May 2012;North America;Canada;Canada;Bikes;Road Bikes;High Income;46-55;Male;Management;0;3752.32;1407.68;2;SO000636;11098
2012;201205;Q2;May 2012;North America;Canada;Canada;Accessories;Helmets;High Income;46-55;Male;Management;0;91.24;56.14;1;SO000636;11098
2012;201205;Q2;May 2012;North America;Canada;Canada;Bikes;Mountain Bikes;High Income;36-45;Female;Clerical;0;2075.09;880.48;1;SO000637;11383
2012;201205;Q2;May 2012;North America;Canada;Canada;Bikes;Road Bikes;High Income;36-45;Female;Clerical;0;2978.75;1294.84;1;SO000637;11383
2012;201205;Q2;May 2012;North America;Canada;Canada;Bikes;Road Bikes;High Income;36-45;Female;Clerical;0;3387.53;1279.46;1;SO000637;11383
2012;201205;Q2;May 2012;Europe;Germany;Germany;Components;Saddles;Middle Income;46-55;Male;Skilled Manual;0;135.44;49.60;1;SO000638;11034
2012;201205;Q2;May 2012;Europe;Germany;Germany;Bikes;Road Bikes;Middle Income;46-55;Male;Skilled Manual;0;2264.35;862.79;1;SO000638;11034
2012;201205;Q2;May 2012;Pacific;Australia;Australia;Bikes;Mountain Bikes;High Income;46-55;Male;Manual;1;1626.58;630.99;1;SO000639;11068
2012;201205;Q2;May 2012;Europe;France;France;Bikes;Road Bikes;Middle Income;46-55;Male;Skilled Manual;0;6300.39;2532.36;3;SO000640;11296
2012;201205;Q2;May 2012;Pacific;Australia;Australia;Bikes;Road Bikes;Middle Income;55+;Female;Professional;0;1732.60;669.37;2;SO000641;11058
2012;201205;Q2;May 2012;Europe;United Kingdom;United Kingdom;Accessories;Helmets;Low Income;26-35;Male;Skilled Manual;0;120.12;70.91;2;SO000642;11836
2012;201205;Q2;May 2012;Europe;United Kingdom;United Kingdom;Accessories;Helmets;Low Income;26-35;Male;Skilled Manual;0;63.37;40.05;1;SO000642;11836
2012;201205;Q2;May 2012;Europe;United Kingdom;United Kingdom;Bikes;Road Bikes;Low Income;26-35;Male;Skilled Manual;0;6308.12;2448.94;2;SO000642;11836
2012;201205;Q2;May 2012;North America;United States;Northeast;Accessories;Bottles and Cages;Middle Income;55+;Male;Manual;1;54.09;31.97;1;SO000643;11056
2012;201205;Q2;May 2012;North America;United States;Central;Bikes;Mountain Bikes;High Income;46-55;Male;Skilled Manual;1;1335.95;574.19;1;SO000644;11448
2012;201205;Q2;May 2012;North America;United States;Central;Clothing;Jerseys;High Income;46-55;Male;Skilled Manual;1;63.12;26.36;3;SO000644;11448
2012;201205;Q2;May 2012;North America;United States;Central;Clothing;Jerseys;High Income;46-55;Male;Skilled Manual;1;50.70;19.40;1;SO000644;11448
2012;201205;Q2;May 2012;Pacific;Australia;Australia;Bikes;Road Bikes;High Income;26-35;Female;Clerical;0;2674.71;1163.70;1;SO000645;11321
2012;201205;Q2;May 2012;Pacific;Australia;Australia;Clothing;Gloves;High Income;26-35;Female;Clerical;0;41.19;16.04;1;SO000645;11321
2012;201205;Q2;May 2012;North America;United States;Northeast;Accessories;Bottles and Cages;Middle Income;36-45;Male;Professional;1;109.89;71.13;1;SO000646;11564
2012;201205;Q2;May 2012;North America;United States;Northeast;Bikes;Road Bikes;Middle Income;36-45;Male;Professional;1;2580.30;1031.58;2;SO000646;11564
2012;201205;Q2;May 2012;North America;United States;Northeast;Clothing;Gloves;Middle Income;36-45;Male;Professional;1;36.46;14.41;1;SO000646;11564
2012;201205;Q2;May 2012;Pacific;Australia;Australia;Components;Brakes;Low Income;55+;Female;Skilled Manual;1;320.48;108.84;1;SO000647;11782
2012;201205;Q2;May 2012;Pacific;Australia;Australia;Bikes;Road Bikes;Low Income;36-45;Male;Clerical;0;9744.45;4193.60;3;SO000648;11883
2012;201205;Q2;May 2012;Pacific;Australia;Australia;Bikes;Road Bikes;Low Income;36-45;Male;Clerical;0;4709.36;2027.76;2;SO000648;11883
2012;201205;Q2;May 2012;Europe;United Kingdom;United Kingdom;Components;Handlebars;High Income;55+;Male;Professional;1;942.94;317.85;2;SO000649;11349
2012;201205;Q2;May 2012;Europe;United Kingdom;United Kingdom;Bikes;Road Bikes;High Income;55+;Male;Professional;1;2856.56;1276.38;2;SO000649;11349
2012;201205;Q2;May 2012;Europe;United Kingdom;United Kingdom;Bikes;Mountain Bikes;High Income;55+;Male;Professional;1;742.51;322.22;1;SO000649;11349
2012;201205;Q2;May 2012;North America;United States;Northeast;Accessories;Helmets;High Income;36-45;Female;Professional;1;70.37;42.62;1;SO000650;11280
2012;201205;Q2;May 2012;Europe;Germany;Germany;Clothing;Gloves;Middle Income;46-55;Female;Professional;1;60.57;22.19;1;SO000651;11270
2012;201205;Q2;May 2012;Pacific;Australia;Australia;Accessories;Bottles and Cages;Middle Income;36-45;Female;Skilled Manual;1;160.88;96.30;2;SO000652;11624
2012;201205;Q2;May 2012;North America;United States;Central;Accessories;Tires and Tubes;High Income;46-55;Male;Manual;0;20.55;13.31;3;SO000653;11670
2012;201205;Q2;May 2012;Pacific;Australia;Australia;Bikes;Mountain Bikes;Middle Income;46-55;Male;Manual;1;1739.81;758.24;1;SO000654;11869
2012;201205;Q2;May 2012;North America;United States;Southeast;Bikes;Road Bikes;High Income;26-35;Female;Manual;1;3338.94;1313.96;1;SO000655;11425
2012;201205;Q2;May 2012;North America;United States;Northwest;Bikes;Road Bikes;Middle Income;36-45;Male;Professional;0;2328.16;925.50;1;SO000656;11031
2012;201205;Q2;May 2012;North America;United States;Northwest;Bikes;Road Bikes;Middle Income;36-45;Male;Professional;0;2733.53;1094.74;1;SO000656;11031
2012;201205;Q2;May 2012;North America;United States;Northwest;Bikes;Mountain Bikes;High Income;55+;Female;Manual;0;2545.75;1047.90;1;SO000657;11664
2012;201205;Q2;May 2012;North America;United States;Northwest;Bikes;Mountain Bikes;High Income;55+;Female;Manual;0;3041.16;1184.60;2;SO000657;11664
2012;201205;Q2;May 2012;Europe;United Kingdom;United Kingdom;Clothing;Shorts;Low Income;36-45;Male;Management;1;59.23;21.69;1;SO000658;11248
2012;201205;Q2;May 2012;Europe;United Kingdom;United Kingdom;Bikes;Road Bikes;Low Income;36-45;Male;Management;1;1957.11;789.71;1;SO000658;11248
2012;201205;Q2;May 2012;Europe;Germany;Germany;Clothing;Shorts;High Income;36-45;Female;Manual;0;25.71;10.12;1;SO000659;11583
2012;201205;Q2;May 2012;Europe;Germany;Germany;Components;Saddles;High Income;36-45;Female;Manual;0;395.42;147.09;1;SO000659;11583
2012;201205;Q2;May 2012;Pacific;Australia;Australia;Clothing;Jerseys;Low Income;36-45;Female;Professional;0;89.30;33.09;1;SO000660;11897
2012;201205;Q2;May 2012;Pacific;Australia;Australia;Clothing;Caps;Low Income;36-45;Female;Professional;0;134.43;52.72;3;SO000660;11897
2012;201205;Q2;May 2012;North America;United States;Southwest;Bikes;Road Bikes;Low Income;55+;Female;Manual;0;10079.31;4463.66;3;SO000661;11570
2012;201205;Q2;May 2012;North America;United States;Southwest;Accessories;Bottles and Cages;Low Income;55+;Female;Manual;0;171.02;109.23;2;SO000661;11570
2012;201205;Q2;May 2012;North America;United States;Southwest;Accessories;Helmets;Low Income;55+;Female;Manual;0;5.90;3.70;1;SO000661;11570
2012;201206;Q2;Jun 2012;Pacific;Australia;Australia;Bikes;Road Bikes;Low Income;55+;Female;Professional;0;2170.54;891.35;1;SO000662;11464
2012;201206;Q2;Jun 2012;North America;United States;Southeast;Bikes;Road Bikes;Middle Income;36-45;Male;Professional;0;1672.57;641.01;1;SO000663;11436
2012;201206;Q2;Jun 2012;North America;United States;Southeast;Accessories;Bottles and Cages;Low Income;36-45;Female;Manual;0;68.50;42.52;1;SO000664;11294
2012;201206;Q2;Jun 2012;North America;United States;Southeast;Bikes;Road Bikes;Low Income;36-45;Female;Manual;0;10162.80;4199.13;3;SO000664;11294
2012;201206;Q2;Jun 2012;North America;United States;Southeast;Clothing;Jerseys;Low Income;36-45;Female;Manual;0;77.57;30.22;1;SO000664;11294
2012;201206;Q2;Jun 2012;Europe;France;France;Clothing;Jerseys;High Income;46-55;Female;Skilled Manual;0;50.26;19.15;1;SO000665;11288
2012;201206;Q2;Jun 2012;Europe;France;France;Clothing;Shorts;High Income;46-55;Female;Skilled Manual;0;56.30;21.86;2;SO000665;11288
2012;201206;Q2;Jun 2012;Europe;United Kingdom;United Kingdom;Bikes;Mountain Bikes;High Income;36-45;Female;Skilled Manual;1;3162.94;1404.28;2;SO000666;11080
2012;201206;Q2;Jun 2012;Europe;United Kingdom;United Kingdom;Bikes;Road Bikes;High Income;36-45;Female;Skilled Manual;1;3178.16;1389.86;2;SO000666;11080
2012;201206;Q2;Jun 2012;Europe;Germany;Germany;Bikes;Mountain Bikes;High Income;46-55;Male;Management;1;1124.01;489.07;1;SO000667;11676
2012;201206;Q2;Jun 2012;Europe;Germany;Germany;Accessories;Tires and Tubes;High Income;46-55;Male;Management;1;78.00;45.79;1;SO000667;11676
2012;201206;Q2;Jun 2012;Europe;Germany;Germany;Bikes;Road Bikes;Low Income;26-35;Male;Management;0;1357.20;540.02;1;SO000668;11528
2012;201206;Q2;Jun 2012;North America;Canada;Canada;Bikes;Road Bikes;High Income;55+;Female;Clerical;1;1527.17;591.80;1;SO000669;11543
2012;201206;Q2;Jun 2012;North America;Canada;Canada;Components;Handlebars;High Income;55+;Female;Clerical;1;245.70;78.57;1;SO000669;11543
2012;201206;Q2;Jun 2012;North America;United States;Southeast;Bikes;Road Bikes;High Income;55+;Female;Clerical;0;2624.22;977.04;1;SO000670;11435
2012;201206;Q2;Jun 2012;North America;United States;Southeast;Bikes;Mountain Bikes;High Income;55+;Female;Clerical;0;5783.84;2168.15;2;SO000670;11435
2012;201206;Q2;Jun 2012;North America;United States;Southwest;Bikes;Road Bikes;Middle Income;55+;Female;Clerical;1;2481.55;927.23;1;SO000671;11790
2012;201206;Q2;Jun 2012;North America;United States;Southwest;Bikes;Mountain Bikes;Middle Income;55+;Female;Clerical;1;1166.30;450.77;1;SO000671;11790
2012;201206;Q2;Jun 2012;North America;United States;Southwest;Accessories;Tires and Tubes;Middle Income;55+;Female;Clerical;1;67.07;44.00;1;SO000671;11790
2012;201206;Q2;Jun 2012;Europe;Germany;Germany;Bikes;Road Bikes;High Income;46-55;Female;Manual;0;3458.61;1511.59;1;SO000672;11021
2012;201206;Q2;Jun 2012;Europe;Germany;Germany;Bikes;Road Bikes;High Income;46-55;Female;Manual;0;2943.60;1303.58;1;SO000672;11021
2012;201206;Q2;Jun 2012;Pacific;Australia;Australia;Clothing;Jerseys;High Income;26-35;Male;Manual;0;41.10;15.55;1;SO000673;11339
2012;201206;Q2;Jun 2012;Europe;United Kingdom;United Kingdom;Clothing;Jerseys;Middle Income;26-35;Female;Clerical;0;55.32;23.03;1;SO000674;11790
2012;201206;Q2;Jun 2012;Europe;United Kingdom;United Kingdom;Accessories;Helmets;Middle Income;26-35;Female;Clerical;0;100.48;63.14;1;SO000674;11790
2012;201206;Q2;Jun 2012;North America;United States;Central;Bikes;Road Bikes;High Income;36-45;Female;Skilled Manual;1;979.10;438.19;1;SO000675;11155
2012;201206;Q2;Jun 2012;Pacific;Australia;Australia;Clothing;Gloves;Middle Income;36-45;Female;Manual;1;89.52;37.44;1;SO000676;11590
2012;201206;Q2;Jun 2012;Europe;United Kingdom;United Kingdom;Bikes;Mountain Bikes;Middle Income;46-55;Male;Clerical;0;1630.82;709.04;1;SO000677;11381
2012;201206;Q2;Jun 2012;North America;United States;Northeast;Clothing;Gloves;Low Income;55+;Male;Professional;0;54.54;21.43;1;SO000678;11085
2012;201206;Q2;Jun 2012;North America;United States;Northeast;Accessories;Tires and Tubes;Low Income;55+;Female;Professional;1;115.34;69.07;1;SO000679;11758
2012;201206;Q2;Jun 2012;North America;United States;Northeast;Bikes;Road Bikes;Low Income;55+;Female;Professional;1;3104.23;1395.10;1;SO000679;11758
2012;201206;Q2;Jun 2012;Europe;France;France;Bikes;Mountain Bikes;Middle Income;46-55;Male;Management;0;1887.71;724.23;1;SO000680;11083
2012;201206;Q2;Jun 2012;Pacific;Australia;Australia;Components;Handlebars;High Income;46-55;Female;Professional;1;322.95;106.49;1;SO000681;11822
2012;201206;Q2;Jun 2012;North America;United States;Southwest;Bikes;Road Bikes;Middle Income;36-45;Female;Manual;1;8149.08;3570.86;3;SO000682;11665
2012;201206;Q2;Jun 2012;North America;United States;Southeast;Bikes;Road Bikes;Low Income;46-55;Male;Clerical;0;2643.33;1091.74;1;SO000683;11138
2012;201206;Q2;Jun 2012;North America;United States;Southeast;Bikes;Mountain Bikes;Low Income;46-55;Male;Clerical;0;2364.47;887.48;1;SO000683;11138
2012;201206;Q2;Jun 2012;North America;United States;Southeast;Accessories;Bottles and Cages;Low Income;46-55;Male;Clerical;0;6.62;3.94;1;SO000683;11138
2012;201206;Q2;Jun 2012;Europe;Germany;Germany;Bikes;Road Bikes;Middle Income;36-45;Female;Skilled Manual;0;1199.31;497.82;1;SO000684;11291
2012;201206;Q2;Jun 2012;Europe;United Kingdom;United Kingdom;Bikes;Mountain Bikes;Middle Income;55+;Female;Manual;1;2867.25;1245.16;3;SO000685;11129
2012;201206;Q2;Jun 2012;North America;United States;Southeast;Bikes;Road Bikes;High Income;36-45;Male;Management;1;1028.43;426.60;1;SO000686;11150
2012;201206;Q2;Jun 2012;Europe;United Kingdom;United Kingdom;Clothing;Gloves;Middle Income;55+;Female;Manual;0;235.05;97.99;3;SO000687;11386
2012;201206;Q2;Jun 2012;Europe;United Kingdom;United Kingdom;Clothing;Caps;Middle Income;55+;Female;Manual;0;75.23;31.21;1;SO000687;11386
2012;201206;Q2;Jun 2012;Europe;Germany;Germany;Bikes;Mountain Bikes;Low Income;55+;Female;Skilled Manual;1;1201.22;516.30;1;SO000688;11571
2012;201206;Q2;Jun 2012;North America;United States;Southwest;Clothing;Jerseys;Middle Income;18-25;Female;Skilled Manual;0;22.35;8.54;1;SO000689;11010
2012;201206;Q2;Jun 2012;North America;United States;Southwest;Bikes;Mountain Bikes;Middle Income;18-25;Female;Skilled Manual;0;8015.82;3141.67;3;SO000689;11010
2012;201206;Q2;Jun 2012;North America;United States;Southwest;Bikes;Road Bikes;Middle Income;18-25;Female;Skilled Manual;0;6233.84;2769.11;2;SO000689;11010
2012;201206;Q2;Jun 2012;North America;Canada;Canada;Clothing;Gloves;Low Income;55+;Male;Professional;1;64.76;27.72;2;SO000690;11622
2012;201206;Q2;Jun 2012;Pacific;Australia;Australia;Bikes;Mountain Bikes;Low Income;55+;Male;Skilled Manual;0;2764.87;1096.58;1;SO000691;11084
2012;201206;Q2;Jun 2012;Pacific;Australia;Australia;Accessories;Tires and Tubes;Low Income;55+;Male;Skilled Manual;0;48.92;32.23;2;SO000691;11084
2012;201206;Q2;Jun 2012;Europe;France;France;Bikes;Road Bikes;High Income;46-55;Male;Professional;0;1183.24;442.01;1;SO000692;11739
2012;201206;Q2;Jun 2012;Europe;France;France;Accessories;Helmets;High Income;46-55;Male;Professional;0;101.84;66.73;1;SO000692;11739
2012;201206;Q2;Jun 2012;North America;United States;Southwest;Clothing;Gloves;Low Income;46-55;Male;Manual;1;66.00;26.88;2;SO000693;11318
2012;201206;Q2;Jun 2012;Europe;United Kingdom;United Kingdom;Accessories;Bottles and Cages;Low Income;46-55;Male;Management;1;179.76;108.73;2;SO000694;11020
2012;201206;Q2;Jun 2012;Europe;United Kingdom;United Kingdom;Bikes;Road Bikes;Low Income;46-55;Male;Management;1;1093.19;432.08;1;SO000694;11020
2012;201206;Q2;Jun 2012;Europe;Germany;Germany;Bikes;Road Bikes;High Income;36-45;Female;Skilled Manual;1;2862.64;1178.96;1;SO000695;11231
2012;201206;Q2;Jun 2012;North America;Canada;Canada;Bikes;Road Bikes;Low Income;55+;Female;Management;0;5859.12;2265.11;2;SO000696;11849
2012;201206;Q2;Jun 2012;North America;Canada;Canada;Accessories;Tires and Tubes;Low Income;55+;Female;Management;0;93.94;56.43;1;SO000696;11849
2012;201206;Q2;Jun 2012;North America;Canada;Canada;Bikes;Mountain Bikes;Low Income;55+;Female;Management;0;6443.04;2709.23;3;SO000696;11849
2012;201207;Q3;Jul 2012;Pacific;Australia;Australia;Clothing;Jerseys;Middle Income;55+;Male;Skilled Manual;0;53.28;20.62;1;SO000697;11478
2012;201207;Q3;Jul 2012;Pacific;Australia;Australia;Clothing;Gloves;Middle Income;55+;Male;Skilled Manual;0;124.32;49.40;3;SO000697;11478
2012;201207;Q3;Jul 2012;Europe;United Kingdom;United Kingdom;Bikes;Road Bikes;High Income;46-55;Female;Clerical;1;2051.16;824.76;1;SO000698;11190
2012;201207;Q3;Jul 2012;Europe;United Kingdom;United Kingdom;Bikes;Mountain Bikes;High Income;46-55;Female;Clerical;1;6444.84;2645.97;2;SO000698;11190
2012;201207;Q3;Jul 2012;Pacific;Australia;Australia;Clothing;Gloves;High Income;46-55;Male;Management;0;179.28;66.54;3;SO000699;11431
2012;201207;Q3;Jul 2012;Pacific;Australia;Australia;Accessories;Helmets;High Income;46-55;Male;Management;0;121.71;78.05;3;SO000699;11431
2012;201207;Q3;Jul 2012;Pacific;Australia;Australia;Clothing;Caps;High Income;46-55;Male;Management;0;52.24;21.56;1;SO000699;11431
2012;201207;Q3;Jul 2012;Europe;Germany;Germany;Bikes;Road Bikes;Middle Income;36-45;Male;Clerical;0;3495.84;1426.96;2;SO000700;11205
2012;201207;Q3;Jul 2012;Europe;Germany;Germany;Bikes;Road Bikes;Middle Income;36-45;Male;Clerical;0;1803.33;697.89;1;SO000700;11205
2012;201207;Q3;Jul 2012;North America;Canada;Canada;Components;Saddles;Middle Income;55+;Male;Clerical;0;906.18;331.28;2;SO000701;11483
2012;201207;Q3;Jul 2012;Europe;Germany;Germany;Bikes;Road Bikes;Middle Income;46-55;Male;Management;0;704.46;294.42;1;SO000702;11747
2012;201207;Q3;Jul 2012;Europe;Germany;Germany;Bikes;Mountain Bikes;Middle Income;46-55;Male;Management;0;1086.62;418.39;1;SO000702;11747
2012;201207;Q3;Jul 2012;North America;United States;Northwest;Accessories;Helmets;Middle Income;55+;Female;Management;1;114.83;68.25;1;SO000703;11216
2012;201207;Q3;Jul 2012;Europe;United Kingdom;United Kingdom;Bikes;Road Bikes;Middle Income;26-35;Male;Clerical;0;1973.14;806.80;1;SO000704;11407
2012;201207;Q3;Jul 2012;Pacific;Australia;Australia;Clothing;Shorts;Middle Income;36-45;Male;Manual;1;176.04;64.95;2;SO000705;11686
2012;201207;Q3;Jul 2012;Europe;France;France;Clothing;Caps;High Income;26-35;Male;Skilled Manual;1;52.53;19.08;1;SO000706;11183
2012;201207;Q3;Jul 2012;Pacific;Australia;Australia;Bikes;Mountain Bikes;Low Income;46-55;Female;Skilled Manual;1;1200.44;478.44;1;SO000707;11888
2012;201207;Q3;Jul 2012;Pacific;Australia;Australia;Bikes;Mountain Bikes;Middle Income;46-55;Female;Professional;1;1105.00;452.47;1;SO000708;11017
2012;201207;Q3;Jul 2012;Pacific;Australia;Australia;Bikes;Road Bikes;Middle Income;36-45;Female;Professional;0;7457.64;3285.56;3;SO000709;11281
2012;201207;Q3;Jul 2012;Pacific;Australia;Australia;Components;Handlebars;Middle Income;55+;Female;Clerical;1;763.28;233.83;2;SO000710;11391
2012;201207;Q3;Jul 2012;Europe;France;France;Bikes;Road Bikes;Middle Income;55+;Male;Professional;1;2628.82;1011.72;1;SO000711;11443
2012;201207;Q3;Jul 2012;North America;Canada;Canada;Clothing;Gloves;High Income;55+;Female;Professional;1;52.37;22.16;1;SO000712;11513
2012;201207;Q3;Jul 2012;North America;United States;Northeast;Accessories;Tires and Tubes;Low Income;55+;Male;Professional;1;73.45;45.78;1;SO000713;11650
2012;201207;Q3;Jul 2012;North America;United States;Northeast;Bikes;Road Bikes;Low Income;55+;Male;Professional;1;1653.67;657.68;1;SO000713;11650
2012;201207;Q3;Jul 2012;North America;United States;Southeast;Clothing;Jerseys;Low Income;55+;Female;Skilled Manual;1;59.29;22.98;1;SO000714;11455
2012;201207;Q3;Jul 2012;Europe;United Kingdom;United Kingdom;Accessories;Tires and Tubes;Middle Income;55+;Female;Clerical;0;52.77;33.84;1;SO000715;11212
2012;201207;Q3;Jul 2012;Europe;France;France;Bikes;Mountain Bikes;High Income;46-55;Male;Clerical;0;1200.14;459.33;1;SO000716;11769
2012;201207;Q3;Jul 2012;Europe;France;France;Bikes;Mountain Bikes;Middle Income;46-55;Male;Clerical;1;2623.16;1103.43;1;SO000717;11796
2012;201207;Q3;Jul 2012;North America;United States;Central;Components;Wheels;Middle Income;36-45;Female;Clerical;1;365.13;117.96;3;SO000718;11651
2012;201207;Q3;Jul 2012;Europe;Germany;Germany;Bikes;Road Bikes;Middle Income;55+;Male;Clerical;1;1327.74;556.03;1;SO000719;11545
2012;201207;Q3;Jul 2012;Europe;Germany;Germany;Bikes;Mountain Bikes;Middle Income;55+;Male;Clerical;1;2750.01;1225.51;1;SO000719;11545
2012;201207;Q3;Jul 2012;Europe;Germany;Germany;Bikes;Mountain Bikes;Middle Income;55+;Male;Clerical;1;2451.39;1041.23;1;SO000719;11545
2012;201207;Q3;Jul 2012;North America;United States;Central;Clothing;Gloves;High Income;55+;Male;Management;1;69.90;26.28;1;SO000720;11379
2012;201207;Q3;Jul 2012;North America;United States;Northwest;Clothing;Caps;Low Income;46-55;Male;Manual;1;27.78;11.34;1;SO000721;11135
2012;201207;Q3;Jul 2012;North America;United States;Northwest;Bikes;Mountain Bikes;Low Income;46-55;Male;Manual;1;2721.73;1022.25;1;SO000721;11135
2012;201207;Q3;Jul 2012;North America;United States;Northwest;Accessories;Tires and Tubes;Low Income;46-55;Male;Manual;1;312.45;182.98;3;SO000721;11135
2012;201207;Q3;Jul 2012;Europe;France;France;Bikes;Road Bikes;Middle Income;46-55;Male;Clerical;1;5460.84;2037.94;2;SO000722;11427
2012;201207;Q3;Jul 2012;Europe;France;France;Bikes;Road Bikes;Middle Income;46-55;Male;Clerical;1;1932.13;836.60;1;SO000722;11427
2012;201207;Q3;Jul 2012;North America;United States;Southwest;Bikes;Mountain Bikes;High Income;46-55;Male;Management;1;2576.48;973.32;2;SO000723;11106
2012;201207;Q3;Jul 2012;Europe;United Kingdom;United Kingdom;Bikes;Road Bikes;High Income;46-55;Male;Skilled Manual;1;2291.05;956.64;1;SO000724;11657
2012;201207;Q3;Jul 2012;North America;United States;Central;Bikes;Road Bikes;Middle Income;36-45;Female;Manual;1;2474.90;1009.82;1;SO000725;11779
2012;201207;Q3;Jul 2012;North America;United States;Central;Bikes;Road Bikes;Middle Income;36-45;Female;Manual;1;2954.56;1123.57;1;SO000725;11779
2012;201207;Q3;Jul 2012;North America;United States;Southeast;Bikes;Road Bikes;Middle Income;36-45;Male;Manual;1;5574.56;2506.82;2;SO000726;11622
2012;201207;Q3;Jul 2012;Pacific;Australia;Australia;Components;Wheels;High Income;55+;Female;Manual;1;523.48;177.31;2;SO000727;11415
2012;201207;Q3;Jul 2012;North America;United States;Northwest;Accessories;Helmets;Middle Income;36-45;Male;Management;1;46.00;28.37;1;SO000728;11388
2012;201207;Q3;Jul 2012;North America;United States;Northwest;Clothing;Jerseys;Middle Income;36-45;Male;Management;1;158.40;66.95;2;SO000728;11388
2012;201207;Q3;Jul 2012;Europe;Germany;Germany;Components;Brakes;Middle Income;26-35;Male;Skilled Manual;0;197.25;68.12;3;SO000729;11536
2012;201208;Q3;Aug 2012;Europe;United Kingdom;United Kingdom;Components;Handlebars;Middle Income;55+;Male;Management;1;82.03;25.86;1;SO000730;11262
2012;201208;Q3;Aug 2012;Europe;France;France;Bikes;Mountain Bikes;Middle Income;26-35;Male;Management;1;2474.94;954.62;1;SO000731;11850
2012;201208;Q3;Aug 2012;Pacific;Australia;Australia;Bikes;Road Bikes;Low Income;46-55;Male;Manual;1;2024.54;892.66;2;SO000732;11119
2012;201208;Q3;Aug 2012;North America;Canada;Canada;Bikes;Road Bikes;High Income;36-45;Female;Manual;1;1494.52;630.12;1;SO000733;11796
2012;201208;Q3;Aug 2012;Europe;Germany;Germany;Components;Saddles;Middle Income;55+;Female;Clerical;0;450.95;153.67;1;SO000734;11270
2012;201208;Q3;Aug 2012;Europe;Germany;Germany;Bikes;Mountain Bikes;Middle Income;55+;Female;Clerical;0;1909.64;753.11;1;SO000734;11270
2012;201208;Q3;Aug 2012;Europe;Germany;Germany;Components;Saddles;Middle Income;55+;Female;Clerical;0;356.00;130.23;1;SO000734;11270
2012;201208;Q3;Aug 2012;Europe;United Kingdom;United Kingdom;Bikes;Road Bikes;Low Income;46-55;Female;Manual;1;2581.28;1021.93;1;SO000735;11198
2012;201208;Q3;Aug 2012;Europe;United Kingdom;United Kingdom;Clothing;Shorts;High Income;46-55;Male;Skilled Manual;1;38.40;16.69;1;SO000736;11196
2012;201208;Q3;Aug 2012;Europe;United Kingdom;United Kingdom;Clothing;Shorts;High Income;46-55;Male;Skilled Manual;1;43.36;16.84;1;SO000736;11196
2012;201208;Q3;Aug 2012;North America;United States;Southwest;Bikes;Road Bikes;Middle Income;46-55;Female;Professional;1;6859.92;2959.12;2;SO000737;11763
2012;201208;Q3;Aug 2012;Europe;Germany;Germany;Clothing;Shorts;Low Income;55+;Female;Skilled Manual;0;71.73;30.40;1;SO000738;11019
2012;201208;Q3;Aug 2012;Pacific;Australia;Australia;Components;Saddles;Low Income;36-45;Female;Clerical;1;458.09;155.28;1;SO000739;11632
2012;201208;Q3;Aug 2012;Pacific;Australia;Australia;Bikes;Road Bikes;Low Income;36-45;Female;Clerical;1;866.09;324.34;1;SO000739;11632
2012;201208;Q3;Aug 2012;Pacific;Australia;Australia;Bikes;Road Bikes;Low Income;36-45;Female;Clerical;1;3286.10;1245.05;1;SO000739;11632
2012;201208;Q3;Aug 2012;Europe;Germany;Germany;Bikes;Road Bikes;Middle Income;55+;Female;Management;0;1386.63;576.59;1;SO000740;11137
2012;201208;Q3;Aug 2012;North America;Canada;Canada;Bikes;Mountain Bikes;Middle Income;26-35;Male;Skilled Manual;1;2011.31;818.33;1;SO000741;11781
2012;201208;Q3;Aug 2012;North America;Canada;Canada;Bikes;Road Bikes;Middle Income;26-35;Male;Skilled Manual;1;4275.81;1788.53;3;SO000741;11781
2012;201208;Q3;Aug 2012;North America;Canada;Canada;Components;Wheels;Middle Income;26-35;Male;Skilled Manual;1;228.96;75.95;1;SO000741;11781
2012;201208;Q3;Aug 2012;Europe;United Kingdom;United Kingdom;Components;Handlebars;High Income;46-55;Male;Manual;1;532.64;184.29;2;SO000742;11498
2012;201208;Q3;Aug 2012;Europe;United Kingdom;United Kingdom;Accessories;Helmets;High Income;46-55;Male;Manual;1;117.04;75.19;1;SO000742;11498
2012;201208;Q3;Aug 2012;Europe;United Kingdom;United Kingdom;Bikes;Road Bikes;High Income;46-55;Male;Manual;1;1891.28;839.35;2;SO000742;11498
2012;201208;Q3;Aug 2012;North America;Canada;Canada;Clothing;Gloves;High Income;55+;Female;Skilled Manual;1;25.11;10.34;1;SO000743;11624
2012;201208;Q3;Aug 2012;Pacific;Australia;Australia;Bikes;Road Bikes;High Income;46-55;Female;Professional;1;3095.61;1290.10;1;SO000744;11347
2012;201208;Q3;Aug 2012;North America;United States;Southeast;Bikes;Road Bikes;Middle Income;36-45;Female;Manual;0;773.43;323.41;1;SO000745;11786
2012;201208;Q3;Aug 2012;North America;United States;Northeast;Bikes;Mountain Bikes;Middle Income;55+;Female;Skilled Manual;0;1459.02;649.12;1;SO000746;11864
2012;201208;Q3;Aug 2012;North America;United States;Northeast;Bikes;Road Bikes;Middle Income;55+;Female;Skilled Manual;0;3157.39;1406.78;1;SO000746;11864
2012;201208;Q3;Aug 2012;Europe;Germany;Germany;Bikes;Mountain Bikes;Low Income;55+;Male;Clerical;0;4705.22;1787.85;2;SO000747;11126
2012;201208;Q3;Aug 2012;Pacific;Australia;Australia;Bikes;Mountain Bikes;Low Income;36-45;Female;Manual;1;954.21;391.75;1;SO000748;11179
2012;201208;Q3;Aug 2012;Pacific;Australia;Australia;Bikes;Road Bikes;Low Income;36-45;Female;Manual;1;1979.47;733.55;1;SO000748;11179
2012;201208;Q3;Aug 2012;Pacific;Australia;Australia;Accessories;Bottles and Cages;Middle Income;55+;Male;Clerical;1;115.89;73.98;1;SO000749;11822
2012;201208;Q3;Aug 2012;North America;United States;Northeast;Bikes;Mountain Bikes;Low Income;18-25;Male;Management;1;5101.34;2039.19;2;SO000750;11331
2012;201208;Q3;Aug 2012;North America;United States;Northeast;Bikes;Mountain Bikes;Low Income;18-25;Male;Management;1;1188.98;489.25;1;SO000750;11331
2012;201208;Q3;Aug 2012;Europe;United Kingdom;United Kingdom;Bikes;Road Bikes;Middle Income;55+;Male;Professional;1;4327.53;1712.34;3;SO000751;11155
2012;201208;Q3;Aug 2012;North America;United States;Northwest;Accessories;Bottles and Cages;High Income;26-35;Male;Clerical;0;6.72;4.38;1;SO000752;11802
2012;201208;Q3;Aug 2012;Pacific;Australia;Australia;Accessories;Helmets;Low Income;46-55;Female;Manual;1;58.99;38.48;1;SO000753;11094
2012;201208;Q3;Aug 2012;North America;United States;Central;Clothing;Gloves;Middle Income;46-55;Male;Clerical;1;56.03;23.78;1;SO000754;11131
2012;201208;Q3;Aug 2012;North America;United States;Central;Bikes;Road Bikes;Middle Income;46-55;Male;Clerical;1;965.41;388.39;1;SO000754;11131
2012;201208;Q3;Aug 2012;North America;United States;Northeast;Bikes;Road Bikes;Middle Income;55+;Female;Skilled Manual;1;4340.49;1918.33;3;SO000755;11629
2012;201208;Q3;Aug 2012;North America;United States;Northeast;Bikes;Road Bikes;Middle Income;55+;Female;Skilled Manual;1;2322.23;1032.86;1;SO000755;11629
2012;201208;Q3;Aug 2012;Europe;United Kingdom;United Kingdom;Clothing;Gloves;Middle Income;55+;Male;Professional;0;42.58;17.28;1;SO000756;11035
2012;201208;Q3;Aug 2012;Europe;United Kingdom;United Kingdom;Bikes;Road Bikes;Middle Income;55+;Male;Professional;0;3134.67;1403.27;1;SO000756;11035
2012;201208;Q3;Aug 2012;Pacific;Australia;Australia;Bikes;Road Bikes;Middle Income;36-45;Female;Professional;1;3199.08;1248.99;1;SO000757;11415
2012;201208;Q3;Aug 2012;Pacific;Australia;Australia;Clothing;Caps;Middle Income;36-45;Female;Professional;1;103.88;38.20;2;SO000757;11415
2012;201208;Q3;Aug 2012;Pacific;Australia;Australia;Components;Brakes;Low Income;46-55;Male;Manual;0;367.84;114.07;1;SO000758;11876
2012;201208;Q3;Aug 2012;North America;United States;Southeast;Accessories;Helmets;Middle Income;55+;Male;Clerical;0;90.63;56.38;1;SO000759;11355
2012;201208;Q3;Aug 2012;North America;United States;Central;Components;Wheels;Middle Income;55+;Female;Manual;0;86.06;26.96;1;SO000760;11798
2012;201208;Q3;Aug 2012;North America;United States;Central;Accessories;Bottles and Cages;Middle Income;55+;Female;Manual;0;182.76;108.22;2;SO000760;11798
2012;201209;Q3;Sep 2012;Pacific;Australia;Australia;Components;Saddles;Middle Income;55+;Female;Skilled Manual;1;102.62;38.49;1;SO000761;11624
2012;201209;Q3;Sep 2012;Pacific;Australia;Australia;Bikes;Road Bikes;Middle Income;55+;Female;Skilled Manual;1;5141.48;1988.21;2;SO000761;11624
2012;201209;Q3;Sep 2012;Pacific;Australia;Australia;Accessories;Helmets;Middle Income;55+;Female;Skilled Manual;1;52.19;30.87;1;SO000761;11624
2012;201209;Q3;Sep 2012;North America;United States;Northeast;Bikes;Mountain Bikes;Middle Income;36-45;Female;Clerical;0;4420.23;1951.14;3;SO000762;11842
2012;201209;Q3;Sep 2012;Europe;United Kingdom;United Kingdom;Bikes;Road Bikes;Low Income;26-35;Female;Skilled Manual;0;2459.93;1002.89;1;SO000763;11126
2012;201209;Q3;Sep 2012;Europe;United Kingdom;United Kingdom;Accessories;Tires and Tubes;Low Income;26-35;Female;Skilled Manual;0;134.48;84.56;2;SO000763;11126
2012;201209;Q3;Sep 2012;North America;United States;Southwest;Bikes;Road Bikes;High Income;55+;Male;Clerical;1;2687.33;1180.38;1;SO000764;11157
2012;201209;Q3;Sep 2012;Europe;United Kingdom;United Kingdom;Components;Saddles;Middle Income;26-35;Female;Management;1;88.39;31.96;1;SO000765;11498
2012;201209;Q3;Sep 2012;Europe;United Kingdom;United Kingdom;Clothing;Shorts;Middle Income;26-35;Female;Management;1;194.46;75.12;3;SO000765;11498
2012;201209;Q3;Sep 2012;Europe;Germany;Germany;Bikes;Road Bikes;Low Income;26-35;Female;Management;1;2886.58;1231.65;1;SO000766;11682
2012;201209;Q3;Sep 2012;North America;Canada;Canada;Clothing;Jerseys;Middle Income;55+;Female;Professional;0;28.22;11.88;1;SO000767;11574
2012;201209;Q3;Sep 2012;Pacific;Australia;Australia;Bikes;Road Bikes;High Income;55+;Male;Skilled Manual;1;1816.34;789.05;1;SO000768;11369
2012;201209;Q3;Sep 2012;Pacific;Australia;Australia;Accessories;Tires and Tubes;High Income;55+;Male;Skilled Manual;1;89.52;53.22;3;SO000768;11369
2012;201209;Q3;Sep 2012;Europe;France;France;Accessories;Tires and Tubes;Middle Income;46-55;Male;Clerical;1;100.80;62.06;3;SO000769;11645
2012;201209;Q3;Sep 2012;North America;United States;Southwest;Bikes;Road Bikes;High Income;36-45;Female;Clerical;1;3269.08;1370.77;2;SO000770;11048
2012;201209;Q3;Sep 2012;North America;United States;Southwest;Accessories;Bottles and Cages;High Income;36-45;Female;Clerical;1;40.17;26.24;1;SO000770;11048
2012;201209;Q3;Sep 2012;North America;Canada;Canada;Bikes;Road Bikes;Middle Income;55+;Female;Management;1;6416.36;2761.48;2;SO000771;11092
2012;201209;Q3;Sep 2012;North America;Canada;Canada;Components;Handlebars;Middle Income;55+;Female;Management;1;127.30;41.35;1;SO000771;11092
2012;201209;Q3;Sep 2012;Europe;United Kingdom;United Kingdom;Bikes;Road Bikes;High Income;46-55;Female;Manual;0;7670.79;3361.16;3;SO000772;11518
2012;201209;Q3;Sep 2012;Europe;United Kingdom;United Kingdom;Bikes;Mountain Bikes;Middle Income;55+;Male;Skilled Manual;0;1134.03;509.65;1;SO000773;11149
2012;201209;Q3;Sep 2012;Pacific;Australia;Australia;Components;Saddles;Low Income;36-45;Male;Management;0;461.36;158.75;2;SO000774;11026
2012;201209;Q3;Sep 2012;North America;United States;Northeast;Bikes;Road Bikes;High Income;46-55;Female;Skilled Manual;1;3291.42;1279.63;1;SO000775;11581
2012;201209;Q3;Sep 2012;North America;United States;Northeast;Bikes;Mountain Bikes;High Income;46-55;Female;Skilled Manual;1;3229.74;1417.20;3;SO000775;11581
2012;201209;Q3;Sep 2012;North America;United States;Central;Clothing;Gloves;Middle Income;26-35;Female;Manual;1;140.46;57.81;2;SO000776;11719
2012;201209;Q3;Sep 2012;Europe;Germany;Germany;Bikes;Mountain Bikes;Middle Income;46-55;Male;Clerical;1;1955.71;825.35;1;SO000777;11567
2012;201209;Q3;Sep 2012;Pacific;Australia;Australia;Accessories;Bottles and Cages;Low Income;46-55;Female;Manual;1;226.84;149.46;2;SO000778;11355
2012;201209;Q3;Sep 2012;Pacific;Australia;Australia;Bikes;Road Bikes;Low Income;46-55;Female;Manual;1;2652.18;1045.95;1;SO000778;11355
2012;201209;Q3;Sep 2012;Pacific;Australia;Australia;Bikes;Road Bikes;Low Income;46-55;Female;Manual;1;3311.55;1368.23;3;SO000778;11355
2012;201209;Q3;Sep 2012;Pacific;Australia;Australia;Bikes;Mountain Bikes;High Income;26-35;Female;Manual;0;2745.06;1176.55;1;SO000779;11697
2012;201209;Q3;Sep 2012;Pacific;Australia;Australia;Bikes;Road Bikes;High Income;26-35;Female;Manual;0;6941.70;3032.55;2;SO000779;11697
2012;201209;Q3;Sep 2012;North America;Canada;Canada;Bikes;Road Bikes;High Income;46-55;Male;Clerical;1;1661.23;627.40;1;SO000780;11030
2012;201209;Q3;Sep 2012;North America;Canada;Canada;Bikes;Road Bikes;High Income;46-55;Male;Clerical;1;1405.64;530.29;1;SO000780;11030
2012;201209;Q3;Sep 2012;Pacific;Australia;Australia;Bikes;Mountain Bikes;Middle Income;55+;Male;Skilled Manual;1;1741.04;721.78;2;SO000781;11266
2012;201209;Q3;Sep 2012;Pacific;Australia;Australia;Accessories;Helmets;Middle Income;55+;Male;Skilled Manual;1;115.81;72.07;1;SO000781;11266
2012;201209;Q3;Sep 2012;North America;United States;Southwest;Accessories;Bottles and Cages;Low Income;55+;Female;Professional;0;117.21;68.89;1;SO000782;11004
2012;201209;Q3;Sep 2012;Europe;France;France;Bikes;Road Bikes;Middle Income;55+;Male;Manual;0;2205.25;984.96;1;SO000783;11699
2012;201209;Q3;Sep 2012;Europe;France;France;Components;Handlebars;Middle Income;55+;Male;Manual;0;268.74;95.31;3;SO000783;11699
2012;201209;Q3;Sep 2012;Pacific;Australia;Australia;Components;Brakes;Middle Income;46-55;Female;Clerical;1;208.22;66.45;1;SO000784;11604
2012;201209;Q3;Sep 2012;Pacific;Australia;Australia;Clothing;Gloves;Middle Income;46-55;Female;Clerical;1;45.82;16.71;2;SO000784;11604
2012;201209;Q3;Sep 2012;Europe;Germany;Germany;Accessories;Tires and Tubes;High Income;26-35;Female;Manual;1;56.51;33.67;1;SO000785;11491
2012;201209;Q3;Sep 2012;Europe;Germany;Germany;Components;Saddles;High Income;26-35;Female;Manual;1;213.45;72.41;1;SO000785;11491
2012;201209;Q3;Sep 2012;North America;United States;Central;Bikes;Mountain Bikes;Middle Income;46-55;Female;Skilled Manual;0;2344.92;1036.51;1;SO000786;11503
2012;201209;Q3;Sep 2012;North America;United States;Southwest;Components;Brakes;High Income;46-55;Male;Skilled Manual;1;709.44;237.45;2;SO000787;11555
2012;201209;Q3;Sep 2012;Pacific;Australia;Australia;Bikes;Mountain Bikes;Middle Income;55+;Male;Management;0;1808.60;698.64;2;SO000788;11520
2012;201209;Q3;Sep 2012;Pacific;Australia;Australia;Accessories;Tires and Tubes;Low Income;46-55;Male;Skilled Manual;0;355.53;229.72;3;SO000789;11211
2012;201209;Q3;Sep 2012;Pacific;Australia;Australia;Bikes;Road Bikes;Low Income;46-55;Male;Skilled Manual;0;1096.67;427.37;1;SO000789;11211
2012;201209;Q3;Sep 2012;Pacific;Australia;Australia;Accessories;Tires and Tubes;Low Income;46-55;Male;Skilled Manual;0;104.33;65.74;1;SO000789;11211
2012;201209;Q3;Sep 2012;Europe;France;France;Bikes;Road Bikes;Middle Income;18-25;Female;Clerical;1;729.20;310.20;1;SO000790;11209
2012;201209;Q3;Sep 2012;Europe;France;France;Bikes;Road Bikes;Middle Income;18-25;Female;Clerical;1;2630.60;988.16;1;SO000790;11209
2012;201209;Q3;Sep 2012;North America;United States;Southeast;Bikes;Road Bikes;Low Income;46-55;Male;Skilled Manual;1;2830.77;1136.82;1;SO000791;11117
2012;201209;Q3;Sep 2012;Europe;France;France;Bikes;Road Bikes;Low Income;46-55;Male;Clerical;1;2835.12;1231.90;1;SO000792;11206
2012;201209;Q3;Sep 2012;Pacific;Australia;Australia;Accessories;Helmets;Middle Income;26-35;Male;Manual;0;114.09;69.29;1;SO000793;11247
2012;201209;Q3;Sep 2012;Pacific;Australia;Australia;Components;Wheels;Middle Income;26-35;Male;Manual;0;132.30;46.51;1;SO000793;11247
2012;201209;Q3;Sep 2012;Pacific;Australia;Australia;Bikes;Mountain Bikes;Middle Income;36-45;Male;Skilled Manual;1;1505.86;576.58;1;SO000794;11400
2012;201209;Q3;Sep 2012;Europe;France;France;Bikes;Mountain Bikes;Low Income;26-35;Male;Manual;0;990.62;385.05;1;SO000795;11560
2012;201209;Q3;Sep 2012;Europe;France;France;Bikes;Road Bikes;Low Income;26-35;Male;Manual;0;1785.08;741.44;1;SO000795;11560
2012;201209;Q3;Sep 2012;North America;United States;Northwest;Accessories;Tires and Tubes;Middle Income;26-35;Female;Manual;1;61.41;36.85;1;SO000796;11877
2012;201209;Q3;Sep 2012;Pacific;Australia;Australia;Bikes;Road Bikes;Middle Income;55+;Male;Management;1;9508.26;3798.04;3;SO000797;11651
2012;201209;Q3;Sep 2012;Pacific;Australia;Australia;Bikes;Road Bikes;Middle Income;55+;Male;Management;1;1987.81;848.51;1;SO000797;11651
2012;201209;Q3;Sep 2012;Europe;Germany;Germany;Bikes;Road Bikes;Low Income;46-55;Male;Clerical;1;1787.64;713.42;1;SO000798;11554
2012;201209;Q3;Sep 2012;Europe;Germany;Germany;Bikes;Road Bikes;Low Income;46-55;Male;Clerical;1;2183.82;850.99;1;SO000798;11554
2012;201210;Q4;Oct 2012;North America;United States;Central;Bikes;Mountain Bikes;Middle Income;46-55;Female;Skilled Manual;1;1966.50;869.93;1;SO000799;11582
2012;201210;Q4;Oct 2012;Europe;Germany;Germany;Bikes;Road Bikes;Low Income;36-45;Male;Clerical;1;2288.70;878.37;1;SO000800;11793
2012;201210;Q4;Oct 2012;Europe;United Kingdom;United Kingdom;Bikes;Road Bikes;Middle Income;46-55;Male;Management;1;3307.51;1307.45;1;SO000801;11763
2012;201210;Q4;Oct 2012;North America;Canada;Canada;Clothing;Shorts;Middle Income;55+;Male;Professional;0;83.86;36.24;2;SO000802;11781
2012;201210;Q4;Oct 2012;North America;Canada;Canada;Bikes;Mountain Bikes;Middle Income;55+;Male;Professional;0;4683.51;1757.64;3;SO000802;11781
2012;201210;Q4;Oct 2012;North America;Canada;Canada;Accessories;Tires and Tubes;Middle Income;55+;Male;Professional;0;100.25;61.96;1;SO000802;11781
2012;201210;Q4;Oct 2012;North America;United States;Southwest;Clothing;Caps;Low Income;46-55;Male;Management;1;58.66;23.32;1;SO000803;11720
2012;201210;Q4;Oct 2012;Europe;United Kingdom;United Kingdom;Bikes;Road Bikes;High Income;55+;Male;Clerical;0;2035.26;877.95;1;SO000804;11287
2012;201210;Q4;Oct 2012;Europe;United Kingdom;United Kingdom;Accessories;Tires and Tubes;High Income;55+;Male;Clerical;0;216.78;128.89;3;SO000804;11287
2012;201210;Q4;Oct 2012;Europe;France;France;Bikes;Road Bikes;High Income;55+;Female;Professional;0;3032.16;1348.71;3;SO000805;11020
2012;201210;Q4;Oct 2012;North America;United States;Southwest;Clothing;Caps;Middle Income;55+;Male;Skilled Manual;1;136.71;51.98;3;SO000806;11684
2012;201210;Q4;Oct 2012;North America;United States;Central;Accessories;Tires and Tubes;High Income;18-25;Female;Management;0;54.79;31.96;1;SO000807;11525
2012;201210;Q4;Oct 2012;North America;United States;Central;Accessories;Tires and Tubes;High Income;18-25;Female;Management;0;68.40;40.39;1;SO000807;11525
2012;201210;Q4;Oct 2012;North America;United States;Central;Accessories;Bottles and Cages;Low Income;46-55;Female;Clerical;1;63.95;42.17;1;SO000808;11639
2012;201210;Q4;Oct 2012;Pacific;Australia;Australia;Bikes;Road Bikes;Low Income;46-55;Female;Manual;0;2812.29;1190.44;3;SO000809;11434
2012;201210;Q4;Oct 2012;Europe;Germany;Germany;Bikes;Road Bikes;Low Income;26-35;Male;Management;0;5761.70;2529.93;2;SO000810;11326
2012;201210;Q4;Oct 2012;Europe;United Kingdom;United Kingdom;Bikes;Road Bikes;High Income;46-55;Male;Manual;1;1041.54;444.04;1;SO000811;11009
2012;201210;Q4;Oct 2012;Europe;United Kingdom;United Kingdom;Bikes;Road Bikes;High Income;46-55;Male;Manual;1;3658.83;1564.00;3;SO000811;11009
2012;201210;Q4;Oct 2012;North America;United States;Northeast;Bikes;Road Bikes;Low Income;55+;Female;Skilled Manual;0;1220.98;479.90;1;SO000812;11093
2012;201210;Q4;Oct 2012;Pacific;Australia;Australia;Clothing;Gloves;Middle Income;46-55;Male;Management;0;69.20;25.33;1;SO000813;11692
2012;201210;Q4;Oct 2012;Europe;Germany;Germany;Bikes;Road Bikes;Low Income;55+;Female;Manual;1;1665.33;648.25;1;SO000814;11191
2012;201210;Q4;Oct 2012;North America;Canada;Canada;Accessories;Helmets;Middle Income;36-45;Male;Professional;1;108.34;66.70;1;SO000815;11007
2012;201210;Q4;Oct 2012;North America;Canada;Canada;Accessories;Tires and Tubes;Middle Income;55+;Female;Manual;0;90.35;55.88;1;SO000816;11762
2012;201210;Q4;Oct 2012;North America;United States;Southeast;Bikes;Road Bikes;Middle Income;55+;Male;Management;0;3216.46;1394.98;2;SO000817;11511
2012;201210;Q4;Oct 2012;Pacific;Australia;Australia;Clothing;Caps;Middle Income;26-35;Female;Clerical;0;192.75;75.55;3;SO000818;11412
2012;201210;Q4;Oct 2012;Pacific;Australia;Australia;Bikes;Road Bikes;Middle Income;26-35;Female;Clerical;0;3368.73;1501.39;3;SO000818;11412
2012;201210;Q4;Oct 2012;North America;United States;Southeast;Bikes;Road Bikes;Middle Income;36-45;Male;Professional;1;1231.85;515.59;1;SO000819;11222
2012;201210;Q4;Oct 2012;Pacific;Australia;Australia;Accessories;Tires and Tubes;Middle Income;55+;Female;Professional;0;64.66;40.06;1;SO000820;11511
2012;201210;Q4;Oct 2012;Pacific;Australia;Australia;Bikes;Road Bikes;Middle Income;55+;Female;Professional;0;1562.42;597.92;1;SO000820;11511
2012;201210;Q4;Oct 2012;Pacific;Australia;Australia;Accessories;Tires and Tubes;Middle Income;55+;Female;Professional;0;19.88;11.98;1;SO000820;11511
2012;201210;Q4;Oct 2012;Pacific;Australia;Australia;Bikes;Road Bikes;Middle Income;55+;Male;Professional;1;3248.41;1436.46;1;SO000821;11742
2012;201210;Q4;Oct 2012;Europe;France;France;Clothing;Gloves;High Income;46-55;Female;Management;0;125.32;53.27;2;SO000822;11649
2012;201210;Q4;Oct 2012;Europe;France;France;Bikes;Road Bikes;High Income;46-55;Female;Management;0;754.31;309.93;1;SO000822;11649
2012;201210;Q4;Oct 2012;Europe;France;France;Bikes;Mountain Bikes;High Income;46-55;Female;Management;0;927.66;379.67;1;SO000822;11649
2012;201210;Q4;Oct 2012;Europe;Germany;Germany;Accessories;Helmets;Low Income;46-55;Male;Skilled Manual;0;5.35;3.26;1;SO000823;11617
2012;201210;Q4;Oct 2012;Pacific;Australia;Australia;Accessories;Helmets;High Income;55+;Female;Skilled Manual;0;11.96;7.78;1;SO000824;11635
2012;201210;Q4;Oct 2012;Pacific;Australia;Australia;Bikes;Road Bikes;High Income;55+;Female;Skilled Manual;0;2913.99;1176.78;1;SO000824;11635
2012;201210;Q4;Oct 2012;Europe;Germany;Germany;Bikes;Mountain Bikes;Middle Income;26-35;Male;Professional;1;1769.65;676.99;1;SO000825;11838
2012;201210;Q4;Oct 2012;Europe;United Kingdom;United Kingdom;Accessories;Tires and Tubes;High Income;46-55;Male;Manual;1;57.75;37.50;3;SO000826;11454
2012;201210;Q4;Oct 2012;Pacific;Australia;Australia;Bikes;Mountain Bikes;Middle Income;55+;Male;Clerical;1;1607.24;691.95;1;SO000827;11565
2012;201210;Q4;Oct 2012;Europe;Germany;Germany;Bikes;Mountain Bikes;High Income;55+;Female;Professional;0;4074.12;1753.39;3;SO000828;11040
2012;201210;Q4;Oct 2012;North America;United States;Southeast;Accessories;Tires and Tubes;Middle Income;26-35;Female;Manual;0;99.63;64.28;1;SO000829;11365
2012;201210;Q4;Oct 2012;North America;United States;Southwest;Bikes;Mountain Bikes;Low Income;26-35;Male;Professional;0;10117.14;3854.77;3;SO000830;11459
2012;201210;Q4;Oct 2012;North America;United States;Southeast;Bikes;Road Bikes;Low Income;55+;Female;Professional;1;1342.62;549.56;1;SO000831;11327
2012;201210;Q4;Oct 2012;Europe;United Kingdom;United Kingdom;Clothing;Shorts;Middle Income;55+;Female;Management;0;46.20;18.07;1;SO000832;11357
2012;201210;Q4;Oct 2012;North America;United States;Central;Bikes;Road Bikes;Middle Income;36-45;Female;Clerical;0;2523.94;1037.20;1;SO000833;11854
2012;201210;Q4;Oct 2012;North America;United States;Central;Bikes;Mountain Bikes;Middle Income;36-45;Female;Clerical;0;1784.87;675.64;1;SO000833;11854
2012;201211;Q4;Nov 2012;North America;United States;Central;Bikes;Road Bikes;High Income;36-45;Male;Manual;1;3192.58;1396.71;1;SO000834;11210
2012;201211;Q4;Nov 2012;Pacific;Australia;Australia;Bikes;Road Bikes;Low Income;55+;Female;Management;1;1794.11;772.02;1;SO000835;11222
2012;201211;Q4;Nov 2012;Pacific;Australia;Australia;Components;Saddles;Low Income;55+;Female;Management;1;171.26;64.90;1;SO000835;11222
2012;201211;Q4;Nov 2012;Pacific;Australia;Australia;Clothing;Gloves;Low Income;55+;Female;Management;1;27.51;9.90;1;SO000835;11222
2012;201211;Q4;Nov 2012;North America;Canada;Canada;Components;Brakes;High Income;55+;Female;Clerical;1;139.04;43.83;1;SO000836;11031
2012;201211;Q4;Nov 2012;North America;Canada;Canada;Bikes;Road Bikes;High Income;55+;Female;Clerical;1;1868.96;694.86;1;SO000836;11031
2012;201211;Q4;Nov 2012;North America;United States;Northwest;Components;Wheels;Middle Income;36-45;Male;Professional;0;79.60;25.38;1;SO000837;11788
2012;201211;Q4;Nov 2012;North America;United States;Northwest;Clothing;Shorts;Middle Income;36-45;Male;Professional;0;69.20;27.57;1;SO000837;11788
2012;201211;Q4;Nov 2012;Europe;United Kingdom;United Kingdom;Bikes;Mountain Bikes;Low Income;55+;Male;Professional;1;6944.79;2594.04;3;SO000838;11748
2012;201211;Q4;Nov 2012;Europe;France;France;Components;Wheels;Middle Income;55+;Male;Skilled Manual;0;246.07;73.86;1;SO000839;11064
2012;201211;Q4;Nov 2012;Europe;France;France;Accessories;Tires and Tubes;Middle Income;55+;Male;Skilled Manual;0;183.54;109.85;3;SO000839;11064
2012;201211;Q4;Nov 2012;Europe;United Kingdom;United Kingdom;Clothing;Gloves;Middle Income;46-55;Female;Clerical;0;64.75;25.42;1;SO000840;11868
2012;201211;Q4;Nov 2012;Pacific;Australia;Australia;Bikes;Road Bikes;High Income;55+;Male;Clerical;1;1085.40;481.89;1;SO000841;11594
2012;201211;Q4;Nov 2012;Pacific;Australia;Australia;Clothing;Gloves;High Income;46-55;Male;Manual;1;120.32;52.72;2;SO000842;11660
2012;201211;Q4;Nov 2012;North America;United States;Southeast;Bikes;Road Bikes;Low Income;46-55;Male;Manual;0;7682.94;2943.92;3;SO000843;11811
2012;201211;Q4;Nov 2012;Europe;United Kingdom;United Kingdom;Clothing;Gloves;Middle Income;36-45;Female;Manual;1;72.49;30.09;1;SO000844;11232
2012;201211;Q4;Nov 2012;North America;United States;Southeast;Clothing;Shorts;Low Income;55+;Male;Professional;0;48.43;20.63;1;SO000845;11108
2012;201211;Q4;Nov 2012;North America;Canada;Canada;Accessories;Helmets;Low Income;26-35;Male;Management;0;114.37;70.19;1;SO000846;11554
2012;201211;Q4;Nov 2012;North America;Canada;Canada;Bikes;Road Bikes;Low Income;26-35;Male;Management;0;2373.17;943.22;1;SO000846;11554
2012;201211;Q4;Nov 2012;North America;United States;Southeast;Bikes;Road Bikes;Middle Income;55+;Male;Clerical;0;6222.58;2493.39;2;SO000847;11383
2012;201211;Q4;Nov 2012;Europe;United Kingdom;United Kingdom;Components;Brakes;Middle Income;46-55;Female;Clerical;0;290.12;88.96;1;SO000848;11551
2012;201211;Q4;Nov 2012;Europe;Germany;Germany;Bikes;Road Bikes;Middle Income;55+;Male;Manual;1;2612.70;1052.52;2;SO000849;11741
2012;201211;Q4;Nov 2012;Europe;United Kingdom;United Kingdom;Bikes;Road Bikes;High Income;46-55;Male;Clerical;1;836.40;348.66;1;SO000850;11010
2012;201211;Q4;Nov 2012;Europe;United Kingdom;United Kingdom;Accessories;Helmets;High Income;46-55;Male;Clerical;1;116.22;68.92;3;SO000850;11010
2012;201211;Q4;Nov 2012;North America;Canada;Canada;Bikes;Road Bikes;Low Income;36-45;Male;Management;1;6470.30;2793.86;2;SO000851;11297
2012;201211;Q4;Nov 2012;North America;United States;Northeast;Components;Brakes;Middle Income;55+;Female;Management;1;104.03;37.37;1;SO000852;11044
2012;201211;Q4;Nov 2012;North America;United States;Northeast;Components;Brakes;Middle Income;55+;Female;Management;1;208.67;74.27;1;SO000852;11044
2012;201211;Q4;Nov 2012;Europe;United Kingdom;United Kingdom;Accessories;Helmets;Middle Income;26-35;Female;Professional;1;35.22;23.10;1;SO000853;11021
2012;201211;Q4;Nov 2012;Pacific;Australia;Australia;Bikes;Mountain Bikes;High Income;55+;Male;Professional;0;3490.26;1395.63;1;SO000854;11366
2012;201211;Q4;Nov 2012;Pacific;Australia;Australia;Bikes;Road Bikes;Middle Income;26-35;Male;Management;0;1741.20;715.31;1;SO000855;11269
2012;201211;Q4;Nov 2012;North America;United States;Southwest;Clothing;Gloves;Middle Income;18-25;Male;Skilled Manual;0;53.48;20.17;1;SO000856;11012
2012;201211;Q4;Nov 2012;North America;United States;Southwest;Bikes;Road Bikes;Middle Income;18-25;Male;Skilled Manual;0;2215.93;962.40;1;SO000856;11012
2012;201211;Q4;Nov 2012;North America;Canada;Canada;Accessories;Tires and Tubes;High Income;26-35;Male;Manual;0;300.66;184.16;3;SO000857;11149
2012;201211;Q4;Nov 2012;Pacific;Australia;Australia;Clothing;Gloves;High Income;18-25;Female;Clerical;1;86.46;34.65;1;SO000858;11770
2012;201211;Q4;Nov 2012;Pacific;Australia;Australia;Bikes;Road Bikes;High Income;18-25;Female;Clerical;1;2377.14;934.24;1;SO000858;11770
2012;201211;Q4;Nov 2012;North America;United States;Central;Bikes;Road Bikes;Low Income;26-35;Male;Management;0;3462.70;1375.80;1;SO000859;11791
2012;201211;Q4;Nov 2012;Pacific;Australia;Australia;Clothing;Gloves;High Income;55+;Female;Manual;1;26.37;10.53;1;SO000860;11856
2012;201211;Q4;Nov 2012;Pacific;Australia;Australia;Clothing;Gloves;Middle Income;36-45;Female;Skilled Manual;0;44.40;17.07;1;SO000861;11350
2012;201211;Q4;Nov 2012;North America;United States;Southeast;Accessories;Bottles and Cages;Middle Income;46-55;Male;Manual;0;46.57;29.03;1;SO000862;11845
2012;201211;Q4;Nov 2012;North America;United States;Southeast;Bikes;Road Bikes;Middle Income;46-55;Male;Manual;0;1185.56;507.38;1;SO000862;11845
2012;201211;Q4;Nov 2012;North America;United States;Northeast;Bikes;Road Bikes;Low Income;55+;Female;Management;1;2290.93;946.14;1;SO000863;11897
2012;201211;Q4;Nov 2012;North America;United States;Northwest;Components;Saddles;Middle Income;55+;Female;Professional;0;495.79;171.88;1;SO000864;11149
2012;201211;Q4;Nov 2012;Pacific;Australia;Australia;Bikes;Mountain Bikes;Low Income;26-35;Female;Clerical;0;1044.17;449.84;1;SO000865;11283
2012;201211;Q4;Nov 2012;North America;United States;Northwest;Accessories;Bottles and Cages;Middle Income;46-55;Female;Management;0;80.93;47.33;1;SO000866;11055
2012;201211;Q4;Nov 2012;North America;United States;Northwest;Bikes;Road Bikes;Middle Income;46-55;Female;Management;0;2991.46;1164.44;2;SO000866;11055
2012;201211;Q4;Nov 2012;North America;United States;Northwest;Bikes;Road Bikes;Middle Income;46-55;Female;Management;0;1446.86;599.30;1;SO000866;11055
2012;201211;Q4;Nov 2012;North America;United States;Northwest;Accessories;Bottles and Cages;Middle Income;36-45;Male;Management;1;90.15;59.35;1;SO000867;11860
2012;201211;Q4;Nov 2012;Europe;Germany;Germany;Clothing;Gloves;Low Income;55+;Male;Management;1;20.22;8.36;1;SO000868;11276
2012;201211;Q4;Nov 2012;Europe;Germany;Germany;Bikes;Road Bikes;Low Income;55+;Male;Management;1;3898.52;1514.87;2;SO000868;11276
2012;201211;Q4;Nov 2012;North America;United States;Southeast;Accessories;Bottles and Cages;Middle Income;55+;Female;Manual;1;123.04;79.14;2;SO000869;11867
2012;201211;Q4;Nov 2012;Pacific;Australia;Australia;Accessories;Helmets;Middle Income;46-55;Female;Manual;0;57.64;34.88;2;SO000870;11536
2012;201212;Q4;Dec 2012;Europe;United Kingdom;United Kingdom;Bikes;Road Bikes;Middle Income;55+;Male;Manual;0;3577.68;1422.54;2;SO000871;11254
2012;201212;Q4;Dec 2012;Europe;United Kingdom;United Kingdom;Bikes;Road Bikes;Middle Income;55+;Male;Manual;0;1946.92;786.42;1;SO000871;11254
2012;201212;Q4;Dec 2012;North America;United States;Northeast;Clothing;Gloves;Middle Income;55+;Female;Clerical;0;177.08;68.91;2;SO000872;11447
2012;201212;Q4;Dec 2012;North America;United States;Northeast;Bikes;Mountain Bikes;Low Income;55+;Male;Skilled Manual;0;3103.80;1217.56;1;SO000873;11778
2012;201212;Q4;Dec 2012;North America;United States;Southwest;Clothing;Gloves;Low Income;26-35;Male;Manual;0;52.92;20.84;1;SO000874;11190
2012;201212;Q4;Dec 2012;North America;United States;Northeast;Accessories;Tires and Tubes;Middle Income;26-35;Male;Skilled Manual;0;45.12;29.53;2;SO000875;11171
2012;201212;Q4;Dec 2012;Europe;United Kingdom;United Kingdom;Bikes;Road Bikes;High Income;55+;Male;Manual;0;1070.41;469.84;1;SO000876;11251
2012;201212;Q4;Dec 2012;Pacific;Australia;Australia;Accessories;Helmets;Middle Income;46-55;Male;Management;0;61.89;37.32;3;SO000877;11854
2012;201212;Q4;Dec 2012;Pacific;Australia;Australia;Bikes;Road Bikes;Middle Income;46-55;Male;Management;0;1806.05;746.47;1;SO000877;11854
2012;201212;Q4;Dec 2012;Europe;Germany;Germany;Bikes;Road Bikes;High Income;55+;Female;Manual;1;3102.20;1179.14;1;SO000878;11413
2012;201212;Q4;Dec 2012;Europe;Germany;Germany;Bikes;Mountain Bikes;High Income;55+;Female;Manual;1;1729.00;681.01;1;SO000878;11413
2012;201212;Q4;Dec 2012;Europe;Germany;Germany;Bikes;Road Bikes;Middle Income;46-55;Female;Clerical;0;3919.66;1635.42;2;SO000879;11618
2012;201212;Q4;Dec 2012;Europe;Germany;Germany;Accessories;Bottles and Cages;Middle Income;46-55;Female;Clerical;0;39.73;23.82;1;SO000879;11618
2012;201212;Q4;Dec 2012;Europe;Germany;Germany;Bikes;Mountain Bikes;Middle Income;46-55;Female;Skilled Manual;0;1107.50;466.48;1;SO000880;11016
2012;201212;Q4;Dec 2012;North America;United States;Northwest;Bikes;Road Bikes;Middle Income;55+;Female;Professional;1;3447.80;1509.36;1;SO000881;11103
2012;201212;Q4;Dec 2012;Pacific;Australia;Australia;Bikes;Mountain Bikes;Middle Income;46-55;Male;Professional;0;1312.34;540.27;1;SO000882;11069
2012;201212;Q4;Dec 2012;Pacific;Australia;Australia;Bikes;Road Bikes;Middle Income;46-55;Male;Professional;0;2416.19;961.05;1;SO000882;11069
2012;201212;Q4;Dec 2012;North America;United States;Northwest;Bikes;Road Bikes;High Income;46-55;Female;Clerical;1;4571.56;1716.09;2;SO000883;11334
2012;201212;Q4;Dec 2012;North America;United States;Northwest;Components;Saddles;High Income;46-55;Female;Clerical;1;368.56;132.13;1;SO000883;11334
2012;201212;Q4;Dec 2012;North America;United States;Northeast;Bikes;Mountain Bikes;High Income;36-45;Female;Skilled Manual;1;3733.74;1551.53;3;SO000884;11650
2012;201212;Q4;Dec 2012;Europe;United Kingdom;United Kingdom;Bikes;Road Bikes;Middle Income;46-55;Male;Professional;0;885.05;360.63;1;SO000885;11427
2012;201212;Q4;Dec 2012;Europe;France;France;Components;Handlebars;Low Income;55+;Female;Manual;1;292.05;108.67;1;SO000886;11169
2012;201212;Q4;Dec 2012;Europe;France;France;Accessories;Tires and Tubes;Low Income;55+;Female;Manual;1;81.79;52.90;1;SO000886;11169
2012;201212;Q4;Dec 2012;Pacific;Australia;Australia;Bikes;Road Bikes;High Income;55+;Male;Management;0;3423.73;1538.30;1;SO000887;11603
2012;201212;Q4;Dec 2012;Europe;France;France;Bikes;Mountain Bikes;High Income;36-45;Male;Manual;0;1129.12;426.68;1;SO000888;11052
2012;201212;Q4;Dec 2012;Europe;France;France;Bikes;Road Bikes;High Income;36-45;Male;Manual;0;1819.58;755.72;1;SO000888;11052
2012;201212;Q4;Dec 2012;North America;United States;Northeast;Clothing;Gloves;Middle Income;55+;Male;Skilled Manual;0;88.49;34.22;1;SO000889;11306
2012;201212;Q4;Dec 2012;North America;United States;Northeast;Clothing;Shorts;Middle Income;55+;Female;Manual;0;76.32;29.53;1;SO000890;11379
2012;201212;Q4;Dec 2012;North America;United States;Southeast;Bikes;Mountain Bikes;High Income;26-35;Male;Professional;0;8766.15;3732.54;3;SO000891;11612
2012;201212;Q4;Dec 2012;Europe;France;France;Bikes;Mountain Bikes;Middle Income;26-35;Female;Skilled Manual;1;3248.80;1212.18;2;SO000892;11155
2012;201212;Q4;Dec 2012;Europe;France;France;Accessories;Helmets;Middle Income;26-35;Female;Skilled Manual;1;99.46;59.22;1;SO000892;11155
2012;201212;Q4;Dec 2012;Europe;Germany;Germany;Bikes;Road Bikes;Low Income;46-55;Male;Manual;1;2873.01;1181.36;1;SO000893;11174
2012;201212;Q4;Dec 2012;North America;Canada;Canada;Bikes;Road Bikes;Low Income;55+;Male;Clerical;1;2980.99;1202.64;1;SO000894;11508
2012;201212;Q4;Dec 2012;Europe;United Kingdom;United Kingdom;Bikes;Mountain Bikes;Middle Income;36-45;Female;Management;0;3495.03;1328.42;1;SO000895;11240
2012;201212;Q4;Dec 2012;North America;United States;Southwest;Accessories;Tires and Tubes;Middle Income;46-55;Female;Clerical;1;87.36;53.98;3;SO000896;11740
2012;201212;Q4;Dec 2012;Pacific;Australia;Australia;Bikes;Road Bikes;Low Income;26-35;Male;Skilled Manual;1;8683.29;3812.02;3;SO000897;11034
2012;201212;Q4;Dec 2012;North America;United States;Southwest;Clothing;Shorts;High Income;55+;Female;Manual;0;54.08;23.74;1;SO000898;11460
2012;201212;Q4;Dec 2012;North America;United States;Northeast;Accessories;Tires and Tubes;Low Income;46-55;Female;Management;0;194.04;118.33;2;SO000899;11151
2012;201212;Q4;Dec 2012;North America;United States;Central;Components;Wheels;Low Income;26-35;Female;Manual;1;476.92;173.61;1;SO000900;11002
2012;201212;Q4;Dec 2012;North America;United States;Central;Bikes;Road Bikes;Low Income;26-35;Female;Manual;1;1512.54;680.25;1;SO000900;11002
2012;201212;Q4;Dec 2012;North America;United States;Southwest;Clothing;Gloves;Low Income;46-55;Male;Clerical;1;235.32;88.91;3;SO000901;11467
2012;201212;Q4;Dec 2012;North America;United States;Southwest;Bikes;Road Bikes;Low Income;46-55;Male;Clerical;1;5973.72;2529.72;2;SO000901;11467
2012;201212;Q4;Dec 2012;North America;United States;Southwest;Bikes;Road Bikes;Low Income;46-55;Male;Clerical;1;2186.08;815.94;1;SO000901;11467
2012;201212;Q4;Dec 2012;Pacific;Australia;Australia;Clothing;Shorts;Low Income;26-35;Male;Skilled Manual;1;132.86;53.11;2;SO000902;11841
2013;201301;Q1;Jan 2013;North America;Canada;Canada;Accessories;Helmets;High Income;55+;Female;Manual;1;14.16;8.95;1;SO000903;11546
2013;201301;Q1;Jan 2013;North America;United States;Northeast;Clothing;Gloves;High Income;55+;Male;Skilled Manual;1;90.60;38.16;2;SO000904;11491
2013;201301;Q1;Jan 2013;North America;United States;Central;Bikes;Mountain Bikes;Middle Income;55+;Male;Management;0;2856.95;1230.42;1;SO000905;11295
2013;201301;Q1;Jan 2013;North America;United States;Central;Bikes;Mountain Bikes;Middle Income;55+;Male;Management;0;1963.62;745.62;1;SO000905;11295
2013;201301;Q1;Jan 2013;Europe;Germany;Germany;Bikes;Road Bikes;Middle Income;46-55;Female;Professional;1;4453.70;1737.04;2;SO000906;11784
2013;201301;Q1;Jan 2013;Europe;Germany;Germany;Bikes;Touring Bikes;Middle Income;46-55;Female;Professional;1;5842.54;2202.13;2;SO000906;11784
2013;201301;Q1;Jan 2013;North America;United States;Southwest;Clothing;Caps;Low Income;55+;Male;Clerical;1;55.87;23.74;1;SO000907;11064
2013;201301;Q1;Jan 2013;North America;United States;Central;Bikes;Road Bikes;Middle Income;55+;Male;Management;1;1257.52;469.50;1;SO000908;11217
2013;201301;Q1;Jan 2013;North America;United States;Central;Bikes;Road Bikes;Middle Income;55+;Female;Skilled Manual;1;1877.26;821.19;2;SO000909;11463
2013;201301;Q1;Jan 2013;North America;United States;Central;Accessories;Helmets;Middle Income;55+;Female;Skilled Manual;1;59.44;37.11;1;SO000909;11463
2013;201301;Q1;Jan 2013;Europe;United Kingdom;United Kingdom;Bikes;Mountain Bikes;Low Income;55+;Female;Management;1;1707.52;672.79;2;SO000910;11564
2013;201301;Q1;Jan 2013;Europe;United Kingdom;United Kingdom;Bikes;Road Bikes;High Income;36-45;Female;Professional;1;773.21;303.73;1;SO000911;11140
2013;201301;Q1;Jan 2013;Europe;United Kingdom;United Kingdom;Bikes;Road Bikes;High Income;46-55;Male;Skilled Manual;0;1046.44;435.44;1;SO000912;11189
2013;201301;Q1;Jan 2013;Europe;Germany;Germany;Accessories;Helmets;Low Income;36-45;Male;Manual;1;183.02;106.75;2;SO000913;11596
2013;201301;Q1;Jan 2013;Europe;Germany;Germany;Clothing;Caps;Low Income;36-45;Male;Manual;1;43.33;18.17;1;SO000913;11596
2013;201301;Q1;Jan 2013;Europe;Germany;Germany;Bikes;Mountain Bikes;Low Income;36-45;Male;Manual;1;7041.75;2665.63;3;SO000913;11596
2013;201301;Q1;Jan 2013;North America;United States;Southwest;Bikes;Touring Bikes;Middle Income;26-35;Male;Manual;0;7985.85;3021.13;3;SO000914;11488
2013;201301;Q1;Jan 2013;North America;United States;Northeast;Clothing;Gloves;High Income;26-35;Male;Clerical;0;36.65;14.45;1;SO000915;11831
2013;201301;Q1;Jan 2013;North America;United States;Northeast;Accessories;Fenders;High Income;26-35;Male;Clerical;0;65.69;39.91;1;SO000915;11831
2013;201301;Q1;Jan 2013;Europe;France;France;Bikes;Touring Bikes;High Income;36-45;Male;Manual;0;3437.88;1383.55;1;SO000916;11414
2013;201301;Q1;Jan 2013;Europe;France;France;Bikes;Road Bikes;High Income;36-45;Male;Manual;0;2314.52;1007.18;1;SO000916;11414
2013;201301;Q1;Jan 2013;North America;United States;Northeast;Bikes;Mountain Bikes;Low Income;26-35;Male;Professional;0;1015.32;375.90;1;SO000917;11594
2013;201301;Q1;Jan 2013;North America;United States;Northeast;Bikes;Mountain Bikes;Low Income;26-35;Male;Professional;0;1477.06;559.15;2;SO000917;11594
2013;201301;Q1;Jan 2013;Pacific;Australia;Australia;Bikes;Road Bikes;High Income;55+;Female;Skilled Manual;1;1264.34;532.04;1;SO000918;11211
2013;201301;Q1;Jan 2013;Pacific;Australia;Australia;Bikes;Road Bikes;High Income;55+;Male;Clerical;1;1998.03;749.09;1;SO000919;11211
2013;201301;Q1;Jan 2013;Pacific;Australia;Australia;Clothing;Jerseys;High Income;55+;Male;Clerical;1;113.40;42.67;2;SO000919;11211
2013;201301;Q1;Jan 2013;Pacific;Australia;Australia;Bikes;Road Bikes;High Income;55+;Male;Clerical;1;1482.12;598.91;1;SO000919;11211
2013;201301;Q1;Jan 2013;Pacific;Australia;Australia;Bikes;Road Bikes;Middle Income;46-55;Male;Clerical;0;4364.97;1782.78;3;SO000920;11014
2013;201301;Q1;Jan 2013;Pacific;Australia;Australia;Bikes;Mountain Bikes;Middle Income;46-55;Male;Clerical;0;1356.38;554.59;1;SO000920;11014
2013;201301;Q1;Jan 2013;Europe;France;France;Bikes;Road Bikes;Low Income;55+;Female;Professional;1;1513.68;628.74;2;SO000921;11224
2013;201301;Q1;Jan 2013;Europe;France;France;Clothing;Gloves;Low Income;55+;Female;Professional;1;75.30;28.58;2;SO000921;11224
2013;201301;Q1;Jan 2013;Europe;France;France;Accessories;Fenders;Middle Income;55+;Male;Management;0;5.17;3.08;1;SO000922;11684
2013;201301;Q1;Jan 2013;Europe;United Kingdom;United Kingdom;Bikes;Mountain Bikes;Middle Income;55+;Male;Clerical;1;3218.40;1411.67;2;SO000923;11111
2013;201301;Q1;Jan 2013;Pacific;Australia;Australia;Bikes;Mountain Bikes;Middle Income;46-55;Female;Manual;0;3126.34;1208.01;1;SO000924;11365
2013;201301;Q1;Jan 2013;Pacific;Australia;Australia;Bikes;Touring Bikes;Middle Income;46-55;Female;Manual;0;2606.69;1167.99;1;SO000924;11365
2013;201301;Q1;Jan 2013;Europe;United Kingdom;United Kingdom;Accessories;Helmets;High Income;36-45;Male;Professional;1;236.85;154.23;3;SO000925;11451
2013;201301;Q1;Jan 2013;North America;United States;Northeast;Accessories;Bottles and Cages;Middle Income;26-35;Female;Manual;0;85.02;49.35;1;SO000926;11214
2013;201301;Q1;Jan 2013;Pacific;Australia;Australia;Bikes;Road Bikes;High Income;55+;Male;Professional;0;3317.03;1427.21;1;SO000927;11862
2013;201301;Q1;Jan 2013;Pacific;Australia;Australia;Bikes;Mountain Bikes;High Income;55+;Male;Professional;0;973.03;408.84;1;SO000927;11862
2013;201301;Q1;Jan 2013;Pacific;Australia;Australia;Bikes;Road Bikes;High Income;55+;Male;Professional;0;3002.48;1167.18;1;SO000927;11862
2013;201301;Q1;Jan 2013;Europe;United Kingdom;United Kingdom;Bikes;Mountain Bikes;High Income;36-45;Female;Clerical;0;2732.08;1169.13;1;SO000928;11046
2013;201301;Q1;Jan 2013;Europe;United Kingdom;United Kingdom;Bikes;Road Bikes;High Income;36-45;Female;Clerical;0;3818.20;1622.86;2;SO000928;11046
2013;201301;Q1;Jan 2013;Europe;Germany;Germany;Clothing;Jerseys;Middle Income;36-45;Male;Manual;0;31.03;11.35;1;SO000929;11853
2013;201301;Q1;Jan 2013;Europe;Germany;Germany;Bikes;Road Bikes;Middle Income;36-45;Male;Manual;0;2975.28;1164.20;1;SO000929;11853
2013;201301;Q1;Jan 2013;Europe;United Kingdom;United Kingdom;Clothing;Caps;High Income;36-45;Male;Clerical;1;38.22;14.41;1;SO000930;11532
2013;201301;Q1;Jan 2013;Europe;United Kingdom;United Kingdom;Bikes;Mountain Bikes;Low Income;36-45;Female;Professional;0;2660.75;1186.60;1;SO000931;11751
2013;201301;Q1;Jan 2013;Europe;United Kingdom;United Kingdom;Bikes;Road Bikes;Low Income;36-45;Female;Professional;0;2519.03;1075.62;1;SO000931;11751
2013;201301;Q1;Jan 2013;North America;United States;Central;Accessories;Helmets;Low Income;55+;Male;Management;0;68.51;41.59;1;SO000932;11836
2013;201301;Q1;Jan 2013;North America;United States;Southwest;Clothing;Gloves;Middle Income;26-35;Male;Professional;1;70.88;29.12;2;SO000933;11550
2013;201301;Q1;Jan 2013;North America;United States;Southeast;Bikes;Road Bikes;Low Income;55+;Male;Skilled Manual;1;2843.34;1229.47;1;SO000934;11530
2013;201301;Q1;Jan 2013;North America;Canada;Canada;Clothing;Jerseys;High Income;55+;Male;Skilled Manual;0;33.33;14.54;1;SO000935;11793
2013;201301;Q1;Jan 2013;North America;Canada;Canada;Bikes;Touring Bikes;High Income;55+;Male;Skilled Manual;0;860.29;361.72;1;SO000935;11793
2013;201301;Q1;Jan 2013;North America;United States;Northeast;Bikes;Mountain Bikes;High Income;36-45;Male;Manual;1;1114.24;471.83;1;SO000936;11619
2013;201301;Q1;Jan 2013;North America;United States;Northeast;Bikes;Road Bikes;High Income;36-45;Male;Manual;1;3248.71;1221.93;1;SO000936;11619
2013;201301;Q1;Jan 2013;Europe;Germany;Germany;Bikes;Mountain Bikes;Middle Income;55+;Female;Clerical;1;836.79;353.93;1;SO000937;11179
2013;201301;Q1;Jan 2013;Pacific;Australia;Australia;Bikes;Mountain Bikes;Low Income;55+;Female;Manual;0;2933.56;1205.50;1;SO000938;11251
2013;201301;Q1;Jan 2013;Pacific;Australia;Australia;Bikes;Mountain Bikes;Middle Income;55+;Female;Professional;0;2385.89;1000.01;1;SO000939;11329
2013;201301;Q1;Jan 2013;Pacific;Australia;Australia;Bikes;Road Bikes;Middle Income;55+;Female;Professional;0;1495.16;627.90;2;SO000939;11329
2013;201301;Q1;Jan 2013;Europe;France;France;Bikes;Touring Bikes;Low Income;26-35;Male;Professional;1;8303.46;3246.06;3;SO000940;11651
2013;201301;Q1;Jan 2013;North America;United States;Northeast;Accessories;Helmets;Middle Income;46-55;Male;Manual;0;32.86;20.83;1;SO000941;11750
2013;201301;Q1;Jan 2013;Europe;United Kingdom;United Kingdom;Bikes;Road Bikes;High Income;46-55;Female;Clerical;1;2130.86;911.54;2;SO000942;11144
2013;201301;Q1;Jan 2013;Pacific;Australia;Australia;Clothing;Shorts;Low Income;55+;Female;Professional;1;192.63;71.76;3;SO000943;11865
2013;201301;Q1;Jan 2013;Pacific;Australia;Australia;Components;Handlebars;Low Income;55+;Female;Professional;1;876.98;266.06;2;SO000943;11865
2013;201301;Q1;Jan 2013;Europe;United Kingdom;United Kingdom;Bikes;Road Bikes;Middle Income;55+;Female;Management;0;1483.41;583.35;1;SO000944;11412
2013;201301;Q1;Jan 2013;Europe;United Kingdom;United Kingdom;Bikes;Touring Bikes;Middle Income;55+;Female;Management;0;3270.54;1412.10;1;SO000944;11412
2013;201301;Q1;Jan 2013;North America;United States;Northeast;Bikes;Touring Bikes;Middle Income;46-55;Male;Skilled Manual;1;1744.56;741.54;2;SO000945;11748
2013;201301;Q1;Jan 2013;North America;United States;Northeast;Bikes;Touring Bikes;Middle Income;46-55;Male;Skilled Manual;1;3480.75;1369.01;1;SO000945;11748
2013;201301;Q1;Jan 2013;Europe;France;France;Clothing;Jerseys;High Income;55+;Male;Manual;1;35.53;13.19;1;SO000946;11209
2013;201301;Q1;Jan 2013;North America;United States;Central;Bikes;Touring Bikes;Middle Income;46-55;Male;Manual;0;2600.59;1064.70;1;SO000947;11104
2013;201301;Q1;Jan 2013;North America;United States;Central;Bikes;Touring Bikes;Middle Income;46-55;Male;Manual;0;1332.01;586.87;1;SO000947;11104
2013;201301;Q1;Jan 2013;North America;United States;Northwest;Components;Saddles;High Income;55+;Female;Skilled Manual;1;742.66;253.96;2;SO000948;11875
2013;201301;Q1;Jan 2013;North America;United States;Northeast;Bikes;Touring Bikes;Low Income;18-25;Male;Manual;0;2372.15;1053.11;1;SO000949;11008
2013;201301;Q1;Jan 2013;Europe;United Kingdom;United Kingdom;Clothing;Jerseys;Middle Income;55+;Female;Skilled Manual;0;135.22;52.92;2;SO000950;11250
2013;201301;Q1;Jan 2013;Europe;United Kingdom;United Kingdom;Accessories;Tires and Tubes;Middle Income;55+;Female;Skilled Manual;0;11.66;7.05;1;SO000950;11250
2013;201301;Q1;Jan 2013;Europe;United Kingdom;United Kingdom;Bikes;Mountain Bikes;Middle Income;55+;Female;Skilled Manual;0;4980.02;2071.70;2;SO000950;11250
2013;201301;Q1;Jan 2013;Pacific;Australia;Australia;Bikes;Mountain Bikes;Low Income;46-55;Female;Professional;0;2283.00;884.08;2;SO000951;11111
2013;201301;Q1;Jan 2013;Pacific;Australia;Australia;Accessories;Bottles and Cages;Low Income;46-55;Female;Professional;0;56.90;34.53;1;SO000951;11111
2013;201301;Q1;Jan 2013;North America;United States;Southwest;Bikes;Road Bikes;High Income;55+;Female;Management;1;2878.45;1142.74;1;SO000952;11428
2013;201301;Q1;Jan 2013;North America;United States;Southwest;Bikes;Road Bikes;High Income;55+;Female;Management;1;3405.61;1462.71;1;SO000952;11428
2013;201301;Q1;Jan 2013;North America;United States;Southwest;Bikes;Mountain Bikes;High Income;55+;Female;Management;1;1060.60;458.63;1;SO000952;11428
2013;201301;Q1;Jan 2013;Europe;France;France;Accessories;Helmets;High Income;26-35;Male;Skilled Manual;1;83.76;49.07;1;SO000953;11018
2013;201301;Q1;Jan 2013;North America;United States;Northeast;Bikes;Mountain Bikes;High Income;36-45;Female;Skilled Manual;0;1004.57;422.03;1;SO000954;11763
2013;201301;Q1;Jan 2013;North America;United States;Northeast;Bikes;Touring Bikes;High Income;36-45;Female;Skilled Manual;0;1099.27;425.27;1;SO000954;11763
2013;201301;Q1;Jan 2013;Europe;Germany;Germany;Components;Wheels;High Income;26-35;Male;Skilled Manual;0;149.22;55.07;1;SO000955;11537
2013;201301;Q1;Jan 2013;Europe;Germany;Germany;Clothing;Gloves;High Income;26-35;Male;Skilled Manual;0;34.84;14.34;1;SO000955;11537
2013;201301;Q1;Jan 2013;Europe;United Kingdom;United Kingdom;Components;Brakes;Low Income;46-55;Male;Manual;0;342.90;107.86;2;SO000956;11629
2013;201301;Q1;Jan 2013;Europe;United Kingdom;United Kingdom;Bikes;Road Bikes;High Income;46-55;Male;Clerical;1;5077.92;2216.12;2;SO000957;11016
2013;201301;Q1;Jan 2013;Europe;United Kingdom;United Kingdom;Accessories;Fenders;High Income;46-55;Male;Clerical;1;65.05;38.48;1;SO000957;11016
2013;201301;Q1;Jan 2013;Pacific;Australia;Australia;Accessories;Tires and Tubes;Middle Income;46-55;Male;Skilled Manual;0;96.11;62.33;1;SO000958;11802
2013;201301;Q1;Jan 2013;Europe;Germany;Germany;Bikes;Touring Bikes;Low Income;55+;Male;Skilled Manual;0;3325.08;1338.76;1;SO000959;11179
2013;201301;Q1;Jan 2013;Europe;Germany;Germany;Accessories;Fenders;Low Income;55+;Male;Skilled Manual;0;78.63;48.48;1;SO000959;11179
2013;201301;Q1;Jan 2013;Europe;France;France;Bikes;Touring Bikes;Middle Income;36-45;Male;Skilled Manual;0;3242.01;1368.18;1;SO000960;11427
2013;201301;Q1;Jan 2013;North America;United States;Central;Clothing;Jerseys;High Income;55+;Female;Professional;1;249.48;101.11;3;SO000961;11532
2013;201301;Q1;Jan 2013;North America;United States;Central;Bikes;Mountain Bikes;High Income;55+;Female;Professional;1;3077.12;1174.78;1;SO000961;11532
2013;201301;Q1;Jan 2013;North America;United States;Central;Accessories;Tires and Tubes;High Income;55+;Female;Professional;1;21.86;13.83;1;SO000961;11532
2013;201301;Q1;Jan 2013;Europe;United Kingdom;United Kingdom;Clothing;Jerseys;Middle Income;46-55;Male;Management;0;68.00;25.27;1;SO000962;11095
2013;201301;Q1;Jan 2013;Europe;Germany;Germany;Bikes;Mountain Bikes;Middle Income;55+;Male;Skilled Manual;0;2929.59;1156.78;1;SO000963;11194
2013;201301;Q1;Jan 2013;Europe;Germany;Germany;Bikes;Touring Bikes;Middle Income;55+;Male;Skilled Manual;0;6185.96;2700.80;2;SO000963;11194
2013;201301;Q1;Jan 2013;Pacific;Australia;Australia;Bikes;Mountain Bikes;Low Income;55+;Female;Manual;1;3443.02;1380.56;1;SO000964;11168
2013;201301;Q1;Jan 2013;Pacific;Australia;Australia;Bikes;Mountain Bikes;Low Income;55+;Female;Manual;1;2980.08;1182.46;1;SO000964;11168
2013;201301;Q1;Jan 2013;Pacific;Australia;Australia;Components;Brakes;Low Income;55+;Female;Manual;1;70.46;24.11;1;SO000964;11168
2013;201301;Q1;Jan 2013;North America;Canada;Canada;Bikes;Touring Bikes;Middle Income;46-55;Female;Professional;1;3141.15;1400.81;1;SO000965;11626
2013;201301;Q1;Jan 2013;Pacific;Australia;Australia;Bikes;Touring Bikes;Low Income;46-55;Female;Skilled Manual;0;1154.47;493.13;1;SO000966;11657
2013;201301;Q1;Jan 2013;Pacific;Australia;Australia;Bikes;Mountain Bikes;Low Income;46-55;Female;Skilled Manual;0;5672.62;2285.68;2;SO000966;11657
2013;201301;Q1;Jan 2013;Pacific;Australia;Australia;Components;Brakes;Low Income;55+;Female;Clerical;1;322.46;106.99;2;SO000967;11133
2013;201301;Q1;Jan 2013;Pacific;Australia;Australia;Bikes;Touring Bikes;Low Income;55+;Female;Clerical;1;3416.83;1318.47;1;SO000967;11133
2013;201301;Q1;Jan 2013;Pacific;Australia;Australia;Bikes;Mountain Bikes;Low Income;55+;Female;Clerical;1;10115.22;3996.89;3;SO000967;11133
2013;201301;Q1;Jan 2013;Europe;France;France;Bikes;Mountain Bikes;Middle Income;55+;Male;Clerical;0;920.06;352.45;1;SO000968;11732
2013;201301;Q1;Jan 2013;North America;United States;Southeast;Bikes;Road Bikes;Low Income;46-55;Female;Management;1;1233.08;500.38;1;SO000969;11388
2013;201301;Q1;Jan 2013;Pacific;Australia;Australia;Clothing;Shorts;Middle Income;26-35;Male;Manual;1;88.12;32.39;1;SO000970;11683
2013;201301;Q1;Jan 2013;North America;United States;Northwest;Bikes;Mountain Bikes;Low Income;36-45;Female;Professional;1;8323.71;3412.49;3;SO000971;11282
2013;201301;Q1;Jan 2013;North America;United States;Northeast;Bikes;Touring Bikes;Low Income;55+;Male;Clerical;0;5626.89;2339.67;3;SO000972;11525
2013;201301;Q1;Jan 2013;Europe;United Kingdom;United Kingdom;Bikes;Touring Bikes;High Income;55+;Female;Management;1;1021.96;420.25;1;SO000973;11348
2013;201301;Q1;Jan 2013;Europe;United Kingdom;United Kingdom;Bikes;Road Bikes;High Income;55+;Female;Management;1;1647.72;685.11;1;SO000973;11348
2013;201301;Q1;Jan 2013;Europe;France;France;Accessories;Fenders;Middle Income;55+;Female;Clerical;0;124.18;80.97;2;SO000974;11460
2013;201301;Q1;Jan 2013;Europe;United Kingdom;United Kingdom;Clothing;Gloves;High Income;18-25;Male;Clerical;0;44.45;18.40;1;SO000975;11530
2013;201301;Q1;Jan 2013;Europe;France;France;Bikes;Mountain Bikes;Low Income;46-55;Female;Professional;1;2856.25;1096.62;1;SO000976;11088
2013;201301;Q1;Jan 2013;North America;United States;Central;Accessories;Tires and Tubes;Middle Income;46-55;Male;Manual;1;209.66;137.59;2;SO000977;11584
2013;201301;Q1;Jan 2013;Europe;Germany;Germany;Accessories;Tires and Tubes;High Income;55+;Male;Manual;1;38.56;22.77;1;SO000978;11129
2013;201301;Q1;Jan 2013;Europe;Germany;Germany;Clothing;Shorts;High Income;55+;Male;Manual;1;125.36;50.68;2;SO000978;11129
2013;201301;Q1;Jan 2013;Europe;Germany;Germany;Bikes;Mountain Bikes;High Income;55+;Male;Manual;1;1965.22;812.92;1;SO000978;11129
2013;201301;Q1;Jan 2013;Europe;France;France;Bikes;Road Bikes;Middle Income;46-55;Female;Management;0;2209.96;989.55;1;SO000979;11468
2013;201301;Q1;Jan 2013;Europe;France;France;Bikes;Touring Bikes;Middle Income;46-55;Female;Management;0;1765.26;664.16;1;SO000979;11468
2013;201301;Q1;Jan 2013;North America;United States;Southeast;Bikes;Road Bikes;Middle Income;46-55;Female;Manual;0;2711.91;1036.80;1;SO000980;11628
2013;201301;Q1;Jan 2013;North America;United States;Southeast;Clothing;Shorts;Middle Income;46-55;Female;Manual;0;33.73;14.83;1;SO000980;11628
2013;201301;Q1;Jan 2013;Europe;United Kingdom;United Kingdom;Bikes;Mountain Bikes;Middle Income;18-25;Male;Management;1;3129.81;1347.21;1;SO000981;11039
2013;201301;Q1;Jan 2013;Pacific;Australia;Australia;Bikes;Touring Bikes;Middle Income;46-55;Male;Professional;0;1748.68;682.15;1;SO000982;11399
2013;201301;Q1;Jan 2013;Pacific;Australia;Australia;Bikes;Touring Bikes;Low Income;46-55;Female;Management;0;6141.76;2660.38;2;SO000983;11536
2013;201301;Q1;Jan 2013;Pacific;Australia;Australia;Clothing;Gloves;Low Income;46-55;Female;Management;0;67.24;29.37;2;SO000983;11536
2013;201301;Q1;Jan 2013;Europe;France;France;Components;Wheels;Middle Income;36-45;Female;Management;1;593.82;186.11;3;SO000984;11586
2013;201301;Q1;Jan 2013;Europe;France;France;Bikes;Road Bikes;Middle Income;36-45;Female;Management;1;3961.89;1686.05;3;SO000984;11586
2013;201301;Q1;Jan 2013;Pacific;Australia;Australia;Bikes;Touring Bikes;Low Income;55+;Male;Manual;1;1435.98;575.69;1;SO000985;11351
2013;201301;Q1;Jan 2013;Pacific;Australia;Australia;Bikes;Touring Bikes;Middle Income;55+;Female;Skilled Manual;0;2591.19;1064.94;1;SO000986;11870
2013;201301;Q1;Jan 2013;North America;United States;Northwest;Accessories;Bottles and Cages;High Income;46-55;Male;Professional;0;9.33;6.04;1;SO000987;11590
2013;201301;Q1;Jan 2013;Pacific;Australia;Australia;Accessories;Tires and Tubes;Middle Income;46-55;Female;Skilled Manual;0;29.66;18.20;1;SO000988;11215
2013;201301;Q1;Jan 2013;Europe;Germany;Germany;Bikes;Mountain Bikes;Low Income;46-55;Female;Professional;0;2501.27;947.30;1;SO000989;11745
2013;201301;Q1;Jan 2013;Europe;Germany;Germany;Components;Brakes;Low Income;46-55;Female;Professional;0;202.78;68.24;1;SO000989;11745
2013;201301;Q1;Jan 2013;Europe;Germany;Germany;Accessories;Helmets;Low Income;46-55;Female;Professional;0;65.23;40.76;1;SO000989;11745
2013;201301;Q1;Jan 2013;Europe;United Kingdom;United Kingdom;Bikes;Road Bikes;High Income;18-25;Female;Management;0;3192.52;1420.08;1;SO000990;11619
2013;201301;Q1;Jan 2013;Europe;United Kingdom;United Kingdom;Bikes;Road Bikes;High Income;18-25;Female;Management;0;3375.53;1482.27;1;SO000990;11619
2013;201301;Q1;Jan 2013;Pacific;Australia;Australia;Bikes;Touring Bikes;Middle Income;36-45;Male;Management;1;2965.84;1247.35;2;SO000991;11597
2013;201301;Q1;Jan 2013;Pacific;Australia;Australia;Accessories;Fenders;Middle Income;36-45;Male;Management;1;289.83;175.46;3;SO000991;11597
2013;201301;Q1;Jan 2013;Europe;Germany;Germany;Bikes;Mountain Bikes;Low Income;26-35;Male;Professional;1;1640.10;712.02;2;SO000992;11729
2013;201301;Q1;Jan 2013;Europe;Germany;Germany;Bikes;Mountain Bikes;Low Income;26-35;Male;Professional;1;3159.54;1187.42;1;SO000992;11729
2013;201301;Q1;Jan 2013;Europe;Germany;Germany;Bikes;Touring Bikes;Low Income;26-35;Male;Professional;1;6345.28;2767.60;2;SO000992;11729
2013;201301;Q1;Jan 2013;North America;United States;Southwest;Accessories;Fenders;Low Income;18-25;Female;Clerical;0;25.95;15.26;1;SO000993;11818
2013;201301;Q1;Jan 2013;North America;United States;Central;Accessories;Bottles and Cages;Middle Income;46-55;Female;Management;1;108.37;69.69;1;SO000994;11310
2013;201301;Q1;Jan 2013;North America;United States;Central;Accessories;Tires and Tubes;Middle Income;46-55;Female;Management;1;22.22;12.90;1;SO000994;11310
2013;201301;Q1;Jan 2013;North America;United States;Central;Bikes;Touring Bikes;Middle Income;46-55;Female;Management;1;8010.96;3553.18;3;SO000994;11310
2013;201301;Q1;Jan 2013;North America;United States;Northwest;Bikes;Mountain Bikes;Middle Income;55+;Male;Manual;0;2398.42;1056.01;1;SO000995;11294
2013;201301;Q1;Jan 2013;North America;United States;Northwest;Accessories;Tires and Tubes;Middle Income;55+;Male;Manual;0;11.78;7.53;1;SO000995;11294
2013;201301;Q1;Jan 2013;Pacific;Australia;Australia;Accessories;Fenders;Middle Income;36-45;Female;Skilled Manual;0;15.02;9.26;1;SO000996;11092
2013;201301;Q1;Jan 2013;North America;United States;Southwest;Bikes;Touring Bikes;Middle Income;36-45;Female;Manual;1;4833.66;2027.67;3;SO000997;11805
2013;201301;Q1;Jan 2013;Europe;Germany;Germany;Clothing;Caps;Middle Income;55+;Male;Professional;1;195.54;73.14;3;SO000998;11523
2013;201301;Q1;Jan 2013;Europe;United Kingdom;United Kingdom;Components;Handlebars;Middle Income;55+;Male;Manual;0;111.39;41.93;1;SO000999;11468
2013;201301;Q1;Jan 2013;Europe;United Kingdom;United Kingdom;Clothing;Gloves;Middle Income;55+;Male;Manual;0;163.42;71.32;2;SO000999;11468
2013;201301;Q1;Jan 2013;Europe;United Kingdom;United Kingdom;Accessories;Tires and Tubes;Middle Income;55+;Male;Manual;0;72.30;45.64;1;SO000999;11468
2013;201301;Q1;Jan 2013;Pacific;Australia;Australia;Components;Handlebars;Low Income;36-45;Female;Management;0;264.99;93.16;1;SO001000;11241
2013;201302;Q1;Feb 2013;North America;United States;Southeast;Components;Saddles;Middle Income;55+;Female;Skilled Manual;1;373.51;117.45;1;SO001001;11504
2013;201302;Q1;Feb 2013;North America;Canada;Canada;Bikes;Touring Bikes;Low Income;46-55;Female;Professional;0;2175.60;891.60;1;SO001002;11457
2013;201302;Q1;Feb 2013;North America;United States;Southwest;Accessories;Helmets;Low Income;55+;Male;Management;0;46.90;29.94;1;SO001003;11115
2013;201302;Q1;Feb 2013;Europe;Germany;Germany;Components;Saddles;Low Income;55+;Female;Manual;1;272.72;94.23;1;SO001004;11743
2013;201302;Q1;Feb 2013;Europe;Germany;Germany;Bikes;Mountain Bikes;Low Income;55+;Female;Manual;1;2721.72;1198.32;1;SO001004;11743
2013;201302;Q1;Feb 2013;Pacific;Australia;Australia;Components;Wheels;Low Income;46-55;Male;Professional;0;1010.67;369.07;3;SO001005;11683
2013;201302;Q1;Feb 2013;Europe;United Kingdom;United Kingdom;Bikes;Touring Bikes;Low Income;26-35;Male;Management;0;3295.21;1467.51;1;SO001006;11875
2013;201302;Q1;Feb 2013;Pacific;Australia;Australia;Clothing;Jerseys;Low Income;36-45;Female;Manual;0;89.45;32.79;1;SO001007;11767
2013;201302;Q1;Feb 2013;Pacific;Australia;Australia;Bikes;Mountain Bikes;Middle Income;26-35;Female;Professional;0;2623.00;1117.48;1;SO001008;11703
2013;201302;Q1;Feb 2013;Pacific;Australia;Australia;Bikes;Road Bikes;Middle Income;26-35;Female;Professional;0;2181.96;827.43;2;SO001008;11703
2013;201302;Q1;Feb 2013;Europe;United Kingdom;United Kingdom;Accessories;Helmets;Low Income;46-55;Male;Management;0;88.14;55.79;1;SO001009;11789
2013;201302;Q1;Feb 2013;Europe;United Kingdom;United Kingdom;Bikes;Road Bikes;Low Income;46-55;Male;Professional;1;737.55;283.45;1;SO001010;11541
2013;201302;Q1;Feb 2013;Europe;Germany;Germany;Bikes;Touring Bikes;High Income;26-35;Female;Management;0;2450.98;934.43;1;SO001011;11666
2013;201302;Q1;Feb 2013;Europe;Germany;Germany;Clothing;Gloves;High Income;36-45;Female;Clerical;0;91.34;39.95;2;SO001012;11345
2013;201302;Q1;Feb 2013;Pacific;Australia;Australia;Accessories;Fenders;High Income;55+;Male;Management;1;188.56;112.82;2;SO001013;11738
2013;201302;Q1;Feb 2013;North America;United States;Southwest;Accessories;Bottles and Cages;Low Income;55+;Female;Manual;1;8.11;5.31;1;SO001014;11464
2013;201302;Q1;Feb 2013;Europe;United Kingdom;United Kingdom;Bikes;Mountain Bikes;Low Income;46-55;Male;Clerical;0;1478.21;566.61;1;SO001015;11760
2013;201302;Q1;Feb 2013;North America;United States;Northwest;Clothing;Jerseys;Middle Income;55+;Male;Clerical;0;38.27;16.42;1;SO001016;11634
2013;201302;Q1;Feb 2013;Europe;Germany;Germany;Bikes;Road Bikes;Low Income;55+;Female;Professional;0;5506.53;2256.09;3;SO001017;11847
2013;201302;Q1;Feb 2013;North America;Canada;Canada;Accessories;Tires and Tubes;Middle Income;55+;Male;Skilled Manual;1;53.89;32.00;1;SO001018;11786
2013;201302;Q1;Feb 2013;North America;United States;Northwest;Bikes;Mountain Bikes;Low Income;55+;Female;Clerical;0;4279.42;1596.64;2;SO001019;11252
2013;201302;Q1;Feb 2013;Europe;Germany;Germany;Bikes;Mountain Bikes;Middle Income;26-35;Female;Skilled Manual;0;2147.19;934.00;1;SO001020;11027
2013;201302;Q1;Feb 2013;Pacific;Australia;Australia;Bikes;Mountain Bikes;Low Income;26-35;Male;Skilled Manual;0;984.67;368.57;1;SO001021;11686
2013;201302;Q1;Feb 2013;North America;United States;Northwest;Bikes;Road Bikes;High Income;55+;Female;Skilled Manual;1;2671.38;993.71;1;SO001022;11729
2013;201302;Q1;Feb 2013;Pacific;Australia;Australia;Accessories;Fenders;Middle Income;46-55;Female;Clerical;1;18.86;10.95;1;SO001023;11578
2013;201302;Q1;Feb 2013;Pacific;Australia;Australia;Bikes;Touring Bikes;Middle Income;46-55;Female;Clerical;1;5751.22;2407.21;2;SO001023;11578
2013;201302;Q1;Feb 2013;Europe;Germany;Germany;Accessories;Bottles and Cages;High Income;55+;Female;Clerical;0;170.88;105.60;2;SO001024;11160
2013;201302;Q1;Feb 2013;North America;United States;Southwest;Clothing;Jerseys;Middle Income;46-55;Female;Skilled Manual;0;54.00;21.46;1;SO001025;11032
2013;201302;Q1;Feb 2013;North America;United States;Southwest;Clothing;Jerseys;Middle Income;46-55;Female;Skilled Manual;0;65.86;26.79;1;SO001025;11032
2013;201302;Q1;Feb 2013;Europe;United Kingdom;United Kingdom;Accessories;Helmets;High Income;46-55;Female;Manual;0;24.79;14.88;1;SO001026;11556
2013;201302;Q1;Feb 2013;Pacific;Australia;Australia;Accessories;Bottles and Cages;Middle Income;46-55;Female;Clerical;1;55.49;32.72;1;SO001027;11623
2013;201302;Q1;Feb 2013;Pacific;Australia;Australia;Bikes;Touring Bikes;Middle Income;46-55;Female;Clerical;1;1519.32;612.09;1;SO001027;11623
2013;201302;Q1;Feb 2013;Europe;France;France;Bikes;Mountain Bikes;Low Income;36-45;Male;Clerical;1;3846.60;1488.15;2;SO001028;11391
2013;201302;Q1;Feb 2013;Europe;France;France;Clothing;Gloves;Middle Income;55+;Female;Professional;0;158.74;69.28;2;SO001029;11705
2013;201302;Q1;Feb 2013;Europe;France;France;Bikes;Mountain Bikes;Middle Income;55+;Female;Professional;0;2143.60;933.72;1;SO001029;11705
2013;201302;Q1;Feb 2013;Europe;Germany;Germany;Components;Brakes;Low Income;26-35;Male;Professional;1;354.80;127.75;1;SO001030;11553
2013;201302;Q1;Feb 2013;Pacific;Australia;Australia;Bikes;Touring Bikes;High Income;55+;Male;Clerical;0;1511.35;639.18;1;SO001031;11585
2013;201302;Q1;Feb 2013;Pacific;Australia;Australia;Bikes;Mountain Bikes;High Income;55+;Male;Clerical;0;9895.83;4369.34;3;SO001031;11585
2013;201302;Q1;Feb 2013;Pacific;Australia;Australia;Bikes;Touring Bikes;High Income;46-55;Female;Manual;0;3311.02;1367.88;1;SO001032;11311
2013;201302;Q1;Feb 2013;Europe;Germany;Germany;Bikes;Mountain Bikes;Middle Income;46-55;Female;Clerical;0;938.36;391.91;1;SO001033;11063
2013;201302;Q1;Feb 2013;Europe;Germany;Germany;Bikes;Touring Bikes;Middle Income;46-55;Female;Clerical;0;3315.62;1362.29;1;SO001033;11063
2013;201302;Q1;Feb 2013;North America;Canada;Canada;Accessories;Fenders;High Income;46-55;Female;Manual;0;10.75;6.27;1;SO001034;11511
2013;201302;Q1;Feb 2013;North America;United States;Northwest;Bikes;Touring Bikes;Middle Income;55+;Female;Professional;1;1195.68;469.58;1;SO001035;11363
2013;201302;Q1;Feb 2013;Europe;United Kingdom;United Kingdom;Accessories;Fenders;Middle Income;46-55;Male;Clerical;1;75.10;47.22;2;SO001036;11827
2013;201302;Q1;Feb 2013;Pacific;Australia;Australia;Bikes;Mountain Bikes;High Income;46-55;Female;Clerical;1;986.19;376.12;1;SO001037;11392
2013;201302;Q1;Feb 2013;Pacific;Australia;Australia;Bikes;Touring Bikes;High Income;46-55;Male;Professional;0;2419.42;1065.58;1;SO001038;11364
2013;201302;Q1;Feb 2013;Europe;France;France;Accessories;Helmets;Middle Income;55+;Female;Manual;0;13.49;8.90;1;SO001039;11140
2013;201302;Q1;Feb 2013;Pacific;Australia;Australia;Bikes;Touring Bikes;Middle Income;55+;Male;Management;1;701.19;269.91;1;SO001040;11115
2013;201302;Q1;Feb 2013;North America;United States;Southwest;Bikes;Road Bikes;Middle Income;46-55;Female;Skilled Manual;0;4175.32;1632.44;2;SO001041;11254
2013;201302;Q1;Feb 2013;North America;United States;Southwest;Accessories;Fenders;Middle Income;46-55;Female;Skilled Manual;0;8.63;5.14;1;SO001041;11254
2013;201302;Q1;Feb 2013;North America;United States;Southwest;Bikes;Mountain Bikes;Middle Income;46-55;Female;Skilled Manual;0;3731.78;1633.07;2;SO001041;11254
2013;201302;Q1;Feb 2013;Europe;United Kingdom;United Kingdom;Accessories;Helmets;High Income;55+;Male;Manual;0;114.99;73.40;1;SO001042;11481
2013;201302;Q1;Feb 2013;Europe;United Kingdom;United Kingdom;Clothing;Caps;High Income;55+;Male;Manual;0;60.36;23.04;2;SO001042;11481
2013;201302;Q1;Feb 2013;North America;United States;Central;Accessories;Tires and Tubes;High Income;26-35;Male;Skilled Manual;0;75.89;47.28;1;SO001043;11453
2013;201302;Q1;Feb 2013;North America;United States;Central;Clothing;Gloves;High Income;26-35;Male;Skilled Manual;0;60.72;25.24;1;SO001043;11453
2013;201302;Q1;Feb 2013;North America;United States;Central;Bikes;Road Bikes;High Income;26-35;Male;Skilled Manual;0;5301.75;2094.13;3;SO001043;11453
2013;201302;Q1;Feb 2013;North America;United States;Southwest;Accessories;Bottles and Cages;Middle Income;55+;Male;Professional;0;84.06;51.97;1;SO001044;11887
2013;201302;Q1;Feb 2013;North America;United States;Southwest;Bikes;Touring Bikes;Middle Income;55+;Male;Professional;0;9568.89;3574.55;3;SO001044;11887
2013;201302;Q1;Feb 2013;North America;United States;Northwest;Bikes;Road Bikes;Middle Income;55+;Male;Manual;1;7539.99;2850.12;3;SO001045;11116
2013;201302;Q1;Feb 2013;North America;United States;Southwest;Accessories;Tires and Tubes;Middle Income;46-55;Male;Professional;0;78.70;51.76;2;SO001046;11593
2013;201302;Q1;Feb 2013;North America;United States;Southwest;Bikes;Road Bikes;High Income;55+;Female;Manual;1;2867.94;1064.43;2;SO001047;11256
2013;201302;Q1;Feb 2013;Europe;France;France;Clothing;Shorts;Middle Income;46-55;Female;Skilled Manual;0;175.06;65.71;2;SO001048;11809
2013;201302;Q1;Feb 2013;Europe;Germany;Germany;Clothing;Gloves;Middle Income;36-45;Female;Skilled Manual;1;87.12;33.38;2;SO001049;11518
2013;201302;Q1;Feb 2013;Europe;Germany;Germany;Bikes;Touring Bikes;Middle Income;36-45;Female;Skilled Manual;1;2403.07;933.14;1;SO001049;11518
2013;201302;Q1;Feb 2013;North America;United States;Southeast;Accessories;Fenders;Low Income;36-45;Male;Management;1;106.36;67.59;1;SO001050;11054
2013;201302;Q1;Feb 2013;North America;United States;Northeast;Bikes;Mountain Bikes;High Income;46-55;Female;Professional;0;3250.01;1423.97;1;SO001051;11485
2013;201302;Q1;Feb 2013;Europe;France;France;Components;Saddles;High Income;18-25;Male;Professional;1;992.30;307.84;2;SO001052;11834
2013;201302;Q1;Feb 2013;North America;United States;Central;Components;Saddles;Middle Income;55+;Female;Professional;1;864.52;303.52;2;SO001053;11895
2013;201302;Q1;Feb 2013;North America;United States;Northwest;Bikes;Touring Bikes;High Income;26-35;Female;Management;1;1780.43;765.95;1;SO001054;11435
2013;201302;Q1;Feb 2013;Pacific;Australia;Australia;Bikes;Touring Bikes;High Income;55+;Female;Skilled Manual;0;1351.17;534.99;1;SO001055;11049
2013;201302;Q1;Feb 2013;Pacific;Australia;Australia;Bikes;Road Bikes;Low Income;55+;Female;Skilled Manual;1;1107.80;427.33;1;SO001056;11259
2013;201302;Q1;Feb 2013;Pacific;Australia;Australia;Clothing;Jerseys;Low Income;55+;Female;Skilled Manual;1;33.55;14.59;1;SO001056;11259
2013;201302;Q1;Feb 2013;North America;United States;Central;Clothing;Caps;Middle Income;55+;Female;Manual;0;74.00;28.38;2;SO001057;11458
2013;201302;Q1;Feb 2013;North America;Canada;Canada;Bikes;Mountain Bikes;Middle Income;26-35;Female;Management;0;870.18;380.92;1;SO001058;11656
2013;201302;Q1;Feb 2013;North America;Canada;Canada;Accessories;Fenders;Middle Income;26-35;Female;Management;0;300.21;180.24;3;SO001058;11656
2013;201302;Q1;Feb 2013;North America;Canada;Canada;Clothing;Shorts;Middle Income;55+;Male;Skilled Manual;0;163.36;58.96;2;SO001059;11731
2013;201302;Q1;Feb 2013;Europe;France;France;Bikes;Mountain Bikes;Middle Income;55+;Female;Clerical;1;3333.90;1279.48;2;SO001060;11878
2013;201302;Q1;Feb 2013;North America;United States;Southwest;Bikes;Touring Bikes;Middle Income;46-55;Male;Manual;1;2672.82;1107.08;1;SO001061;11260
2013;201302;Q1;Feb 2013;North America;United States;Southwest;Bikes;Touring Bikes;Middle Income;46-55;Male;Manual;1;3248.98;1390.83;1;SO001061;11260
2013;201302;Q1;Feb 2013;North America;United States;Central;Bikes;Road Bikes;Low Income;46-55;Female;Manual;1;6532.62;2822.83;3;SO001062;11328
2013;201302;Q1;Feb 2013;North America;United States;Central;Clothing;Jerseys;Low Income;46-55;Female;Manual;1;88.97;35.45;1;SO001062;11328
2013;201302;Q1;Feb 2013;North America;United States;Southeast;Clothing;Caps;Low Income;55+;Male;Skilled Manual;1;64.50;23.90;2;SO001063;11719
2013;201302;Q1;Feb 2013;Europe;Germany;Germany;Bikes;Touring Bikes;Middle Income;36-45;Male;Management;0;2099.91;842.80;1;SO001064;11208
2013;201302;Q1;Feb 2013;North America;United States;Central;Bikes;Mountain Bikes;Low Income;36-45;Male;Manual;0;1344.05;592.88;1;SO001065;11836
2013;201302;Q1;Feb 2013;North America;United States;Central;Accessories;Fenders;Middle Income;46-55;Male;Professional;0;38.00;23.71;2;SO001066;11016
2013;201302;Q1;Feb 2013;North America;United States;Southwest;Accessories;Helmets;Middle Income;26-35;Male;Management;1;91.84;59.04;1;SO001067;11837
2013;201302;Q1;Feb 2013;North America;United States;Southwest;Bikes;Touring Bikes;Middle Income;26-35;Male;Management;1;1245.96;491.84;1;SO001067;11837
2013;201302;Q1;Feb 2013;North America;United States;Southwest;Clothing;Shorts;Middle Income;26-35;Male;Management;1;150.62;54.64;2;SO001067;11837
2013;201302;Q1;Feb 2013;Europe;United Kingdom;United Kingdom;Bikes;Road Bikes;Middle Income;55+;Male;Professional;1;7041.93;2852.00;3;SO001068;11203
2013;201302;Q1;Feb 2013;Europe;United Kingdom;United Kingdom;Bikes;Mountain Bikes;Middle Income;55+;Male;Professional;1;2487.06;1006.33;3;SO001068;11203
2013;201302;Q1;Feb 2013;Pacific;Australia;Australia;Accessories;Bottles and Cages;Low Income;18-25;Female;Skilled Manual;1;15.54;9.57;3;SO001069;11684
2013;201302;Q1;Feb 2013;Pacific;Australia;Australia;Bikes;Road Bikes;Low Income;18-25;Female;Skilled Manual;1;3282.71;1369.94;1;SO001069;11684
2013;201302;Q1;Feb 2013;North America;Canada;Canada;Bikes;Mountain Bikes;Middle Income;18-25;Male;Clerical;1;2731.72;1134.12;1;SO001070;11790
2013;201302;Q1;Feb 2013;North America;United States;Central;Bikes;Touring Bikes;Middle Income;18-25;Male;Manual;1;2022.94;909.51;1;SO001071;11414
2013;201302;Q1;Feb 2013;North America;Canada;Canada;Bikes;Road Bikes;Middle Income;46-55;Female;Management;1;1530.90;639.27;2;SO001072;11676
2013;201302;Q1;Feb 2013;North America;United States;Northwest;Bikes;Mountain Bikes;Low Income;55+;Female;Clerical;0;716.36;319.13;1;SO001073;11129
2013;201302;Q1;Feb 2013;Pacific;Australia;Australia;Bikes;Road Bikes;High Income;55+;Female;Skilled Manual;1;2676.99;1134.18;1;SO001074;11585
2013;201302;Q1;Feb 2013;Pacific;Australia;Australia;Bikes;Road Bikes;High Income;55+;Female;Skilled Manual;1;1217.66;457.80;1;SO001074;11585
2013;201302;Q1;Feb 2013;Pacific;Australia;Australia;Bikes;Touring Bikes;High Income;55+;Female;Skilled Manual;1;1484.93;621.72;1;SO001074;11585
2013;201302;Q1;Feb 2013;Pacific;Australia;Australia;Accessories;Fenders;Middle Income;36-45;Male;Manual;1;86.32;56.94;1;SO001075;11606
2013;201302;Q1;Feb 2013;Europe;United Kingdom;United Kingdom;Clothing;Shorts;Middle Income;26-35;Female;Skilled Manual;1;55.41;19.96;1;SO001076;11270
2013;201302;Q1;Feb 2013;North America;United States;Southwest;Bikes;Touring Bikes;Middle Income;18-25;Male;Professional;0;3696.04;1648.62;2;SO001077;11591
2013;201302;Q1;Feb 2013;North America;United States;Southwest;Bikes;Mountain Bikes;Middle Income;18-25;Male;Professional;0;2959.30;1299.61;2;SO001077;11591
2013;201302;Q1;Feb 2013;Pacific;Australia;Australia;Bikes;Touring Bikes;High Income;55+;Female;Professional;0;2628.77;1123.45;1;SO001078;11181
2013;201302;Q1;Feb 2013;North America;United States;Southeast;Clothing;Jerseys;Low Income;55+;Female;Professional;1;60.21;26.37;1;SO001079;11246
2013;201302;Q1;Feb 2013;North America;United States;Southeast;Accessories;Helmets;High Income;26-35;Male;Skilled Manual;0;62.30;40.21;2;SO001080;11625
2013;201302;Q1;Feb 2013;Pacific;Australia;Australia;Bikes;Road Bikes;Low Income;26-35;Male;Clerical;1;2661.85;1195.27;1;SO001081;11812
2013;201302;Q1;Feb 2013;Pacific;Australia;Australia;Bikes;Touring Bikes;Low Income;26-35;Male;Clerical;1;1574.32;672.09;1;SO001081;11812
2013;201302;Q1;Feb 2013;North America;United States;Northeast;Bikes;Mountain Bikes;High Income;46-55;Female;Manual;0;1481.28;604.03;1;SO001082;11715
2013;201302;Q1;Feb 2013;North America;United States;Northeast;Bikes;Touring Bikes;High Income;46-55;Female;Manual;0;2448.33;1047.09;1;SO001082;11715
2013;201302;Q1;Feb 2013;Europe;France;France;Bikes;Mountain Bikes;High Income;55+;Male;Management;0;2272.14;951.71;1;SO001083;11144
2013;201302;Q1;Feb 2013;Europe;United Kingdom;United Kingdom;Clothing;Gloves;Middle Income;36-45;Female;Clerical;1;84.29;33.18;1;SO001084;11227
2013;201302;Q1;Feb 2013;Pacific;Australia;Australia;Bikes;Touring Bikes;High Income;46-55;Female;Clerical;0;9584.37;4260.02;3;SO001085;11061
2013;201302;Q1;Feb 2013;North America;United States;Southwest;Bikes;Mountain Bikes;High Income;36-45;Male;Clerical;1;848.60;369.40;1;SO001086;11515
2013;201302;Q1;Feb 2013;Europe;United Kingdom;United Kingdom;Bikes;Touring Bikes;Middle Income;46-55;Female;Professional;1;3009.03;1256.35;1;SO001087;11283
2013;201302;Q1;Feb 2013;Europe;United Kingdom;United Kingdom;Bikes;Road Bikes;Middle Income;46-55;Female;Professional;1;4826.25;1802.12;3;SO001087;11283
2013;201302;Q1;Feb 2013;Europe;United Kingdom;United Kingdom;Accessories;Tires and Tubes;Middle Income;46-55;Female;Professional;1;163.20;102.49;2;SO001087;11283
2013;201302;Q1;Feb 2013;North America;United States;Northwest;Clothing;Caps;High Income;46-55;Female;Professional;0;23.78;9.90;1;SO001088;11239
2013;201302;Q1;Feb 2013;North America;Canada;Canada;Bikes;Mountain Bikes;Middle Income;46-55;Male;Skilled Manual;1;9600.93;4064.54;3;SO001089;11172
2013;201302;Q1;Feb 2013;North America;Canada;Canada;Bikes;Road Bikes;Middle Income;46-55;Male;Skilled Manual;1;6440.54;2567.12;2;SO001089;11172
2013;201302;Q1;Feb 2013;North America;United States;Southeast;Bikes;Touring Bikes;High Income;55+;Male;Professional;1;9714.66;3864.12;3;SO001090;11060
2013;201302;Q1;Feb 2013;North America;Canada;Canada;Components;Saddles;Middle Income;55+;Female;Professional;1;243.75;76.85;1;SO001091;11817
2013;201302;Q1;Feb 2013;Pacific;Australia;Australia;Clothing;Jerseys;High Income;55+;Female;Professional;0;47.49;20.73;1;SO001092;11132
2013;201302;Q1;Feb 2013;Pacific;Australia;Australia;Accessories;Tires and Tubes;High Income;55+;Female;Professional;0;12.80;8.13;2;SO001092;11132
2013;201302;Q1;Feb 2013;North America;United States;Southwest;Accessories;Tires and Tubes;Middle Income;55+;Male;Clerical;0;67.42;42.48;1;SO001093;11592
2013;201302;Q1;Feb 2013;Europe;France;France;Accessories;Tires and Tubes;High Income;46-55;Male;Manual;1;44.15;25.77;1;SO001094;11096
2013;201302;Q1;Feb 2013;North America;United States;Northwest;Components;Brakes;Middle Income;46-55;Male;Professional;1;217.95;73.04;1;SO001095;11397
2013;201302;Q1;Feb 2013;North America;United States;Northeast;Bikes;Touring Bikes;High Income;46-55;Male;Management;0;3462.34;1519.80;1;SO001096;11269
2013;201302;Q1;Feb 2013;North America;United States;Southeast;Bikes;Road Bikes;Middle Income;55+;Male;Skilled Manual;1;1808.12;699.74;2;SO001097;11021
2013;201302;Q1;Feb 2013;North America;United States;Northeast;Bikes;Mountain Bikes;High Income;36-45;Male;Clerical;1;2303.51;995.87;1;SO001098;11388
2013;201302;Q1;Feb 2013;Europe;United Kingdom;United Kingdom;Clothing;Jerseys;Middle Income;26-35;Male;Professional;0;20.39;8.59;1;SO001099;11224
2013;201302;Q1;Feb 2013;Europe;United Kingdom;United Kingdom;Bikes;Road Bikes;Middle Income;26-35;Male;Professional;0;1380.33;527.45;1;SO001099;11224
2013;201302;Q1;Feb 2013;North America;United States;Southeast;Components;Saddles;Middle Income;55+;Male;Skilled Manual;1;443.17;152.90;1;SO001100;11119
2013;201302;Q1;Feb 2013;North America;United States;Southeast;Clothing;Caps;Middle Income;55+;Male;Skilled Manual;1;59.59;22.34;1;SO001100;11119
2013;201302;Q1;Feb 2013;North America;United States;Southeast;Bikes;Touring Bikes;Middle Income;55+;Male;Skilled Manual;1;1885.79;723.01;1;SO001100;11119
2013;201302;Q1;Feb 2013;North America;United States;Northeast;Bikes;Mountain Bikes;Middle Income;55+;Male;Professional;0;1993.44;811.47;1;SO001101;11047
2013;201302;Q1;Feb 2013;Europe;United Kingdom;United Kingdom;Accessories;Helmets;Low Income;46-55;Male;Skilled Manual;0;54.62;35.86;1;SO001102;11025
2013;201302;Q1;Feb 2013;North America;Canada;Canada;Accessories;Helmets;Low Income;55+;Male;Manual;1;93.87;58.22;1;SO001103;11101
2013;201302;Q1;Feb 2013;North America;Canada;Canada;Bikes;Road Bikes;Low Income;55+;Male;Manual;1;2241.68;960.39;1;SO001103;11101
2013;201303;Q1;Mar 2013;Europe;United Kingdom;United Kingdom;Accessories;Tires and Tubes;Low Income;55+;Female;Manual;0;180.18;115.54;3;SO001104;11582
2013;201303;Q1;Mar 2013;Europe;United Kingdom;United Kingdom;Accessories;Bottles and Cages;Low Income;55+;Female;Manual;0;117.60;73.93;1;SO001104;11582
2013;201303;Q1;Mar 2013;Pacific;Australia;Australia;Accessories;Bottles and Cages;High Income;55+;Female;Skilled Manual;1;91.71;54.38;1;SO001105;11158
2013;201303;Q1;Mar 2013;Pacific;Australia;Australia;Bikes;Touring Bikes;High Income;55+;Female;Skilled Manual;1;1524.73;579.70;1;SO001105;11158
2013;201303;Q1;Mar 2013;Europe;France;France;Components;Wheels;Middle Income;36-45;Female;Professional;1;930.60;343.22;2;SO001106;11858
2013;201303;Q1;Mar 2013;North America;United States;Southeast;Accessories;Bottles and Cages;High Income;55+;Male;Professional;0;28.90;16.88;1;SO001107;11765
2013;201303;Q1;Mar 2013;North America;United States;Southeast;Components;Wheels;High Income;55+;Male;Professional;0;100.35;35.86;1;SO001107;11765
2013;201303;Q1;Mar 2013;Pacific;Australia;Australia;Accessories;Helmets;Middle Income;26-35;Female;Management;0;106.93;65.50;1;SO001108;11509
2013;201303;Q1;Mar 2013;Pacific;Australia;Australia;Bikes;Mountain Bikes;Middle Income;26-35;Female;Management;0;3009.66;1196.50;1;SO001108;11509
2013;201303;Q1;Mar 2013;Pacific;Australia;Australia;Bikes;Mountain Bikes;Middle Income;46-55;Male;Manual;0;3473.87;1310.25;1;SO001109;11812
2013;201303;Q1;Mar 2013;Europe;Germany;Germany;Clothing;Shorts;Middle Income;46-55;Male;Management;0;87.58;35.32;1;SO001110;11699
2013;201303;Q1;Mar 2013;North America;United States;Southeast;Bikes;Mountain Bikes;Middle Income;36-45;Male;Management;0;2260.10;902.88;1;SO001111;11282
2013;201303;Q1;Mar 2013;Pacific;Australia;Australia;Components;Brakes;Middle Income;55+;Male;Clerical;0;409.92;134.85;1;SO001112;11861
2013;201303;Q1;Mar 2013;Pacific;Australia;Australia;Bikes;Touring Bikes;Middle Income;55+;Male;Clerical;0;2836.59;1107.34;1;SO001112;11861
2013;201303;Q1;Mar 2013;North America;United States;Southeast;Bikes;Road Bikes;Middle Income;36-45;Female;Manual;0;2512.23;1005.28;1;SO001113;11671
2013;201303;Q1;Mar 2013;North America;United States;Southeast;Bikes;Mountain Bikes;Middle Income;36-45;Female;Manual;0;3557.90;1439.91;2;SO001113;11671
2013;201303;Q1;Mar 2013;North America;United States;Southwest;Bikes;Road Bikes;High Income;36-45;Female;Management;1;1123.66;476.81;1;SO001114;11854
2013;201303;Q1;Mar 2013;North America;United States;Southwest;Clothing;Jerseys;High Income;36-45;Female;Management;1;54.51;23.92;1;SO001114;11854
2013;201303;Q1;Mar 2013;North America;United States;Southwest;Components;Brakes;High Income;36-45;Female;Management;1;935.88;291.81;2;SO001114;11854
2013;201303;Q1;Mar 2013;Europe;United Kingdom;United Kingdom;Bikes;Mountain Bikes;Middle Income;46-55;Female;Skilled Manual;0;5432.92;2428.47;2;SO001115;11245
2013;201303;Q1;Mar 2013;Europe;France;France;Bikes;Mountain Bikes;High Income;55+;Female;Manual;0;2391.78;1016.89;3;SO001116;11288
2013;201303;Q1;Mar 2013;North America;United States;Southwest;Bikes;Road Bikes;High Income;46-55;Female;Professional;1;3586.26;1524.83;2;SO001117;11079
2013;201303;Q1;Mar 2013;North America;United States;Southwest;Accessories;Fenders;High Income;46-55;Female;Professional;1;57.16;35.84;1;SO001117;11079
2013;201303;Q1;Mar 2013;North America;United States;Southwest;Clothing;Shorts;High Income;46-55;Female;Professional;1;171.98;74.52;2;SO001117;11079
2013;201303;Q1;Mar 2013;Europe;France;France;Accessories;Fenders;High Income;46-55;Female;Skilled Manual;1;36.93;22.04;3;SO001118;11343
2013;201303;Q1;Mar 2013;North America;United States;Northeast;Components;Handlebars;Middle Income;46-55;Male;Manual;1;414.79;130.59;1;SO001119;11287
2013;201303;Q1;Mar 2013;North America;United States;Northeast;Bikes;Mountain Bikes;Middle Income;46-55;Male;Manual;1;3331.86;1386.24;1;SO001119;11287
2013;201303;Q1;Mar 2013;North America;United States;Northeast;Bikes;Road Bikes;Middle Income;46-55;Male;Manual;1;3089.66;1202.38;1;SO001119;11287
2013;201303;Q1;Mar 2013;Europe;Germany;Germany;Components;Handlebars;Low Income;46-55;Male;Skilled Manual;0;347.14;111.50;1;SO001120;11464
2013;201303;Q1;Mar 2013;Pacific;Australia;Australia;Clothing;Gloves;High Income;36-45;Female;Professional;1;47.82;19.38;2;SO001121;11557
2013;201303;Q1;Mar 2013;Pacific;Australia;Australia;Bikes;Road Bikes;High Income;36-45;Female;Professional;1;3390.94;1439.30;1;SO001121;11557
2013;201303;Q1;Mar 2013;North America;United States;Northwest;Bikes;Touring Bikes;Middle Income;46-55;Female;Management;0;958.66;426.22;1;SO001122;11018
2013;201303;Q1;Mar 2013;North America;United States;Northwest;Bikes;Mountain Bikes;Middle Income;46-55;Female;Management;0;2983.81;1261.06;1;SO001122;11018
2013;201303;Q1;Mar 2013;North America;United States;Northwest;Accessories;Bottles and Cages;Middle Income;46-55;Female;Management;0;109.17;70.28;1;SO001122;11018
2013;201303;Q1;Mar 2013;North America;United States;Southeast;Clothing;Gloves;Low Income;46-55;Male;Professional;1;51.13;20.26;1;SO001123;11265
2013;201303;Q1;Mar 2013;North America;United States;Southeast;Bikes;Road Bikes;Low Income;46-55;Male;Professional;1;1838.87;709.07;1;SO001123;11265
2013;201303;Q1;Mar 2013;North America;United States;Northwest;Bikes;Road Bikes;Middle Income;26-35;Female;Management;1;2153.60;966.38;1;SO001124;11003
2013;201303;Q1;Mar 2013;North America;United States;Northwest;Bikes;Mountain Bikes;Middle Income;26-35;Female;Management;1;2610.77;1118.35;1;SO001124;11003
2013;201303;Q1;Mar 2013;North America;United States;Northwest;Bikes;Mountain Bikes;Middle Income;26-35;Female;Management;1;2555.19;1138.67;1;SO001124;11003
2013;201303;Q1;Mar 2013;Pacific;Australia;Australia;Accessories;Helmets;Low Income;46-55;Male;Management;1;23.92;13.94;1;SO001125;11122
2013;201303;Q1;Mar 2013;North America;United States;Central;Bikes;Touring Bikes;Middle Income;55+;Female;Management;0;2056.99;801.59;1;SO001126;11124
2013;201303;Q1;Mar 2013;North America;United States;Central;Bikes;Road Bikes;Middle Income;55+;Female;Management;0;5058.90;2233.30;3;SO001126;11124
2013;201303;Q1;Mar 2013;Europe;United Kingdom;United Kingdom;Accessories;Bottles and Cages;Low Income;36-45;Female;Management;0;46.81;28.92;1;SO001127;11675
2013;201303;Q1;Mar 2013;Europe;United Kingdom;United Kingdom;Accessories;Bottles and Cages;Low Income;36-45;Female;Management;0;61.86;37.00;2;SO001127;11675
2013;201303;Q1;Mar 2013;North America;United States;Southwest;Bikes;Touring Bikes;High Income;46-55;Male;Professional;1;3386.90;1460.29;1;SO001128;11437
2013;201303;Q1;Mar 2013;North America;United States;Northeast;Bikes;Touring Bikes;Middle Income;26-35;Female;Professional;0;3395.69;1440.53;1;SO001129;11826
2013;201303;Q1;Mar 2013;Europe;France;France;Bikes;Road Bikes;High Income;46-55;Female;Skilled Manual;1;1435.44;547.78;1;SO001130;11647
2013;201303;Q1;Mar 2013;Europe;France;France;Components;Wheels;High Income;46-55;Female;Skilled Manual;1;1475.82;459.47;3;SO001130;11647
2013;201303;Q1;Mar 2013;Europe;France;France;Components;Wheels;Middle Income;55+;Female;Skilled Manual;0;691.80;245.47;2;SO001131;11165
2013;201303;Q1;Mar 2013;North America;United States;Southwest;Clothing;Gloves;Middle Income;46-55;Female;Management;1;128.96;53.87;2;SO001132;11880
2013;201303;Q1;Mar 2013;North America;United States;Southwest;Clothing;Gloves;Middle Income;46-55;Female;Management;1;65.34;26.30;1;SO001132;11880
2013;201303;Q1;Mar 2013;Pacific;Australia;Australia;Bikes;Road Bikes;Middle Income;55+;Male;Clerical;1;5057.92;2002.52;2;SO001133;11278
2013;201303;Q1;Mar 2013;Europe;Germany;Germany;Bikes;Touring Bikes;Low Income;46-55;Female;Professional;1;1723.05;646.25;1;SO001134;11013
2013;201303;Q1;Mar 2013;Europe;Germany;Germany;Accessories;Fenders;Low Income;46-55;Female;Professional;1;41.62;26.03;1;SO001134;11013
2013;201303;Q1;Mar 2013;North America;United States;Northwest;Clothing;Shorts;Middle Income;46-55;Female;Professional;0;39.01;15.82;1;SO001135;11818
2013;201303;Q1;Mar 2013;North America;United States;Southeast;Bikes;Road Bikes;Middle Income;36-45;Female;Clerical;1;5942.74;2207.45;2;SO001136;11686
2013;201303;Q1;Mar 2013;Pacific;Australia;Australia;Bikes;Road Bikes;Middle Income;26-35;Female;Professional;0;1265.00;492.71;1;SO001137;11172
2013;201303;Q1;Mar 2013;Pacific;Australia;Australia;Accessories;Fenders;Middle Income;26-35;Female;Professional;0;70.15;43.23;1;SO001137;11172
2013;201303;Q1;Mar 2013;Pacific;Australia;Australia;Accessories;Bottles and Cages;Low Income;36-45;Female;Clerical;0;79.98;50.71;1;SO001138;11037
2013;201303;Q1;Mar 2013;Pacific;Australia;Australia;Clothing;Gloves;Middle Income;55+;Female;Manual;1;203.85;88.06;3;SO001139;11028
2013;201303;Q1;Mar 2013;Europe;United Kingdom;United Kingdom;Components;Handlebars;Low Income;26-35;Female;Skilled Manual;1;97.36;29.56;1;SO001140;11715
2013;201303;Q1;Mar 2013;Pacific;Australia;Australia;Bikes;Road Bikes;High Income;55+;Female;Clerical;1;2990.92;1108.29;2;SO001141;11123
2013;201303;Q1;Mar 2013;Pacific;Australia;Australia;Bikes;Mountain Bikes;High Income;55+;Female;Clerical;1;2271.53;912.36;1;SO001141;11123
2013;201303;Q1;Mar 2013;Pacific;Australia;Australia;Bikes;Touring Bikes;High Income;55+;Female;Clerical;1;4179.90;1646.13;2;SO001141;11123
2013;201303;Q1;Mar 2013;Pacific;Australia;Australia;Components;Handlebars;High Income;26-35;Male;Clerical;1;110.38;36.71;2;SO001142;11458
2013;201303;Q1;Mar 2013;North America;United States;Northeast;Components;Saddles;Middle Income;26-35;Female;Skilled Manual;1;446.06;154.00;1;SO001143;11361
2013;201303;Q1;Mar 2013;North America;United States;Northeast;Bikes;Touring Bikes;Middle Income;26-35;Female;Skilled Manual;1;1323.67;511.56;1;SO001143;11361
2013;201303;Q1;Mar 2013;Pacific;Australia;Australia;Bikes;Touring Bikes;Middle Income;36-45;Female;Professional;0;1539.19;691.09;1;SO001144;11711
2013;201303;Q1;Mar 2013;North America;United States;Southwest;Bikes;Touring Bikes;High Income;46-55;Female;Manual;1;1535.90;608.88;1;SO001145;11873
2013;201303;Q1;Mar 2013;Europe;Germany;Germany;Bikes;Touring Bikes;High Income;36-45;Female;Professional;1;2808.35;1093.56;1;SO001146;11268
2013;201303;Q1;Mar 2013;Europe;Germany;Germany;Accessories;Tires and Tubes;High Income;36-45;Female;Professional;1;56.85;34.00;1;SO001146;11268
2013;201303;Q1;Mar 2013;Europe;Germany;Germany;Bikes;Road Bikes;Low Income;55+;Male;Management;0;2724.26;1165.67;1;SO001147;11276
2013;201303;Q1;Mar 2013;Europe;France;France;Accessories;Helmets;Low Income;36-45;Male;Manual;1;185.18;114.50;2;SO001148;11223
2013;201303;Q1;Mar 2013;Europe;Germany;Germany;Accessories;Bottles and Cages;Low Income;55+;Female;Skilled Manual;1;6.17;3.73;1;SO001149;11308
2013;201303;Q1;Mar 2013;Pacific;Australia;Australia;Bikes;Touring Bikes;Middle Income;26-35;Male;Manual;0;1997.16;863.38;2;SO001150;11580
2013;201303;Q1;Mar 2013;Pacific;Australia;Australia;Bikes;Road Bikes;Middle Income;26-35;Male;Manual;0;1801.75;718.00;1;SO001150;11580
2013;201303;Q1;Mar 2013;Pacific;Australia;Australia;Bikes;Touring Bikes;Middle Income;46-55;Female;Professional;1;3344.27;1307.23;1;SO001151;11723
2013;201303;Q1;Mar 2013;Pacific;Australia;Australia;Bikes;Road Bikes;Middle Income;46-55;Female;Professional;1;2648.14;1063.82;1;SO001151;11723
2013;201303;Q1;Mar 2013;Pacific;Australia;Australia;Bikes;Mountain Bikes;Middle Income;46-55;Female;Professional;1;2217.71;886.37;1;SO001151;11723
2013;201303;Q1;Mar 2013;North America;United States;Northeast;Bikes;Mountain Bikes;Low Income;46-55;Male;Professional;0;1282.15;485.45;1;SO001152;11209
2013;201303;Q1;Mar 2013;North America;United States;Southeast;Clothing;Shorts;Middle Income;46-55;Female;Manual;0;165.60;67.16;2;SO001153;11308
2013;201303;Q1;Mar 2013;Pacific;Australia;Australia;Bikes;Road Bikes;Low Income;55+;Male;Clerical;1;805.11;311.28;1;SO001154;11287
2013;201303;Q1;Mar 2013;Pacific;Australia;Australia;Bikes;Mountain Bikes;Low Income;55+;Male;Clerical;1;2923.03;1276.71;1;SO001154;11287
2013;201303;Q1;Mar 2013;North America;United States;Central;Bikes;Mountain Bikes;Middle Income;36-45;Female;Skilled Manual;0;1073.73;482.66;1;SO001155;11048
2013;201303;Q1;Mar 2013;Europe;United Kingdom;United Kingdom;Clothing;Gloves;Low Income;26-35;Female;Manual;0;33.81;13.28;1;SO001156;11638
2013;201303;Q1;Mar 2013;North America;United States;Northwest;Bikes;Road Bikes;Middle Income;46-55;Female;Skilled Manual;0;1672.65;727.78;1;SO001157;11451
2013;201303;Q1;Mar 2013;Europe;Germany;Germany;Bikes;Mountain Bikes;Low Income;55+;Male;Professional;0;4514.32;1763.59;2;SO001158;11255
2013;201303;Q1;Mar 2013;Europe;Germany;Germany;Bikes;Mountain Bikes;Low Income;55+;Male;Professional;0;1458.39;646.70;1;SO001158;11255
2013;201303;Q1;Mar 2013;Europe;Germany;Germany;Clothing;Jerseys;Low Income;55+;Male;Professional;0;40.72;14.88;1;SO001158;11255
2013;201303;Q1;Mar 2013;Pacific;Australia;Australia;Bikes;Road Bikes;Low Income;55+;Male;Management;1;5444.38;2413.51;2;SO001159;11818
2013;201303;Q1;Mar 2013;North America;Canada;Canada;Bikes;Touring Bikes;High Income;55+;Female;Clerical;1;4764.04;2091.32;2;SO001160;11265
2013;201303;Q1;Mar 2013;North America;Canada;Canada;Components;Brakes;High Income;55+;Female;Clerical;1;334.32;106.38;1;SO001160;11265
2013;201303;Q1;Mar 2013;Europe;France;France;Bikes;Mountain Bikes;High Income;46-55;Male;Skilled Manual;0;4675.62;1987.36;2;SO001161;11893
2013;201303;Q1;Mar 2013;Pacific;Australia;Australia;Bikes;Touring Bikes;Middle Income;55+;Male;Management;1;1827.34;703.35;2;SO001162;11394
2013;201303;Q1;Mar 2013;North America;United States;Northwest;Bikes;Touring Bikes;Low Income;46-55;Male;Management;1;2574.91;1136.23;1;SO001163;11133
2013;201303;Q1;Mar 2013;North America;United States;Northwest;Clothing;Caps;Low Income;46-55;Male;Management;1;160.82;64.13;2;SO001163;11133
2013;201303;Q1;Mar 2013;North America;United States;Northwest;Accessories;Bottles and Cages;Low Income;46-55;Male;Management;1;45.54;28.55;1;SO001163;11133
2013;201303;Q1;Mar 2013;North America;Canada;Canada;Bikes;Road Bikes;Low Income;36-45;Male;Clerical;0;8386.89;3270.74;3;SO001164;11634
2013;201303;Q1;Mar 2013;Pacific;Australia;Australia;Bikes;Road Bikes;Low Income;55+;Male;Management;0;1429.88;629.61;1;SO001165;11570
2013;201303;Q1;Mar 2013;Europe;Germany;Germany;Bikes;Road Bikes;High Income;55+;Male;Manual;0;3233.56;1201.21;1;SO001166;11391
2013;201303;Q1;Mar 2013;Europe;Germany;Germany;Clothing;Jerseys;Middle Income;46-55;Female;Professional;1;125.94;49.14;2;SO001167;11514
2013;201303;Q1;Mar 2013;Europe;United Kingdom;United Kingdom;Accessories;Bottles and Cages;Middle Income;55+;Male;Clerical;1;77.99;46.54;1;SO001168;11519
2013;201303;Q1;Mar 2013;Pacific;Australia;Australia;Bikes;Road Bikes;Middle Income;36-45;Female;Clerical;1;749.10;281.99;1;SO001169;11898
2013;201303;Q1;Mar 2013;Pacific;Australia;Australia;Bikes;Mountain Bikes;Low Income;46-55;Male;Skilled Manual;0;3121.12;1386.76;1;SO001170;11408
2013;201303;Q1;Mar 2013;North America;United States;Northeast;Accessories;Bottles and Cages;Middle Income;36-45;Female;Management;1;24.82;15.63;1;SO001171;11420
2013;201303;Q1;Mar 2013;North America;Canada;Canada;Bikes;Mountain Bikes;Low Income;46-55;Female;Skilled Manual;0;2726.78;1057.56;1;SO001172;11303
2013;201303;Q1;Mar 2013;North America;Canada;Canada;Bikes;Mountain Bikes;Low Income;46-55;Female;Skilled Manual;0;2306.91;1010.73;1;SO001172;11303
2013;201303;Q1;Mar 2013;Europe;United Kingdom;United Kingdom;Bikes;Mountain Bikes;Low Income;55+;Male;Management;0;1529.00;646.80;1;SO001173;11229
2013;201303;Q1;Mar 2013;Europe;United Kingdom;United Kingdom;Clothing;Shorts;Low Income;55+;Male;Management;0;80.88;32.63;1;SO001173;11229
2013;201303;Q1;Mar 2013;Europe;United Kingdom;United Kingdom;Bikes;Road Bikes;Low Income;55+;Male;Management;0;723.62;311.94;1;SO001173;11229
2013;201303;Q1;Mar 2013;Pacific;Australia;Australia;Accessories;Helmets;Middle Income;26-35;Female;Skilled Manual;0;50.86;33.27;2;SO001174;11112
2013;201303;Q1;Mar 2013;Pacific;Australia;Australia;Clothing;Caps;Middle Income;26-35;Female;Skilled Manual;0;56.71;21.53;1;SO001174;11112
2013;201303;Q1;Mar 2013;Pacific;Australia;Australia;Accessories;Bottles and Cages;Middle Income;36-45;Female;Skilled Manual;0;25.73;16.18;1;SO001175;11321
2013;201303;Q1;Mar 2013;Europe;France;France;Bikes;Road Bikes;Low Income;36-45;Male;Skilled Manual;0;2928.35;1109.91;1;SO001176;11732
2013;201303;Q1;Mar 2013;Pacific;Australia;Australia;Accessories;Tires and Tubes;Low Income;55+;Female;Management;1;65.59;41.46;1;SO001177;11750
2013;201303;Q1;Mar 2013;Europe;United Kingdom;United Kingdom;Accessories;Bottles and Cages;High Income;18-25;Male;Clerical;1;24.34;14.79;2;SO001178;11526
2013;201303;Q1;Mar 2013;Europe;United Kingdom;United Kingdom;Bikes;Mountain Bikes;Low Income;46-55;Male;Professional;1;3181.63;1406.06;1;SO001179;11201
2013;201303;Q1;Mar 2013;Europe;United Kingdom;United Kingdom;Bikes;Mountain Bikes;Low Income;46-55;Male;Professional;1;6746.46;2583.54;3;SO001179;11201
2013;201303;Q1;Mar 2013;Europe;Germany;Germany;Accessories;Bottles and Cages;Middle Income;46-55;Male;Professional;1;183.94;120.42;2;SO001180;11427
2013;201303;Q1;Mar 2013;North America;United States;Central;Bikes;Touring Bikes;High Income;36-45;Female;Management;0;1641.42;622.30;1;SO001181;11878
2013;201303;Q1;Mar 2013;North America;United States;Central;Accessories;Fenders;High Income;36-45;Female;Management;0;57.31;34.38;1;SO001181;11878
2013;201303;Q1;Mar 2013;North America;United States;Northwest;Bikes;Touring Bikes;Low Income;26-35;Male;Manual;0;2584.48;1131.83;1;SO001182;11565
2013;201303;Q1;Mar 2013;Europe;France;France;Components;Brakes;High Income;46-55;Male;Manual;1;452.00;153.43;1;SO001183;11748
2013;201303;Q1;Mar 2013;North America;Canada;Canada;Clothing;Gloves;High Income;55+;Male;Professional;0;126.96;50.45;2;SO001184;11097
2013;201303;Q1;Mar 2013;North America;Canada;Canada;Bikes;Road Bikes;High Income;55+;Male;Professional;0;3271.02;1392.09;1;SO001184;11097
2013;201303;Q1;Mar 2013;Europe;France;France;Bikes;Touring Bikes;Middle Income;46-55;Male;Manual;1;3473.89;1513.76;1;SO001185;11360
2013;201303;Q1;Mar 2013;Europe;United Kingdom;United Kingdom;Accessories;Tires and Tubes;Middle Income;55+;Female;Manual;1;15.83;9.59;1;SO001186;11154
2013;201303;Q1;Mar 2013;Europe;United Kingdom;United Kingdom;Bikes;Touring Bikes;Middle Income;55+;Female;Manual;1;2283.41;1018.84;1;SO001186;11154
2013;201303;Q1;Mar 2013;North America;United States;Central;Bikes;Touring Bikes;Middle Income;46-55;Male;Clerical;1;1450.73;591.92;1;SO001187;11351
2013;201303;Q1;Mar 2013;North America;United States;Central;Accessories;Fenders;Middle Income;46-55;Male;Clerical;1;118.67;71.72;1;SO001187;11351
2013;201303;Q1;Mar 2013;Pacific;Australia;Australia;Bikes;Touring Bikes;Middle Income;46-55;Female;Skilled Manual;1;2991.66;1172.92;2;SO001188;11782
2013;201303;Q1;Mar 2013;North America;United States;Central;Clothing;Shorts;High Income;55+;Male;Clerical;1;71.32;28.74;1;SO001189;11521
2013;201303;Q1;Mar 2013;North America;United States;Southeast;Clothing;Gloves;Middle Income;46-55;Male;Skilled Manual;1;56.03;21.94;1;SO001190;11546
2013;201303;Q1;Mar 2013;North America;United States;Northeast;Bikes;Road Bikes;Low Income;55+;Male;Management;1;2248.06;993.95;1;SO001191;11010
2013;201303;Q1;Mar 2013;Europe;Germany;Germany;Bikes;Touring Bikes;Middle Income;55+;Female;Manual;0;1231.87;521.40;1;SO001192;11018
2013;201303;Q1;Mar 2013;Europe;Germany;Germany;Bikes;Road Bikes;Middle Income;55+;Female;Manual;0;2981.45;1234.57;1;SO001192;11018
2013;201303;Q1;Mar 2013;Pacific;Australia;Australia;Clothing;Jerseys;Middle Income;55+;Male;Manual;1;87.21;36.90;1;SO001193;11633
2013;201303;Q1;Mar 2013;North America;United States;Northeast;Clothing;Shorts;Low Income;46-55;Female;Clerical;0;21.21;9.28;1;SO001194;11013
2013;201303;Q1;Mar 2013;Pacific;Australia;Australia;Bikes;Touring Bikes;Middle Income;55+;Male;Clerical;1;6518.30;2887.48;2;SO001195;11366
2013;201303;Q1;Mar 2013;North America;United States;Southeast;Bikes;Road Bikes;Low Income;55+;Male;Professional;0;2088.10;811.17;2;SO001196;11669
2013;201303;Q1;Mar 2013;North America;United States;Southeast;Clothing;Shorts;Low Income;55+;Male;Professional;0;112.92;46.08;3;SO001196;11669
2013;201303;Q1;Mar 2013;Pacific;Australia;Australia;Bikes;Mountain Bikes;Middle Income;55+;Female;Skilled Manual;0;2105.86;833.69;2;SO001197;11044
2013;201303;Q1;Mar 2013;North America;Canada;Canada;Bikes;Touring Bikes;High Income;26-35;Female;Management;0;1360.55;604.83;1;SO001198;11352
2013;201303;Q1;Mar 2013;North America;Canada;Canada;Accessories;Tires and Tubes;High Income;26-35;Female;Management;0;8.38;5.19;1;SO001198;11352
2013;201303;Q1;Mar 2013;North America;Canada;Canada;Bikes;Road Bikes;High Income;26-35;Female;Management;0;1508.01;652.72;1;SO001198;11352
2013;201303;Q1;Mar 2013;Pacific;Australia;Australia;Bikes;Mountain Bikes;Middle Income;26-35;Male;Manual;0;4514.76;1933.64;3;SO001199;11381
2013;201303;Q1;Mar 2013;North America;United States;Central;Components;Brakes;Low Income;55+;Female;Management;0;1195.20;381.20;3;SO001200;11223
2013;201303;Q1;Mar 2013;North America;United States;Central;Accessories;Bottles and Cages;Low Income;55+;Female;Management;0;58.28;34.53;1;SO001200;11223
2013;201303;Q1;Mar 2013;North America;United States;Central;Accessories;Bottles and Cages;Low Income;55+;Female;Management;0;68.90;43.89;1;SO001200;11223
2013;201303;Q1;Mar 2013;Pacific;Australia;Australia;Bikes;Road Bikes;Low Income;55+;Male;Skilled Manual;0;2106.60;861.89;1;SO001201;11328
2013;201303;Q1;Mar 2013;Pacific;Australia;Australia;Accessories;Fenders;Low Income;55+;Male;Skilled Manual;0;43.64;25.49;1;SO001201;11328
2013;201303;Q1;Mar 2013;North America;Canada;Canada;Bikes;Road Bikes;Middle Income;26-35;Female;Clerical;1;1698.54;647.64;1;SO001202;11872
2013;201303;Q1;Mar 2013;Europe;Germany;Germany;Accessories;Fenders;Low Income;55+;Female;Professional;1;38.28;24.96;1;SO001203;11448
2013;201303;Q1;Mar 2013;North America;United States;Northeast;Bikes;Mountain Bikes;Middle Income;46-55;Male;Management;0;1371.01;577.94;1;SO001204;11208
2013;201303;Q1;Mar 2013;Europe;France;France;Bikes;Touring Bikes;High Income;46-55;Male;Manual;0;727.00;317.10;1;SO001205;11615
2013;201303;Q1;Mar 2013;North America;United States;Northwest;Bikes;Road Bikes;Middle Income;26-35;Female;Clerical;1;4102.74;1782.49;2;SO001206;11445
2013;201303;Q1;Mar 2013;North America;United States;Northwest;Bikes;Mountain Bikes;Middle Income;26-35;Female;Clerical;1;3117.74;1242.42;1;SO001206;11445
2013;201303;Q1;Mar 2013;Pacific;Australia;Australia;Components;Saddles;Middle Income;46-55;Male;Clerical;1;70.04;22.75;1;SO001207;11702
2013;201303;Q1;Mar 2013;Pacific;Australia;Australia;Bikes;Road Bikes;Middle Income;46-55;Male;Clerical;1;2392.88;934.55;1;SO001207;11702
2013;201303;Q1;Mar 2013;North America;Canada;Canada;Bikes;Touring Bikes;Middle Income;55+;Male;Manual;0;1652.80;641.67;1;SO001208;11385
2013;201303;Q1;Mar 2013;North America;Canada;Canada;Bikes;Mountain Bikes;Middle Income;55+;Male;Manual;0;5229.04;2077.13;2;SO001208;11385
2013;201303;Q1;Mar 2013;Europe;United Kingdom;United Kingdom;Accessories;Tires and Tubes;Middle Income;36-45;Female;Management;1;113.00;73.13;1;SO001209;11097
2013;201303;Q1;Mar 2013;Europe;United Kingdom;United Kingdom;Bikes;Touring Bikes;Middle Income;46-55;Female;Clerical;1;2151.28;815.10;1;SO001210;11629
2013;201303;Q1;Mar 2013;Europe;United Kingdom;United Kingdom;Accessories;Bottles and Cages;Middle Income;46-55;Female;Clerical;1;55.73;34.93;1;SO001210;11629
2013;201304;Q2;Apr 2013;North America;Canada;Canada;Bikes;Road Bikes;High Income;36-45;Male;Manual;1;4363.08;1934.03;2;SO001211;11623
2013;201304;Q2;Apr 2013;North America;Canada;Canada;Bikes;Road Bikes;High Income;36-45;Male;Manual;1;5823.48;2524.97;2;SO001211;11623
2013;201304;Q2;Apr 2013;Pacific;Australia;Australia;Accessories;Bottles and Cages;Middle Income;46-55;Male;Professional;0;44.30;27.23;1;SO001212;11211
2013;201304;Q2;Apr 2013;Pacific;Australia;Australia;Bikes;Mountain Bikes;Middle Income;46-55;Male;Professional;0;2407.31;1080.56;1;SO001212;11211
2013;201304;Q2;Apr 2013;Pacific;Australia;Australia;Bikes;Touring Bikes;High Income;46-55;Male;Professional;0;1583.74;656.97;1;SO001213;11854
2013;201304;Q2;Apr 2013;Pacific;Australia;Australia;Bikes;Road Bikes;High Income;46-55;Male;Professional;0;1318.83;571.25;1;SO001213;11854
2013;201304;Q2;Apr 2013;North America;Canada;Canada;Accessories;Bottles and Cages;High Income;46-55;Male;Clerical;0;50.37;32.22;1;SO001214;11091
2013;201304;Q2;Apr 2013;North America;Canada;Canada;Bikes;Touring Bikes;High Income;46-55;Male;Clerical;0;2336.58;866.49;1;SO001214;11091
2013;201304;Q2;Apr 2013;Pacific;Australia;Australia;Bikes;Touring Bikes;Middle Income;55+;Female;Skilled Manual;0;2187.13;953.83;1;SO001215;11878
2013;201304;Q2;Apr 2013;North America;United States;Central;Accessories;Bottles and Cages;Middle Income;26-35;Female;Professional;0;109.16;71.46;1;SO001216;11816
2013;201304;Q2;Apr 2013;Europe;United Kingdom;United Kingdom;Bikes;Touring Bikes;Low Income;55+;Male;Clerical;0;2291.38;886.12;1;SO001217;11814
2013;201304;Q2;Apr 2013;Europe;United Kingdom;United Kingdom;Components;Saddles;Middle Income;46-55;Female;Clerical;0;79.54;25.99;1;SO001218;11247
2013;201304;Q2;Apr 2013;Europe;Germany;Germany;Bikes;Road Bikes;Middle Income;46-55;Female;Skilled Manual;0;7252.92;3066.55;3;SO001219;11395
2013;201304;Q2;Apr 2013;Pacific;Australia;Australia;Accessories;Fenders;Middle Income;36-45;Male;Management;1;110.12;66.47;1;SO001220;11858
2013;201304;Q2;Apr 2013;Pacific;Australia;Australia;Bikes;Road Bikes;Middle Income;36-45;Male;Management;1;2835.98;1234.67;2;SO001220;11858
2013;201304;Q2;Apr 2013;Pacific;Australia;Australia;Accessories;Helmets;Middle Income;36-45;Male;Management;1;17.06;11.26;1;SO001220;11858
2013;201304;Q2;Apr 2013;Europe;France;France;Bikes;Mountain Bikes;Middle Income;36-45;Female;Clerical;1;2573.98;1064.98;1;SO001221;11472
2013;201304;Q2;Apr 2013;Pacific;Australia;Australia;Clothing;Jerseys;Low Income;26-35;Female;Management;1;38.14;14.56;1;SO001222;11138
2013;201304;Q2;Apr 2013;Pacific;Australia;Australia;Bikes;Road Bikes;Middle Income;55+;Male;Manual;1;2646.48;1161.39;1;SO001223;11118
2013;201304;Q2;Apr 2013;Europe;Germany;Germany;Clothing;Shorts;Middle Income;36-45;Female;Manual;1;69.48;29.63;1;SO001224;11675
2013;201304;Q2;Apr 2013;Europe;Germany;Germany;Accessories;Fenders;Middle Income;36-45;Female;Manual;1;61.46;37.88;1;SO001224;11675
2013;201304;Q2;Apr 2013;North America;United States;Southeast;Clothing;Jerseys;High Income;55+;Male;Professional;1;86.30;35.15;1;SO001225;11201
2013;201304;Q2;Apr 2013;North America;United States;Southeast;Accessories;Helmets;High Income;55+;Male;Professional;1;28.64;17.69;1;SO001225;11201
2013;201304;Q2;Apr 2013;Europe;United Kingdom;United Kingdom;Bikes;Mountain Bikes;High Income;36-45;Female;Clerical;1;4788.24;2010.18;2;SO001226;11667
2013;201304;Q2;Apr 2013;Europe;France;France;Bikes;Road Bikes;Low Income;55+;Female;Professional;0;1167.20;435.55;1;SO001227;11115
2013;201304;Q2;Apr 2013;North America;United States;Northeast;Bikes;Road Bikes;High Income;36-45;Male;Manual;0;1451.89;569.66;1;SO001228;11268
2013;201304;Q2;Apr 2013;North America;United States;Northeast;Bikes;Touring Bikes;High Income;36-45;Male;Manual;0;2630.51;1149.82;1;SO001228;11268
2013;201304;Q2;Apr 2013;North America;United States;Northeast;Bikes;Touring Bikes;Low Income;46-55;Male;Manual;0;3373.30;1497.37;1;SO001229;11278
2013;201304;Q2;Apr 2013;Europe;United Kingdom;United Kingdom;Clothing;Caps;Low Income;55+;Female;Management;1;32.42;11.87;1;SO001230;11147
2013;201304;Q2;Apr 2013;Europe;United Kingdom;United Kingdom;Bikes;Road Bikes;Low Income;55+;Female;Management;1;2438.92;905.13;2;SO001230;11147
2013;201304;Q2;Apr 2013;Europe;United Kingdom;United Kingdom;Clothing;Gloves;Low Income;55+;Female;Management;1;26.98;10.86;1;SO001230;11147
2013;201304;Q2;Apr 2013;North America;United States;Northeast;Bikes;Touring Bikes;Middle Income;46-55;Male;Clerical;0;2644.48;1014.39;1;SO001231;11636
2013;201304;Q2;Apr 2013;Europe;United Kingdom;United Kingdom;Bikes;Road Bikes;Middle Income;55+;Male;Clerical;1;3383.62;1409.86;1;SO001232;11155
2013;201304;Q2;Apr 2013;Europe;United Kingdom;United Kingdom;Bikes;Road Bikes;Middle Income;55+;Male;Clerical;1;1576.37;590.81;1;SO001232;11155
2013;201304;Q2;Apr 2013;North America;United States;Southwest;Bikes;Mountain Bikes;High Income;46-55;Male;Professional;1;1593.80;647.27;2;SO001233;11506
2013;201304;Q2;Apr 2013;North America;United States;Northeast;Accessories;Fenders;Middle Income;46-55;Male;Manual;1;18.79;12.11;1;SO001234;11164
2013;201304;Q2;Apr 2013;North America;United States;Northeast;Bikes;Touring Bikes;Middle Income;46-55;Male;Manual;1;5563.50;2411.15;2;SO001234;11164
2013;201304;Q2;Apr 2013;North America;United States;Northeast;Bikes;Road Bikes;Middle Income;55+;Male;Clerical;0;3439.44;1499.61;1;SO001235;11507
2013;201304;Q2;Apr 2013;North America;United States;Northeast;Bikes;Touring Bikes;Low Income;26-35;Female;Professional;0;930.39;415.28;1;SO001236;11777
2013;201304;Q2;Apr 2013;Europe;United Kingdom;United Kingdom;Bikes;Mountain Bikes;Middle Income;55+;Female;Management;1;2451.43;968.96;1;SO001237;11680
2013;201304;Q2;Apr 2013;Europe;United Kingdom;United Kingdom;Bikes;Mountain Bikes;Middle Income;55+;Female;Management;1;920.93;375.05;1;SO001237;11680
2013;201304;Q2;Apr 2013;North America;United States;Central;Bikes;Touring Bikes;Low Income;55+;Male;Skilled Manual;1;1770.34;673.64;1;SO001238;11837
2013;201304;Q2;Apr 2013;North America;United States;Central;Bikes;Touring Bikes;Low Income;55+;Male;Skilled Manual;1;3374.23;1393.43;1;SO001238;11837
2013;201304;Q2;Apr 2013;North America;United States;Southeast;Bikes;Touring Bikes;Middle Income;46-55;Female;Manual;1;1055.32;429.61;1;SO001239;11861
2013;201304;Q2;Apr 2013;Europe;Germany;Germany;Bikes;Mountain Bikes;Middle Income;36-45;Male;Clerical;0;2435.19;1011.53;1;SO001240;11060
2013;201304;Q2;Apr 2013;Europe;Germany;Germany;Bikes;Road Bikes;Middle Income;36-45;Male;Clerical;0;1830.26;785.10;1;SO001240;11060
2013;201304;Q2;Apr 2013;Europe;Germany;Germany;Accessories;Bottles and Cages;Middle Income;36-45;Male;Clerical;0;115.62;72.84;1;SO001240;11060
2013;201304;Q2;Apr 2013;North America;United States;Southwest;Components;Brakes;High Income;36-45;Female;Manual;1;93.94;32.50;1;SO001241;11853
2013;201304;Q2;Apr 2013;Pacific;Australia;Australia;Bikes;Touring Bikes;Middle Income;26-35;Male;Management;0;3328.64;1271.11;1;SO001242;11540
2013;201304;Q2;Apr 2013;Pacific;Australia;Australia;Bikes;Road Bikes;Middle Income;26-35;Male;Management;0;1282.78;496.98;1;SO001242;11540
2013;201304;Q2;Apr 2013;Pacific;Australia;Australia;Bikes;Mountain Bikes;Middle Income;26-35;Male;Management;0;1755.33;760.87;1;SO001242;11540
2013;201304;Q2;Apr 2013;Europe;United Kingdom;United Kingdom;Bikes;Mountain Bikes;Middle Income;46-55;Male;Professional;0;3373.85;1477.85;1;SO001243;11761
2013;201304;Q2;Apr 2013;Pacific;Australia;Australia;Accessories;Fenders;High Income;26-35;Female;Management;1;152.08;92.93;2;SO001244;11393
2013;201304;Q2;Apr 2013;Pacific;Australia;Australia;Bikes;Touring Bikes;High Income;26-35;Female;Management;1;2221.31;971.63;1;SO001244;11393
2013;201304;Q2;Apr 2013;Europe;France;France;Accessories;Tires and Tubes;Middle Income;36-45;Male;Professional;0;33.64;19.83;1;SO001245;11084
2013;201304;Q2;Apr 2013;Europe;United Kingdom;United Kingdom;Accessories;Tires and Tubes;High Income;26-35;Male;Manual;0;42.92;25.38;1;SO001246;11099
2013;201304;Q2;Apr 2013;Europe;France;France;Bikes;Mountain Bikes;Low Income;18-25;Female;Professional;0;1851.12;751.03;1;SO001247;11587
2013;201304;Q2;Apr 2013;Europe;France;France;Accessories;Helmets;Middle Income;55+;Female;Clerical;1;20.86;13.57;1;SO001248;11384
2013;201304;Q2;Apr 2013;North America;United States;Northeast;Accessories;Fenders;Middle Income;46-55;Male;Manual;0;93.21;61.28;1;SO001249;11738
2013;201304;Q2;Apr 2013;North America;United States;Northeast;Bikes;Road Bikes;Middle Income;46-55;Male;Manual;0;2186.46;896.59;1;SO001249;11738
2013;201304;Q2;Apr 2013;North America;United States;Northeast;Bikes;Road Bikes;Middle Income;46-55;Male;Manual;0;3233.54;1317.36;1;SO001249;11738
2013;201304;Q2;Apr 2013;Europe;France;France;Bikes;Mountain Bikes;Middle Income;36-45;Male;Skilled Manual;1;3478.97;1443.08;1;SO001250;11808
2013;201304;Q2;Apr 2013;Pacific;Australia;Australia;Components;Handlebars;Low Income;26-35;Female;Professional;0;171.96;63.51;1;SO001251;11142
2013;201304;Q2;Apr 2013;Pacific;Australia;Australia;Bikes;Mountain Bikes;Low Income;26-35;Female;Professional;0;2384.52;924.06;1;SO001251;11142
2013;201304;Q2;Apr 2013;Pacific;Australia;Australia;Bikes;Touring Bikes;Low Income;26-35;Male;Manual;0;6481.30;2502.04;2;SO001252;11270
2013;201304;Q2;Apr 2013;Pacific;Australia;Australia;Accessories;Fenders;Low Income;26-35;Male;Skilled Manual;1;61.60;39.74;2;SO001253;11130
2013;201304;Q2;Apr 2013;Europe;France;France;Bikes;Mountain Bikes;Middle Income;55+;Female;Management;0;3079.14;1342.56;2;SO001254;11748
2013;201304;Q2;Apr 2013;Europe;France;France;Bikes;Touring Bikes;Middle Income;55+;Female;Management;0;1362.47;544.00;1;SO001254;11748
2013;201304;Q2;Apr 2013;Europe;France;France;Accessories;Bottles and Cages;Middle Income;55+;Female;Management;0;121.65;78.78;3;SO001254;11748
2013;201304;Q2;Apr 2013;North America;United States;Central;Bikes;Mountain Bikes;High Income;26-35;Female;Manual;0;2106.82;856.86;2;SO001255;11265
2013;201304;Q2;Apr 2013;Pacific;Australia;Australia;Clothing;Shorts;Middle Income;55+;Female;Skilled Manual;1;260.85;106.87;3;SO001256;11187
2013;201304;Q2;Apr 2013;Pacific;Australia;Australia;Bikes;Road Bikes;Middle Income;55+;Female;Skilled Manual;1;3875.18;1699.27;2;SO001256;11187
2013;201304;Q2;Apr 2013;Pacific;Australia;Australia;Bikes;Touring Bikes;Middle Income;55+;Female;Skilled Manual;1;2007.83;755.83;1;SO001256;11187
2013;201304;Q2;Apr 2013;Pacific;Australia;Australia;Bikes;Road Bikes;Middle Income;26-35;Male;Manual;1;3154.65;1246.27;3;SO001257;11163
2013;201304;Q2;Apr 2013;Europe;Germany;Germany;Bikes;Road Bikes;Low Income;55+;Female;Manual;0;3823.82;1492.14;2;SO001258;11278
2013;201304;Q2;Apr 2013;Europe;Germany;Germany;Accessories;Tires and Tubes;Low Income;55+;Female;Manual;0;34.53;22.20;1;SO001258;11278
2013;201304;Q2;Apr 2013;Europe;Germany;Germany;Bikes;Road Bikes;Low Income;55+;Female;Manual;0;1473.95;578.74;1;SO001258;11278
2013;201304;Q2;Apr 2013;North America;United States;Northwest;Bikes;Mountain Bikes;Low Income;55+;Female;Management;0;3802.60;1500.27;2;SO001259;11838
2013;201304;Q2;Apr 2013;North America;Canada;Canada;Bikes;Mountain Bikes;Middle Income;55+;Male;Professional;1;5503.26;2417.55;3;SO001260;11345
2013;201304;Q2;Apr 2013;Pacific;Australia;Australia;Bikes;Mountain Bikes;High Income;55+;Male;Professional;0;1481.10;643.05;1;SO001261;11018
2013;201304;Q2;Apr 2013;Pacific;Australia;Australia;Bikes;Mountain Bikes;High Income;55+;Male;Professional;0;1824.06;720.28;1;SO001261;11018
2013;201304;Q2;Apr 2013;Europe;France;France;Accessories;Fenders;Low Income;55+;Female;Management;0;11.72;6.95;1;SO001262;11761
2013;201304;Q2;Apr 2013;Europe;France;France;Components;Wheels;Low Income;55+;Female;Management;0;245.49;89.91;1;SO001262;11761
2013;201304;Q2;Apr 2013;North America;Canada;Canada;Components;Brakes;Low Income;55+;Male;Professional;0;385.10;130.82;1;SO001263;11637
2013;201304;Q2;Apr 2013;Pacific;Australia;Australia;Bikes;Road Bikes;High Income;46-55;Male;Professional;1;2427.15;1043.92;1;SO001264;11101
2013;201304;Q2;Apr 2013;Pacific;Australia;Australia;Bikes;Touring Bikes;High Income;46-55;Male;Professional;1;2329.14;914.87;1;SO001264;11101
2013;201304;Q2;Apr 2013;Pacific;Australia;Australia;Bikes;Road Bikes;High Income;55+;Male;Professional;0;2677.27;995.44;1;SO001265;11651
2013;201304;Q2;Apr 2013;Pacific;Australia;Australia;Components;Saddles;High Income;55+;Male;Professional;0;41.59;12.93;1;SO001265;11651
2013;201304;Q2;Apr 2013;Pacific;Australia;Australia;Bikes;Mountain Bikes;High Income;55+;Male;Professional;0;4020.52;1791.70;2;SO001265;11651
2013;201304;Q2;Apr 2013;Pacific;Australia;Australia;Clothing;Caps;High Income;46-55;Male;Management;0;54.33;20.08;1;SO001266;11108
2013;201304;Q2;Apr 2013;Pacific;Australia;Australia;Bikes;Road Bikes;High Income;46-55;Male;Management;0;1625.78;715.77;2;SO001266;11108
2013;201304;Q2;Apr 2013;Europe;Germany;Germany;Bikes;Touring Bikes;Low Income;36-45;Male;Manual;1;1175.21;458.98;1;SO001267;11573
2013;201304;Q2;Apr 2013;Europe;Germany;Germany;Clothing;Gloves;Low Income;36-45;Male;Manual;1;58.90;25.33;2;SO001267;11573
2013;201304;Q2;Apr 2013;North America;United States;Northwest;Clothing;Shorts;Middle Income;26-35;Female;Manual;1;53.05;20.75;1;SO001268;11190
2013;201304;Q2;Apr 2013;Europe;United Kingdom;United Kingdom;Components;Wheels;Low Income;46-55;Male;Management;1;65.26;20.18;1;SO001269;11453
2013;201304;Q2;Apr 2013;Europe;United Kingdom;United Kingdom;Bikes;Road Bikes;Low Income;46-55;Male;Management;1;3575.02;1324.02;2;SO001269;11453
2013;201304;Q2;Apr 2013;North America;United States;Southwest;Accessories;Helmets;Low Income;55+;Female;Management;1;104.56;65.48;1;SO001270;11009
2013;201304;Q2;Apr 2013;North America;United States;Southwest;Bikes;Road Bikes;Low Income;55+;Female;Management;1;1317.09;488.40;1;SO001270;11009
2013;201304;Q2;Apr 2013;Europe;United Kingdom;United Kingdom;Clothing;Caps;High Income;36-45;Male;Professional;0;45.53;19.33;1;SO001271;11109
2013;201304;Q2;Apr 2013;Europe;France;France;Bikes;Mountain Bikes;Middle Income;55+;Male;Manual;1;747.81;283.78;1;SO001272;11563
2013;201304;Q2;Apr 2013;North America;United States;Southeast;Bikes;Road Bikes;Middle Income;55+;Male;Clerical;1;1643.49;705.97;1;SO001273;11779
2013;201304;Q2;Apr 2013;North America;United States;Southeast;Clothing;Jerseys;Middle Income;55+;Male;Clerical;1;73.93;31.97;1;SO001273;11779
2013;201304;Q2;Apr 2013;North America;United States;Northwest;Bikes;Road Bikes;Low Income;46-55;Female;Manual;0;4981.16;2146.85;2;SO001274;11504
2013;201304;Q2;Apr 2013;Pacific;Australia;Australia;Accessories;Tires and Tubes;Low Income;46-55;Male;Skilled Manual;1;107.26;66.18;2;SO001275;11831
2013;201304;Q2;Apr 2013;North America;United States;Northwest;Bikes;Road Bikes;Middle Income;18-25;Male;Professional;1;4091.84;1839.66;2;SO001276;11144
2013;201304;Q2;Apr 2013;North America;United States;Northwest;Clothing;Shorts;Low Income;46-55;Female;Management;0;157.68;63.11;2;SO001277;11770
2013;201304;Q2;Apr 2013;North America;United States;Northwest;Bikes;Road Bikes;Low Income;46-55;Female;Management;0;1773.30;679.10;1;SO001277;11770
2013;201304;Q2;Apr 2013;North America;United States;Southeast;Clothing;Jerseys;Middle Income;46-55;Male;Clerical;0;50.00;18.54;1;SO001278;11176
2013;201304;Q2;Apr 2013;North America;Canada;Canada;Bikes;Road Bikes;Middle Income;26-35;Male;Management;1;2636.56;1051.07;1;SO001279;11456
2013;201304;Q2;Apr 2013;North America;United States;Central;Accessories;Helmets;Middle Income;46-55;Female;Manual;0;128.92;84.43;2;SO001280;11128
2013;201304;Q2;Apr 2013;Pacific;Australia;Australia;Clothing;Gloves;Low Income;55+;Female;Management;1;60.44;25.35;1;SO001281;11402
2013;201304;Q2;Apr 2013;Pacific;Australia;Australia;Accessories;Fenders;Middle Income;36-45;Male;Skilled Manual;0;89.73;55.63;1;SO001282;11335
2013;201304;Q2;Apr 2013;Pacific;Australia;Australia;Clothing;Caps;Middle Income;36-45;Male;Skilled Manual;0;88.20;32.87;2;SO001282;11335
2013;201304;Q2;Apr 2013;North America;United States;Northwest;Clothing;Gloves;Low Income;55+;Female;Management;0;34.44;12.56;1;SO001283;11870
2013;201304;Q2;Apr 2013;North America;United States;Northeast;Bikes;Touring Bikes;Middle Income;26-35;Male;Clerical;1;2077.10;838.81;1;SO001284;11180
2013;201304;Q2;Apr 2013;North America;United States;Northeast;Bikes;Road Bikes;Middle Income;26-35;Male;Clerical;1;3172.51;1268.23;1;SO001284;11180
2013;201304;Q2;Apr 2013;North America;United States;Central;Clothing;Jerseys;Middle Income;46-55;Male;Skilled Manual;0;79.95;29.93;1;SO001285;11295
2013;201304;Q2;Apr 2013;North America;United States;Central;Bikes;Mountain Bikes;Middle Income;46-55;Male;Skilled Manual;0;6971.46;3128.20;2;SO001285;11295
2013;201304;Q2;Apr 2013;North America;United States;Central;Clothing;Jerseys;Middle Income;46-55;Male;Skilled Manual;0;88.55;33.76;1;SO001285;11295
2013;201304;Q2;Apr 2013;Pacific;Australia;Australia;Clothing;Jerseys;High Income;26-35;Male;Professional;1;229.32;84.03;3;SO001286;11694
2013;201304;Q2;Apr 2013;Pacific;Australia;Australia;Bikes;Road Bikes;High Income;55+;Male;Skilled Manual;0;3267.10;1307.29;1;SO001287;11198
2013;201304;Q2;Apr 2013;Europe;Germany;Germany;Bikes;Mountain Bikes;Low Income;36-45;Female;Clerical;0;2373.09;953.55;3;SO001288;11229
2013;201304;Q2;Apr 2013;Europe;Germany;Germany;Components;Handlebars;Low Income;36-45;Female;Clerical;0;445.25;155.51;1;SO001288;11229
2013;201304;Q2;Apr 2013;Europe;Germany;Germany;Accessories;Tires and Tubes;Low Income;36-45;Female;Clerical;0;74.42;47.56;1;SO001288;11229
2013;201304;Q2;Apr 2013;North America;United States;Northeast;Bikes;Touring Bikes;High Income;46-55;Male;Management;0;3429.83;1423.57;1;SO001289;11230
2013;201304;Q2;Apr 2013;North America;United States;Northeast;Bikes;Mountain Bikes;High Income;46-55;Male;Management;0;5423.74;2203.15;2;SO001289;11230
2013;201304;Q2;Apr 2013;North America;United States;Northeast;Bikes;Touring Bikes;Middle Income;36-45;Female;Skilled Manual;0;1746.18;709.32;1;SO001290;11661
2013;201304;Q2;Apr 2013;Pacific;Australia;Australia;Bikes;Mountain Bikes;Middle Income;18-25;Female;Skilled Manual;1;2562.30;1137.12;1;SO001291;11000
2013;201304;Q2;Apr 2013;Pacific;Australia;Australia;Bikes;Mountain Bikes;Middle Income;18-25;Female;Skilled Manual;1;1164.53;502.76;1;SO001291;11000
2013;201304;Q2;Apr 2013;Europe;United Kingdom;United Kingdom;Clothing;Gloves;High Income;36-45;Male;Skilled Manual;1;30.98;13.52;1;SO001292;11380
2013;201304;Q2;Apr 2013;North America;United States;Northwest;Clothing;Shorts;High Income;36-45;Male;Professional;0;88.14;32.53;1;SO001293;11253
2013;201304;Q2;Apr 2013;North America;United States;Northwest;Clothing;Gloves;High Income;36-45;Male;Professional;0;119.58;50.67;3;SO001293;11253
2013;201304;Q2;Apr 2013;Europe;Germany;Germany;Bikes;Mountain Bikes;High Income;46-55;Female;Management;0;1389.61;616.33;1;SO001294;11699
2013;201304;Q2;Apr 2013;Europe;Germany;Germany;Accessories;Bottles and Cages;High Income;46-55;Female;Management;0;66.80;40.60;1;SO001294;11699
2013;201304;Q2;Apr 2013;Europe;United Kingdom;United Kingdom;Bikes;Road Bikes;Low Income;55+;Female;Skilled Manual;0;5607.60;2251.04;2;SO001295;11764
2013;201304;Q2;Apr 2013;North America;Canada;Canada;Bikes;Road Bikes;High Income;26-35;Male;Clerical;1;1477.99;554.61;1;SO001296;11895
2013;201304;Q2;Apr 2013;Pacific;Australia;Australia;Bikes;Road Bikes;Middle Income;46-55;Female;Skilled Manual;0;1341.42;548.01;1;SO001297;11015
2013;201304;Q2;Apr 2013;Europe;United Kingdom;United Kingdom;Clothing;Caps;High Income;55+;Female;Clerical;1;27.20;11.76;1;SO001298;11237
2013;201304;Q2;Apr 2013;North America;United States;Central;Bikes;Touring Bikes;Middle Income;46-55;Male;Professional;0;6453.36;2550.58;2;SO001299;11718
2013;201304;Q2;Apr 2013;North America;United States;Northeast;Bikes;Road Bikes;Low Income;26-35;Female;Management;1;2861.30;1081.66;1;SO001300;11140
2013;201304;Q2;Apr 2013;North America;United States;Northeast;Bikes;Touring Bikes;Middle Income;26-35;Female;Clerical;1;5244.63;2251.52;3;SO001301;11655
2013;201304;Q2;Apr 2013;North America;United States;Northeast;Clothing;Gloves;Middle Income;26-35;Female;Clerical;1;165.36;62.66;3;SO001301;11655
2013;201304;Q2;Apr 2013;North America;United States;Southwest;Components;Handlebars;Middle Income;46-55;Male;Manual;0;524.46;159.08;2;SO001302;11838
2013;201304;Q2;Apr 2013;North America;United States;Southwest;Bikes;Road Bikes;Middle Income;46-55;Male;Manual;0;2510.34;970.79;2;SO001302;11838
2013;201304;Q2;Apr 2013;Europe;United Kingdom;United Kingdom;Bikes;Road Bikes;Middle Income;46-55;Male;Management;1;4409.46;1943.13;3;SO001303;11240
2013;201304;Q2;Apr 2013;North America;Canada;Canada;Bikes;Road Bikes;High Income;46-55;Male;Skilled Manual;1;1500.74;616.25;2;SO001304;11341
2013;201304;Q2;Apr 2013;North America;Canada;Canada;Bikes;Mountain Bikes;High Income;46-55;Male;Skilled Manual;1;2880.97;1149.49;1;SO001304;11341
2013;201304;Q2;Apr 2013;Europe;Germany;Germany;Clothing;Jerseys;High Income;26-35;Female;Management;0;114.66;44.51;2;SO001305;11221
2013;201304;Q2;Apr 2013;North America;Canada;Canada;Bikes;Road Bikes;Low Income;55+;Female;Clerical;0;5018.26;1893.14;2;SO001306;11814
2013;201304;Q2;Apr 2013;Europe;United Kingdom;United Kingdom;Accessories;Fenders;High Income;26-35;Male;Manual;0;100.62;61.93;1;SO001307;11173
2013;201304;Q2;Apr 2013;Europe;United Kingdom;United Kingdom;Bikes;Road Bikes;High Income;26-35;Male;Manual;0;3271.97;1444.08;1;SO001307;11173
2013;201304;Q2;Apr 2013;Europe;Germany;Germany;Bikes;Mountain Bikes;Middle Income;36-45;Female;Skilled Manual;0;2828.72;1176.73;1;SO001308;11847
2013;201304;Q2;Apr 2013;Pacific;Australia;Australia;Components;Wheels;Middle Income;36-45;Male;Skilled Manual;1;42.66;12.96;1;SO001309;11251
2013;201304;Q2;Apr 2013;Europe;France;France;Components;Saddles;Middle Income;55+;Female;Clerical;1;130.50;49.34;2;SO001310;11021
2013;201304;Q2;Apr 2013;North America;United States;Southwest;Bikes;Mountain Bikes;Low Income;46-55;Female;Professional;0;1886.25;765.02;1;SO001311;11891
2013;201304;Q2;Apr 2013;North America;Canada;Canada;Components;Handlebars;Middle Income;36-45;Male;Clerical;0;82.85;27.74;1;SO001312;11435
2013;201304;Q2;Apr 2013;Europe;France;France;Bikes;Touring Bikes;Middle Income;36-45;Female;Professional;0;4330.80;1767.52;2;SO001313;11140
2013;201305;Q2;May 2013;North America;United States;Northeast;Clothing;Jerseys;High Income;46-55;Male;Manual;0;80.08;29.47;1;SO001314;11770
2013;201305;Q2;May 2013;North America;United States;Northeast;Bikes;Mountain Bikes;High Income;46-55;Male;Manual;0;9121.50;3735.74;3;SO001314;11770
2013;201305;Q2;May 2013;Pacific;Australia;Australia;Bikes;Road Bikes;Middle Income;36-45;Male;Skilled Manual;0;2089.39;809.68;1;SO001315;11630
2013;201305;Q2;May 2013;Pacific;Australia;Australia;Accessories;Helmets;High Income;46-55;Female;Manual;1;105.53;67.73;1;SO001316;11353
2013;201305;Q2;May 2013;Europe;United Kingdom;United Kingdom;Bikes;Touring Bikes;High Income;26-35;Male;Skilled Manual;1;1754.02;650.68;2;SO001317;11378
2013;201305;Q2;May 2013;Pacific;Australia;Australia;Bikes;Road Bikes;Middle Income;46-55;Female;Clerical;1;2884.64;1206.57;1;SO001318;11003
2013;201305;Q2;May 2013;Europe;United Kingdom;United Kingdom;Accessories;Fenders;Middle Income;26-35;Female;Professional;1;77.52;47.79;2;SO001319;11855
2013;201305;Q2;May 2013;North America;United States;Northeast;Components;Handlebars;Middle Income;46-55;Female;Professional;1;315.90;105.23;2;SO001320;11535
2013;201305;Q2;May 2013;North America;United States;Northeast;Bikes;Touring Bikes;Middle Income;46-55;Female;Professional;1;5628.10;2264.36;2;SO001320;11535
2013;201305;Q2;May 2013;Europe;Germany;Germany;Accessories;Helmets;Middle Income;36-45;Male;Manual;1;66.45;41.07;3;SO001321;11828
2013;201305;Q2;May 2013;Europe;Germany;Germany;Accessories;Helmets;Middle Income;36-45;Male;Manual;1;64.46;39.11;1;SO001321;11828
2013;201305;Q2;May 2013;Pacific;Australia;Australia;Clothing;Gloves;Low Income;55+;Female;Clerical;1;102.18;44.26;2;SO001322;11714
2013;201305;Q2;May 2013;Pacific;Australia;Australia;Bikes;Mountain Bikes;Low Income;46-55;Female;Management;0;1079.79;463.00;1;SO001323;11606
2013;201305;Q2;May 2013;Pacific;Australia;Australia;Bikes;Road Bikes;Low Income;46-55;Female;Management;0;7495.92;3238.90;3;SO001323;11606
2013;201305;Q2;May 2013;North America;United States;Central;Bikes;Touring Bikes;Middle Income;55+;Female;Skilled Manual;0;1661.46;677.31;2;SO001324;11629
2013;201305;Q2;May 2013;Pacific;Australia;Australia;Bikes;Touring Bikes;Middle Income;55+;Female;Clerical;0;761.34;322.55;1;SO001325;11210
2013;201305;Q2;May 2013;Pacific;Australia;Australia;Bikes;Mountain Bikes;Middle Income;55+;Female;Clerical;0;1030.26;418.73;1;SO001325;11210
2013;201305;Q2;May 2013;North America;Canada;Canada;Bikes;Mountain Bikes;High Income;55+;Female;Clerical;0;3652.42;1398.98;2;SO001326;11268
2013;201305;Q2;May 2013;Europe;Germany;Germany;Bikes;Touring Bikes;Middle Income;55+;Male;Manual;0;6220.53;2581.20;3;SO001327;11692
2013;201305;Q2;May 2013;Europe;Germany;Germany;Bikes;Road Bikes;Middle Income;55+;Male;Manual;0;8563.50;3697.80;3;SO001327;11692
2013;201305;Q2;May 2013;Pacific;Australia;Australia;Accessories;Bottles and Cages;High Income;55+;Female;Skilled Manual;1;87.57;54.93;1;SO001328;11238
2013;201305;Q2;May 2013;Europe;France;France;Accessories;Helmets;High Income;26-35;Male;Skilled Manual;1;46.26;28.92;1;SO001329;11703
2013;201305;Q2;May 2013;Europe;France;France;Components;Saddles;High Income;26-35;Male;Skilled Manual;1;214.98;67.58;1;SO001329;11703
2013;201305;Q2;May 2013;North America;United States;Central;Bikes;Touring Bikes;Middle Income;18-25;Female;Manual;0;8337.00;3270.06;3;SO001330;11631
2013;201305;Q2;May 2013;North America;United States;Central;Clothing;Jerseys;Middle Income;18-25;Female;Manual;0;74.80;31.08;1;SO001330;11631
2013;201305;Q2;May 2013;North America;United States;Central;Clothing;Jerseys;Middle Income;18-25;Female;Manual;0;57.71;22.69;1;SO001330;11631
2013;201305;Q2;May 2013;Europe;Germany;Germany;Accessories;Helmets;Middle Income;46-55;Female;Management;0;79.81;47.90;1;SO001331;11514
2013;201305;Q2;May 2013;Pacific;Australia;Australia;Bikes;Mountain Bikes;High Income;55+;Male;Skilled Manual;0;852.32;356.21;1;SO001332;11790
2013;201305;Q2;May 2013;Pacific;Australia;Australia;Clothing;Jerseys;Low Income;55+;Male;Professional;0;48.15;19.37;1;SO001333;11159
2013;201305;Q2;May 2013;Europe;France;France;Bikes;Mountain Bikes;Middle Income;55+;Female;Manual;1;2145.75;907.18;1;SO001334;11615
2013;201305;Q2;May 2013;Europe;France;France;Components;Wheels;Middle Income;55+;Female;Manual;1;254.79;82.05;1;SO001334;11615
2013;201305;Q2;May 2013;Pacific;Australia;Australia;Bikes;Road Bikes;Middle Income;46-55;Male;Manual;1;1070.81;443.96;1;SO001335;11077
2013;201305;Q2;May 2013;Pacific;Australia;Australia;Bikes;Mountain Bikes;Middle Income;46-55;Male;Manual;1;1036.13;388.08;1;SO001335;11077
2013;201305;Q2;May 2013;Europe;Germany;Germany;Clothing;Caps;Low Income;55+;Female;Skilled Manual;1;32.87;12.50;1;SO001336;11775
2013;201305;Q2;May 2013;Europe;United Kingdom;United Kingdom;Accessories;Tires and Tubes;High Income;26-35;Male;Skilled Manual;0;73.62;46.15;1;SO001337;11534
2013;201305;Q2;May 2013;Europe;France;France;Clothing;Jerseys;Middle Income;18-25;Female;Manual;1;46.37;19.52;1;SO001338;11159
2013;201305;Q2;May 2013;North America;United States;Southwest;Accessories;Fenders;Low Income;36-45;Female;Professional;1;91.70;58.32;1;SO001339;11000
2013;201305;Q2;May 2013;Pacific;Australia;Australia;Bikes;Touring Bikes;High Income;36-45;Male;Management;1;1032.80;454.37;1;SO001340;11834
2013;201305;Q2;May 2013;Pacific;Australia;Australia;Bikes;Road Bikes;High Income;36-45;Male;Management;1;1734.43;772.04;1;SO001340;11834
2013;201305;Q2;May 2013;Pacific;Australia;Australia;Accessories;Fenders;High Income;36-45;Male;Clerical;1;13.47;8.21;1;SO001341;11409
2013;201305;Q2;May 2013;Pacific;Australia;Australia;Bikes;Road Bikes;High Income;36-45;Male;Clerical;1;9284.67;3930.44;3;SO001341;11409
2013;201305;Q2;May 2013;North America;United States;Northwest;Bikes;Mountain Bikes;High Income;36-45;Female;Management;0;1867.47;701.82;1;SO001342;11178
2013;201305;Q2;May 2013;North America;United States;Northwest;Bikes;Touring Bikes;High Income;36-45;Female;Management;0;1195.38;527.64;1;SO001342;11178
2013;201305;Q2;May 2013;North America;United States;Northwest;Bikes;Touring Bikes;High Income;36-45;Female;Management;0;10063.05;4252.49;3;SO001342;11178
2013;201305;Q2;May 2013;Pacific;Australia;Australia;Bikes;Mountain Bikes;Low Income;55+;Female;Clerical;1;2886.77;1070.96;1;SO001343;11158
2013;201305;Q2;May 2013;Pacific;Australia;Australia;Bikes;Road Bikes;Low Income;55+;Female;Clerical;1;836.80;373.05;1;SO001343;11158
2013;201305;Q2;May 2013;North America;United States;Central;Accessories;Bottles and Cages;High Income;26-35;Male;Manual;0;153.84;89.59;3;SO001344;11826
2013;201305;Q2;May 2013;North America;United States;Central;Clothing;Shorts;High Income;26-35;Male;Manual;0;65.67;27.10;1;SO001344;11826
2013;201305;Q2;May 2013;North America;United States;Central;Bikes;Road Bikes;High Income;26-35;Male;Manual;0;2427.43;1043.21;1;SO001344;11826
2013;201305;Q2;May 2013;Europe;France;France;Bikes;Mountain Bikes;High Income;55+;Male;Skilled Manual;0;2309.75;914.00;1;SO001345;11068
2013;201305;Q2;May 2013;Europe;Germany;Germany;Accessories;Bottles and Cages;Low Income;46-55;Female;Skilled Manual;1;6.31;3.97;1;SO001346;11650
2013;201305;Q2;May 2013;North America;Canada;Canada;Bikes;Mountain Bikes;Middle Income;36-45;Male;Professional;1;1430.85;633.09;1;SO001347;11726
2013;201305;Q2;May 2013;North America;Canada;Canada;Bikes;Touring Bikes;Middle Income;36-45;Male;Professional;1;9049.17;3742.88;3;SO001347;11726
2013;201305;Q2;May 2013;North America;Canada;Canada;Components;Brakes;Middle Income;36-45;Male;Professional;1;434.36;144.29;1;SO001347;11726
2013;201305;Q2;May 2013;Europe;Germany;Germany;Components;Saddles;Middle Income;46-55;Male;Clerical;1;489.96;152.98;1;SO001348;11134
2013;201305;Q2;May 2013;North America;Canada;Canada;Accessories;Tires and Tubes;High Income;18-25;Male;Skilled Manual;1;13.34;7.94;1;SO001349;11782
2013;201305;Q2;May 2013;North America;Canada;Canada;Bikes;Road Bikes;Low Income;26-35;Female;Clerical;0;1873.32;806.66;1;SO001350;11676
2013;201305;Q2;May 2013;North America;Canada;Canada;Accessories;Bottles and Cages;Low Income;26-35;Female;Clerical;0;65.58;39.79;3;SO001350;11676
2013;201305;Q2;May 2013;Europe;United Kingdom;United Kingdom;Bikes;Mountain Bikes;Middle Income;46-55;Male;Management;1;6170.00;2436.17;2;SO001351;11636
2013;201305;Q2;May 2013;Pacific;Australia;Australia;Accessories;Tires and Tubes;High Income;46-55;Male;Clerical;1;333.45;217.01;3;SO001352;11866
2013;201305;Q2;May 2013;Pacific;Australia;Australia;Accessories;Fenders;High Income;46-55;Male;Clerical;1;13.76;8.81;1;SO001352;11866
2013;201305;Q2;May 2013;Europe;United Kingdom;United Kingdom;Components;Wheels;High Income;55+;Female;Professional;1;625.64;191.62;2;SO001353;11073
2013;201305;Q2;May 2013;Europe;United Kingdom;United Kingdom;Bikes;Mountain Bikes;High Income;55+;Female;Professional;1;2411.13;1049.12;3;SO001353;11073
2013;201305;Q2;May 2013;Europe;United Kingdom;United Kingdom;Bikes;Road Bikes;Middle Income;46-55;Male;Professional;1;4867.26;2061.41;2;SO001354;11571
2013;201305;Q2;May 2013;Europe;United Kingdom;United Kingdom;Bikes;Touring Bikes;Middle Income;46-55;Male;Professional;1;1815.44;765.62;1;SO001354;11571
2013;201305;Q2;May 2013;Pacific;Australia;Australia;Bikes;Road Bikes;Middle Income;46-55;Male;Skilled Manual;1;10453.47;4075.72;3;SO001355;11840
2013;201305;Q2;May 2013;Pacific;Australia;Australia;Components;Wheels;Middle Income;46-55;Male;Skilled Manual;1;409.97;123.78;1;SO001355;11840
2013;201305;Q2;May 2013;Pacific;Australia;Australia;Bikes;Road Bikes;High Income;55+;Male;Management;1;1480.36;662.86;1;SO001356;11214
2013;201305;Q2;May 2013;Pacific;Australia;Australia;Accessories;Fenders;High Income;55+;Male;Management;1;6.43;3.93;1;SO001356;11214
2013;201305;Q2;May 2013;Pacific;Australia;Australia;Bikes;Touring Bikes;High Income;55+;Male;Management;1;3418.31;1369.28;1;SO001356;11214
2013;201305;Q2;May 2013;Pacific;Australia;Australia;Components;Saddles;High Income;55+;Female;Clerical;0;431.00;146.65;1;SO001357;11708
2013;201305;Q2;May 2013;Europe;Germany;Germany;Accessories;Helmets;Middle Income;46-55;Female;Professional;0;75.74;47.21;1;SO001358;11519
2013;201305;Q2;May 2013;Europe;Germany;Germany;Bikes;Touring Bikes;High Income;26-35;Male;Management;1;1647.81;615.89;1;SO001359;11740
2013;201305;Q2;May 2013;Europe;Germany;Germany;Clothing;Gloves;Low Income;26-35;Female;Professional;1;41.95;17.12;1;SO001360;11166
2013;201305;Q2;May 2013;Europe;Germany;Germany;Bikes;Mountain Bikes;Low Income;26-35;Female;Professional;1;3365.52;1343.07;1;SO001360;11166
2013;201305;Q2;May 2013;Europe;Germany;Germany;Bikes;Road Bikes;Low Income;26-35;Female;Professional;1;6768.04;2534.88;2;SO001360;11166
2013;201305;Q2;May 2013;North America;Canada;Canada;Accessories;Tires and Tubes;High Income;55+;Male;Clerical;0;142.62;87.53;2;SO001361;11544
2013;201305;Q2;May 2013;Pacific;Australia;Australia;Accessories;Fenders;High Income;26-35;Female;Management;0;140.34;92.36;3;SO001362;11811
2013;201305;Q2;May 2013;Europe;United Kingdom;United Kingdom;Clothing;Jerseys;High Income;36-45;Male;Skilled Manual;1;47.18;18.50;1;SO001363;11141
2013;201305;Q2;May 2013;Europe;United Kingdom;United Kingdom;Bikes;Mountain Bikes;High Income;36-45;Male;Skilled Manual;1;816.28;327.87;1;SO001363;11141
2013;201305;Q2;May 2013;Europe;Germany;Germany;Accessories;Helmets;Low Income;55+;Male;Clerical;1;29.88;17.44;1;SO001364;11444
2013;201305;Q2;May 2013;Europe;Germany;Germany;Bikes;Mountain Bikes;Low Income;55+;Male;Clerical;1;2774.18;1168.28;1;SO001364;11444
2013;201305;Q2;May 2013;Pacific;Australia;Australia;Accessories;Tires and Tubes;Middle Income;46-55;Male;Clerical;1;17.89;11.31;1;SO001365;11146
2013;201305;Q2;May 2013;Europe;France;France;Bikes;Road Bikes;Low Income;55+;Female;Professional;0;7657.32;2991.13;3;SO001366;11191
2013;201305;Q2;May 2013;Europe;France;France;Bikes;Touring Bikes;Low Income;55+;Female;Professional;0;1083.77;428.65;1;SO001366;11191
2013;201305;Q2;May 2013;Pacific;Australia;Australia;Bikes;Touring Bikes;Middle Income;55+;Male;Manual;0;2234.47;896.34;1;SO001367;11765
2013;201305;Q2;May 2013;Pacific;Australia;Australia;Bikes;Mountain Bikes;Middle Income;55+;Female;Skilled Manual;1;2620.32;1000.84;1;SO001368;11644
2013;201305;Q2;May 2013;Pacific;Australia;Australia;Bikes;Road Bikes;Middle Income;55+;Female;Skilled Manual;1;2658.35;1064.38;1;SO001368;11644
2013;201305;Q2;May 2013;Pacific;Australia;Australia;Bikes;Road Bikes;Middle Income;55+;Female;Skilled Manual;1;1876.00;715.06;1;SO001368;11644
2013;201305;Q2;May 2013;Pacific;Australia;Australia;Bikes;Mountain Bikes;Low Income;46-55;Male;Clerical;1;1722.46;647.09;1;SO001369;11554
2013;201305;Q2;May 2013;Europe;United Kingdom;United Kingdom;Bikes;Mountain Bikes;Middle Income;55+;Male;Clerical;1;1932.11;724.44;1;SO001370;11203
2013;201305;Q2;May 2013;Europe;United Kingdom;United Kingdom;Bikes;Road Bikes;Middle Income;55+;Male;Clerical;1;1285.73;536.48;1;SO001370;11203
2013;201305;Q2;May 2013;Pacific;Australia;Australia;Clothing;Caps;Low Income;46-55;Female;Skilled Manual;0;42.35;16.81;1;SO001371;11314
2013;201305;Q2;May 2013;Europe;France;France;Bikes;Mountain Bikes;High Income;55+;Female;Clerical;1;1787.36;678.92;1;SO001372;11586
2013;201305;Q2;May 2013;Europe;France;France;Bikes;Road Bikes;High Income;55+;Female;Clerical;1;4171.42;1752.73;2;SO001372;11586
2013;201305;Q2;May 2013;Pacific;Australia;Australia;Clothing;Jerseys;Middle Income;46-55;Male;Management;1;37.11;13.38;1;SO001373;11572
2013;201305;Q2;May 2013;Pacific;Australia;Australia;Accessories;Bottles and Cages;Middle Income;46-55;Male;Management;1;74.40;45.73;1;SO001373;11572
2013;201305;Q2;May 2013;North America;United States;Northeast;Components;Saddles;Middle Income;46-55;Female;Management;0;58.36;21.56;1;SO001374;11247
2013;201305;Q2;May 2013;North America;United States;Northeast;Bikes;Mountain Bikes;High Income;55+;Female;Clerical;0;2685.50;1041.72;1;SO001375;11136
2013;201305;Q2;May 2013;Europe;Germany;Germany;Components;Brakes;Low Income;36-45;Male;Professional;0;126.89;45.79;1;SO001376;11547
2013;201305;Q2;May 2013;Pacific;Australia;Australia;Bikes;Touring Bikes;Low Income;55+;Female;Professional;0;2995.66;1314.98;1;SO001377;11179
2013;201305;Q2;May 2013;Pacific;Australia;Australia;Bikes;Road Bikes;Low Income;55+;Female;Professional;0;1055.15;423.24;1;SO001377;11179
2013;201305;Q2;May 2013;North America;United States;Central;Bikes;Road Bikes;Middle Income;46-55;Male;Manual;0;6914.22;2676.33;2;SO001378;11453
2013;201305;Q2;May 2013;North America;United States;Southeast;Bikes;Mountain Bikes;High Income;55+;Male;Management;1;5579.01;2388.25;3;SO001379;11158
2013;201305;Q2;May 2013;Europe;France;France;Bikes;Mountain Bikes;Middle Income;36-45;Female;Professional;1;2933.20;1163.91;1;SO001380;11716
2013;201305;Q2;May 2013;North America;United States;Central;Clothing;Shorts;High Income;26-35;Female;Professional;0;58.52;23.39;2;SO001381;11320
2013;201305;Q2;May 2013;North America;United States;Central;Bikes;Touring Bikes;High Income;26-35;Female;Professional;0;4050.16;1744.36;2;SO001381;11320
2013;201305;Q2;May 2013;North America;United States;Southeast;Bikes;Touring Bikes;Middle Income;46-55;Male;Clerical;0;2953.58;1249.33;1;SO001382;11518
2013;201305;Q2;May 2013;North America;Canada;Canada;Bikes;Touring Bikes;High Income;55+;Female;Professional;1;2341.35;885.87;1;SO001383;11365
2013;201305;Q2;May 2013;Europe;France;France;Clothing;Caps;High Income;55+;Female;Manual;0;71.81;30.96;1;SO001384;11222
2013;201305;Q2;May 2013;North America;United States;Southwest;Bikes;Mountain Bikes;Middle Income;55+;Male;Management;1;2786.84;1248.58;1;SO001385;11833
2013;201305;Q2;May 2013;North America;United States;Southwest;Bikes;Road Bikes;Middle Income;55+;Male;Management;1;982.36;419.95;1;SO001385;11833
2013;201305;Q2;May 2013;Europe;United Kingdom;United Kingdom;Bikes;Road Bikes;Middle Income;55+;Female;Manual;1;2659.45;1022.81;1;SO001386;11599
2013;201305;Q2;May 2013;Pacific;Australia;Australia;Clothing;Gloves;Low Income;36-45;Female;Clerical;1;70.06;29.41;1;SO001387;11461
2013;201305;Q2;May 2013;Pacific;Australia;Australia;Accessories;Tires and Tubes;High Income;26-35;Female;Manual;1;65.05;39.73;1;SO001388;11712
2013;201305;Q2;May 2013;Europe;France;France;Components;Handlebars;Middle Income;36-45;Female;Clerical;1;386.40;125.95;1;SO001389;11078
2013;201305;Q2;May 2013;Europe;United Kingdom;United Kingdom;Clothing;Caps;Middle Income;55+;Male;Manual;0;47.65;17.61;1;SO001390;11438
2013;201305;Q2;May 2013;Europe;United Kingdom;United Kingdom;Clothing;Jerseys;Middle Income;55+;Male;Manual;0;29.85;10.95;1;SO001390;11438
2013;201305;Q2;May 2013;Europe;United Kingdom;United Kingdom;Bikes;Mountain Bikes;Middle Income;55+;Male;Manual;0;1603.42;708.82;1;SO001390;11438
2013;201305;Q2;May 2013;Pacific;Australia;Australia;Bikes;Road Bikes;High Income;46-55;Female;Skilled Manual;1;3475.35;1333.74;1;SO001391;11750
2013;201305;Q2;May 2013;Pacific;Australia;Australia;Bikes;Road Bikes;High Income;46-55;Female;Skilled Manual;1;846.45;348.65;1;SO001391;11750
2013;201305;Q2;May 2013;Pacific;Australia;Australia;Bikes;Road Bikes;High Income;55+;Female;Professional;1;1130.94;499.13;1;SO001392;11345
2013;201305;Q2;May 2013;North America;United States;Northwest;Clothing;Gloves;High Income;46-55;Female;Skilled Manual;0;48.46;19.52;1;SO001393;11882
2013;201305;Q2;May 2013;North America;United States;Northeast;Bikes;Mountain Bikes;High Income;55+;Male;Professional;1;2442.19;1061.84;1;SO001394;11436
2013;201305;Q2;May 2013;North America;United States;Northeast;Bikes;Touring Bikes;Middle Income;46-55;Male;Professional;1;785.11;328.72;1;SO001395;11274
2013;201305;Q2;May 2013;North America;United States;Northeast;Clothing;Jerseys;Middle Income;46-55;Male;Professional;1;66.76;24.10;1;SO001395;11274
2013;201305;Q2;May 2013;Pacific;Australia;Australia;Bikes;Mountain Bikes;High Income;46-55;Female;Manual;1;1006.64;401.66;1;SO001396;11788
2013;201305;Q2;May 2013;North America;United States;Northwest;Bikes;Touring Bikes;Middle Income;55+;Female;Management;1;3466.00;1552.40;1;SO001397;11624
2013;201305;Q2;May 2013;North America;United States;Northwest;Bikes;Road Bikes;Middle Income;55+;Female;Management;1;2489.64;965.54;1;SO001397;11624
2013;201305;Q2;May 2013;North America;Canada;Canada;Accessories;Tires and Tubes;Middle Income;46-55;Male;Management;1;79.83;51.47;1;SO001398;11257
2013;201305;Q2;May 2013;Europe;Germany;Germany;Clothing;Caps;Middle Income;46-55;Male;Skilled Manual;1;41.85;15.20;1;SO001399;11045
2013;201305;Q2;May 2013;Europe;Germany;Germany;Bikes;Touring Bikes;Middle Income;46-55;Male;Skilled Manual;1;1987.54;780.82;1;SO001399;11045
2013;201305;Q2;May 2013;Pacific;Australia;Australia;Components;Wheels;High Income;26-35;Female;Professional;1;270.40;97.44;1;SO001400;11447
2013;201305;Q2;May 2013;Pacific;Australia;Australia;Bikes;Touring Bikes;High Income;26-35;Female;Professional;1;2495.89;1097.95;1;SO001400;11447
2013;201305;Q2;May 2013;Pacific;Australia;Australia;Bikes;Touring Bikes;Low Income;46-55;Male;Management;0;2723.20;1089.66;1;SO001401;11713
2013;201305;Q2;May 2013;Pacific;Australia;Australia;Accessories;Tires and Tubes;Low Income;46-55;Male;Management;0;53.30;32.96;1;SO001401;11713
2013;201305;Q2;May 2013;Pacific;Australia;Australia;Components;Wheels;Low Income;46-55;Male;Management;0;491.81;155.12;1;SO001401;11713
2013;201305;Q2;May 2013;Pacific;Australia;Australia;Bikes;Mountain Bikes;High Income;36-45;Male;Skilled Manual;0;2101.83;827.26;1;SO001402;11002
2013;201305;Q2;May 2013;Pacific;Australia;Australia;Bikes;Road Bikes;High Income;36-45;Male;Skilled Manual;0;6001.54;2490.94;2;SO001402;11002
2013;201305;Q2;May 2013;Pacific;Australia;Australia;Bikes;Touring Bikes;High Income;36-45;Male;Skilled Manual;0;765.53;308.99;1;SO001402;11002
2013;201305;Q2;May 2013;North America;United States;Southeast;Components;Brakes;High Income;36-45;Female;Professional;1;1339.80;426.38;3;SO001403;11156
2013;201305;Q2;May 2013;North America;United States;Southeast;Accessories;Helmets;High Income;36-45;Female;Professional;1;98.44;63.10;1;SO001403;11156
2013;201305;Q2;May 2013;North America;United States;Southwest;Components;Handlebars;High Income;55+;Female;Professional;1;144.96;52.66;2;SO001404;11438
2013;201305;Q2;May 2013;North America;United States;Southwest;Bikes;Road Bikes;High Income;55+;Female;Professional;1;2361.38;888.33;1;SO001404;11438
2013;201305;Q2;May 2013;Europe;Germany;Germany;Bikes;Road Bikes;High Income;55+;Female;Manual;0;2261.91;891.64;1;SO001405;11838
2013;201305;Q2;May 2013;Europe;France;France;Bikes;Mountain Bikes;Low Income;55+;Male;Manual;1;3111.48;1390.08;1;SO001406;11522
2013;201305;Q2;May 2013;Pacific;Australia;Australia;Clothing;Jerseys;Low Income;46-55;Male;Management;0;43.36;15.92;1;SO001407;11701
2013;201305;Q2;May 2013;Pacific;Australia;Australia;Clothing;Jerseys;Low Income;46-55;Male;Management;0;59.70;25.26;1;SO001407;11701
2013;201305;Q2;May 2013;Pacific;Australia;Australia;Bikes;Road Bikes;Low Income;46-55;Male;Management;0;5791.18;2188.27;2;SO001407;11701
2013;201306;Q2;Jun 2013;Europe;Germany;Germany;Bikes;Road Bikes;Low Income;46-55;Male;Professional;0;4701.08;1793.55;2;SO001408;11835
2013;201306;Q2;Jun 2013;North America;Canada;Canada;Bikes;Road Bikes;Low Income;55+;Female;Skilled Manual;1;2074.32;843.87;1;SO001409;11566
2013;201306;Q2;Jun 2013;North America;Canada;Canada;Accessories;Bottles and Cages;Low Income;55+;Female;Skilled Manual;1;80.91;49.22;3;SO001409;11566
2013;201306;Q2;Jun 2013;North America;Canada;Canada;Bikes;Road Bikes;Low Income;55+;Female;Skilled Manual;1;2771.26;1195.18;1;SO001409;11566
2013;201306;Q2;Jun 2013;Europe;Germany;Germany;Bikes;Mountain Bikes;Low Income;36-45;Male;Skilled Manual;1;2169.43;909.92;1;SO001410;11860
2013;201306;Q2;Jun 2013;Europe;Germany;Germany;Accessories;Bottles and Cages;Low Income;36-45;Male;Skilled Manual;1;86.75;52.26;1;SO001410;11860
2013;201306;Q2;Jun 2013;North America;United States;Central;Bikes;Mountain Bikes;Middle Income;26-35;Male;Skilled Manual;0;2664.37;1146.22;1;SO001411;11045
2013;201306;Q2;Jun 2013;Europe;France;France;Bikes;Touring Bikes;High Income;36-45;Female;Professional;1;2782.23;1159.14;1;SO001412;11232
2013;201306;Q2;Jun 2013;Europe;France;France;Bikes;Road Bikes;High Income;36-45;Female;Professional;1;2205.64;970.25;1;SO001412;11232
2013;201306;Q2;Jun 2013;North America;United States;Southwest;Components;Handlebars;High Income;46-55;Female;Clerical;1;390.19;124.30;1;SO001413;11145
2013;201306;Q2;Jun 2013;Pacific;Australia;Australia;Accessories;Fenders;High Income;55+;Male;Clerical;0;62.34;39.46;1;SO001414;11790
2013;201306;Q2;Jun 2013;Pacific;Australia;Australia;Clothing;Shorts;High Income;55+;Male;Clerical;0;54.88;21.75;1;SO001414;11790
2013;201306;Q2;Jun 2013;Pacific;Australia;Australia;Clothing;Gloves;High Income;55+;Male;Clerical;0;36.35;14.57;1;SO001414;11790
2013;201306;Q2;Jun 2013;Europe;United Kingdom;United Kingdom;Accessories;Bottles and Cages;Middle Income;26-35;Male;Skilled Manual;1;93.24;55.38;3;SO001415;11572
2013;201306;Q2;Jun 2013;Europe;United Kingdom;United Kingdom;Bikes;Touring Bikes;Middle Income;26-35;Male;Skilled Manual;1;2239.97;941.12;1;SO001415;11572
2013;201306;Q2;Jun 2013;Europe;United Kingdom;United Kingdom;Bikes;Mountain Bikes;Middle Income;26-35;Male;Skilled Manual;1;2931.87;1090.41;1;SO001415;11572
2013;201306;Q2;Jun 2013;Europe;France;France;Bikes;Touring Bikes;Middle Income;46-55;Female;Skilled Manual;1;1698.86;667.10;1;SO001416;11477
2013;201306;Q2;Jun 2013;Europe;France;France;Bikes;Mountain Bikes;Middle Income;55+;Male;Clerical;0;1830.76;774.69;2;SO001417;11084
2013;201306;Q2;Jun 2013;Pacific;Australia;Australia;Accessories;Fenders;Middle Income;55+;Male;Management;1;11.74;7.36;1;SO001418;11414
2013;201306;Q2;Jun 2013;Pacific;Australia;Australia;Clothing;Gloves;Middle Income;55+;Male;Management;1;76.76;29.40;1;SO001418;11414
2013;201306;Q2;Jun 2013;Europe;France;France;Bikes;Touring Bikes;Middle Income;36-45;Male;Management;0;3311.91;1233.24;1;SO001419;11753
2013;201306;Q2;Jun 2013;Europe;France;France;Accessories;Fenders;Middle Income;36-45;Male;Management;0;53.04;33.13;2;SO001419;11753
2013;201306;Q2;Jun 2013;Pacific;Australia;Australia;Bikes;Mountain Bikes;Middle Income;46-55;Female;Clerical;1;8371.50;3710.43;3;SO001420;11193
2013;201306;Q2;Jun 2013;North America;United States;Northwest;Accessories;Helmets;Low Income;55+;Male;Management;0;118.69;75.73;1;SO001421;11284
2013;201306;Q2;Jun 2013;Pacific;Australia;Australia;Accessories;Tires and Tubes;Middle Income;46-55;Male;Professional;1;40.01;25.81;1;SO001422;11433
2013;201306;Q2;Jun 2013;Pacific;Australia;Australia;Bikes;Road Bikes;Middle Income;46-55;Male;Professional;1;1159.77;451.88;1;SO001422;11433
2013;201306;Q2;Jun 2013;Pacific;Australia;Australia;Clothing;Jerseys;Middle Income;46-55;Female;Clerical;1;46.86;18.71;1;SO001423;11878
2013;201306;Q2;Jun 2013;Pacific;Australia;Australia;Accessories;Bottles and Cages;Middle Income;55+;Female;Clerical;1;55.45;35.94;1;SO001424;11131
2013;201306;Q2;Jun 2013;Europe;Germany;Germany;Bikes;Mountain Bikes;Middle Income;18-25;Female;Professional;0;6881.12;3003.88;2;SO001425;11269
2013;201306;Q2;Jun 2013;Europe;Germany;Germany;Clothing;Shorts;Middle Income;18-25;Female;Professional;0;169.56;64.51;2;SO001425;11269
2013;201306;Q2;Jun 2013;Pacific;Australia;Australia;Accessories;Bottles and Cages;Low Income;55+;Male;Manual;0;111.39;67.07;1;SO001426;11562
2013;201306;Q2;Jun 2013;Europe;United Kingdom;United Kingdom;Bikes;Touring Bikes;Middle Income;46-55;Male;Management;1;2147.76;895.98;1;SO001427;11748
2013;201306;Q2;Jun 2013;North America;United States;Northeast;Bikes;Touring Bikes;High Income;18-25;Male;Manual;1;965.32;372.17;1;SO001428;11324
2013;201306;Q2;Jun 2013;Pacific;Australia;Australia;Accessories;Tires and Tubes;Middle Income;26-35;Female;Management;0;12.47;7.46;1;SO001429;11715
2013;201306;Q2;Jun 2013;Pacific;Australia;Australia;Bikes;Touring Bikes;Middle Income;55+;Male;Clerical;0;2466.41;975.73;1;SO001430;11492
2013;201306;Q2;Jun 2013;North America;United States;Southeast;Accessories;Bottles and Cages;High Income;46-55;Male;Management;1;263.91;160.93;3;SO001431;11308
2013;201306;Q2;Jun 2013;North America;United States;Southeast;Bikes;Touring Bikes;High Income;46-55;Male;Management;1;1468.52;547.26;2;SO001431;11308
2013;201306;Q2;Jun 2013;North America;United States;Northeast;Clothing;Gloves;High Income;46-55;Female;Skilled Manual;0;71.86;26.42;1;SO001432;11189
2013;201306;Q2;Jun 2013;North America;United States;Northeast;Clothing;Jerseys;High Income;46-55;Female;Skilled Manual;0;53.63;19.75;1;SO001432;11189
2013;201306;Q2;Jun 2013;North America;United States;Central;Accessories;Bottles and Cages;Middle Income;18-25;Female;Clerical;0;103.08;62.08;1;SO001433;11077
2013;201306;Q2;Jun 2013;Europe;France;France;Bikes;Mountain Bikes;High Income;46-55;Male;Management;0;2557.11;1071.73;1;SO001434;11032
2013;201306;Q2;Jun 2013;Europe;Germany;Germany;Bikes;Touring Bikes;High Income;36-45;Female;Management;0;1208.30;483.69;1;SO001435;11047
2013;201306;Q2;Jun 2013;Europe;United Kingdom;United Kingdom;Bikes;Mountain Bikes;Low Income;46-55;Female;Clerical;1;1535.52;666.93;1;SO001436;11119
2013;201306;Q2;Jun 2013;Pacific;Australia;Australia;Accessories;Tires and Tubes;Low Income;46-55;Female;Clerical;0;91.29;57.60;1;SO001437;11624
2013;201306;Q2;Jun 2013;North America;Canada;Canada;Bikes;Mountain Bikes;Middle Income;46-55;Female;Management;1;1197.18;479.70;1;SO001438;11484
2013;201306;Q2;Jun 2013;North America;Canada;Canada;Components;Handlebars;Middle Income;46-55;Female;Management;1;597.70;182.48;2;SO001438;11484
2013;201306;Q2;Jun 2013;Europe;United Kingdom;United Kingdom;Bikes;Road Bikes;High Income;46-55;Male;Manual;0;2023.65;909.45;1;SO001439;11499
2013;201306;Q2;Jun 2013;Europe;United Kingdom;United Kingdom;Bikes;Road Bikes;High Income;46-55;Male;Manual;0;5308.62;2031.82;2;SO001439;11499
2013;201306;Q2;Jun 2013;Pacific;Australia;Australia;Accessories;Fenders;High Income;46-55;Female;Management;1;77.89;49.95;1;SO001440;11899
2013;201306;Q2;Jun 2013;Europe;Germany;Germany;Bikes;Mountain Bikes;Low Income;36-45;Female;Clerical;0;1981.47;835.37;1;SO001441;11564
2013;201306;Q2;Jun 2013;Europe;France;France;Bikes;Touring Bikes;Middle Income;36-45;Female;Clerical;1;1856.28;701.86;1;SO001442;11428
2013;201306;Q2;Jun 2013;Pacific;Australia;Australia;Bikes;Mountain Bikes;Middle Income;46-55;Male;Manual;0;2100.26;794.15;1;SO001443;11748
2013;201306;Q2;Jun 2013;Pacific;Australia;Australia;Bikes;Road Bikes;Middle Income;26-35;Male;Professional;1;2635.17;1138.40;1;SO001444;11800
2013;201306;Q2;Jun 2013;Pacific;Australia;Australia;Accessories;Helmets;Middle Income;26-35;Male;Professional;1;75.56;48.75;1;SO001444;11800
2013;201306;Q2;Jun 2013;Europe;Germany;Germany;Components;Handlebars;Middle Income;26-35;Female;Manual;0;130.37;47.12;1;SO001445;11567
2013;201306;Q2;Jun 2013;Europe;United Kingdom;United Kingdom;Accessories;Tires and Tubes;Low Income;55+;Male;Manual;0;57.18;36.90;2;SO001446;11801
2013;201306;Q2;Jun 2013;North America;United States;Northeast;Bikes;Touring Bikes;High Income;46-55;Female;Professional;0;1847.58;782.31;2;SO001447;11612
2013;201306;Q2;Jun 2013;North America;Canada;Canada;Accessories;Fenders;Middle Income;46-55;Male;Manual;1;68.33;40.83;1;SO001448;11185
2013;201306;Q2;Jun 2013;North America;Canada;Canada;Accessories;Bottles and Cages;Low Income;46-55;Male;Skilled Manual;0;36.29;22.75;1;SO001449;11225
2013;201306;Q2;Jun 2013;Europe;United Kingdom;United Kingdom;Bikes;Road Bikes;Low Income;36-45;Female;Management;1;1274.33;541.40;1;SO001450;11779
2013;201306;Q2;Jun 2013;Europe;United Kingdom;United Kingdom;Bikes;Mountain Bikes;Low Income;36-45;Female;Management;1;3011.47;1245.66;1;SO001450;11779
2013;201306;Q2;Jun 2013;Europe;United Kingdom;United Kingdom;Accessories;Helmets;Low Income;36-45;Female;Management;1;229.66;149.09;2;SO001450;11779
2013;201306;Q2;Jun 2013;North America;Canada;Canada;Bikes;Touring Bikes;Low Income;36-45;Male;Professional;1;5112.34;1925.53;2;SO001451;11505
2013;201306;Q2;Jun 2013;North America;United States;Southwest;Components;Saddles;Middle Income;55+;Male;Management;1;1498.98;539.39;3;SO001452;11025
2013;201306;Q2;Jun 2013;North America;United States;Southwest;Bikes;Touring Bikes;Middle Income;55+;Male;Management;1;1390.05;530.37;1;SO001452;11025
2013;201306;Q2;Jun 2013;Europe;United Kingdom;United Kingdom;Components;Wheels;Middle Income;55+;Female;Skilled Manual;1;74.36;22.67;1;SO001453;11865
2013;201306;Q2;Jun 2013;Europe;United Kingdom;United Kingdom;Bikes;Touring Bikes;Middle Income;55+;Female;Skilled Manual;1;3044.53;1352.54;1;SO001453;11865
2013;201306;Q2;Jun 2013;North America;United States;Central;Bikes;Mountain Bikes;Middle Income;26-35;Female;Professional;0;1947.46;826.79;2;SO001454;11102
2013;201306;Q2;Jun 2013;North America;United States;Central;Components;Brakes;Middle Income;26-35;Female;Professional;0;538.77;181.63;3;SO001454;11102
2013;201306;Q2;Jun 2013;North America;United States;Central;Bikes;Touring Bikes;Middle Income;55+;Female;Professional;0;1082.81;442.62;1;SO001455;11888
2013;201306;Q2;Jun 2013;North America;United States;Central;Bikes;Touring Bikes;Low Income;46-55;Female;Clerical;1;2251.50;1006.69;1;SO001456;11713
2013;201306;Q2;Jun 2013;Europe;France;France;Accessories;Helmets;Middle Income;55+;Female;Professional;1;105.85;62.04;1;SO001457;11038
2013;201306;Q2;Jun 2013;North America;United States;Southwest;Bikes;Road Bikes;Low Income;26-35;Female;Management;1;3495.35;1342.35;1;SO001458;11243
2013;201306;Q2;Jun 2013;Pacific;Australia;Australia;Bikes;Touring Bikes;High Income;18-25;Female;Skilled Manual;1;2219.85;946.51;1;SO001459;11671
2013;201306;Q2;Jun 2013;Pacific;Australia;Australia;Bikes;Touring Bikes;High Income;18-25;Female;Skilled Manual;1;5114.67;2052.18;3;SO001459;11671
2013;201306;Q2;Jun 2013;Pacific;Australia;Australia;Bikes;Touring Bikes;High Income;26-35;Male;Manual;1;3848.94;1536.21;3;SO001460;11289
2013;201306;Q2;Jun 2013;North America;United States;Northeast;Bikes;Touring Bikes;High Income;36-45;Male;Clerical;0;1727.48;674.96;1;SO001461;11516
2013;201306;Q2;Jun 2013;North America;United States;Northwest;Clothing;Caps;Middle Income;26-35;Female;Professional;0;76.50;32.36;2;SO001462;11894
2013;201306;Q2;Jun 2013;Pacific;Australia;Australia;Components;Brakes;High Income;18-25;Female;Clerical;0;286.70;86.19;1;SO001463;11524
2013;201306;Q2;Jun 2013;Pacific;Australia;Australia;Bikes;Mountain Bikes;High Income;18-25;Female;Clerical;0;1011.70;402.75;1;SO001463;11524
2013;201306;Q2;Jun 2013;North America;Canada;Canada;Bikes;Road Bikes;Low Income;46-55;Male;Management;0;1135.53;437.64;1;SO001464;11811
2013;201306;Q2;Jun 2013;Pacific;Australia;Australia;Clothing;Gloves;Low Income;36-45;Male;Manual;1;74.72;31.11;1;SO001465;11620
2013;201306;Q2;Jun 2013;Pacific;Australia;Australia;Components;Wheels;High Income;55+;Female;Management;1;335.84;116.66;1;SO001466;11252
2013;201306;Q2;Jun 2013;Pacific;Australia;Australia;Components;Brakes;High Income;55+;Female;Management;1;481.74;149.06;2;SO001466;11252
2013;201306;Q2;Jun 2013;Pacific;Australia;Australia;Accessories;Tires and Tubes;High Income;55+;Female;Management;1;207.00;120.74;3;SO001466;11252
2013;201306;Q2;Jun 2013;Pacific;Australia;Australia;Bikes;Road Bikes;Low Income;55+;Male;Professional;0;8083.29;3203.85;3;SO001467;11777
2013;201306;Q2;Jun 2013;Pacific;Australia;Australia;Bikes;Touring Bikes;Low Income;55+;Male;Professional;0;2825.35;1223.18;1;SO001467;11777
2013;201306;Q2;Jun 2013;Europe;United Kingdom;United Kingdom;Bikes;Touring Bikes;High Income;36-45;Female;Manual;1;801.96;302.18;1;SO001468;11522
2013;201306;Q2;Jun 2013;Europe;United Kingdom;United Kingdom;Bikes;Touring Bikes;High Income;36-45;Female;Manual;1;3975.48;1593.54;3;SO001468;11522
2013;201306;Q2;Jun 2013;Pacific;Australia;Australia;Accessories;Fenders;Middle Income;36-45;Male;Management;0;110.54;66.23;1;SO001469;11774
2013;201306;Q2;Jun 2013;Pacific;Australia;Australia;Accessories;Tires and Tubes;Middle Income;46-55;Female;Skilled Manual;1;7.40;4.74;1;SO001470;11737
2013;201306;Q2;Jun 2013;Pacific;Australia;Australia;Bikes;Touring Bikes;Middle Income;46-55;Female;Skilled Manual;1;1873.49;837.79;1;SO001470;11737
2013;201306;Q2;Jun 2013;North America;Canada;Canada;Bikes;Road Bikes;Middle Income;36-45;Female;Professional;1;1373.66;557.96;1;SO001471;11580
2013;201306;Q2;Jun 2013;Pacific;Australia;Australia;Bikes;Touring Bikes;Low Income;36-45;Female;Clerical;0;2345.69;971.46;1;SO001472;11279
2013;201306;Q2;Jun 2013;Pacific;Australia;Australia;Bikes;Mountain Bikes;Low Income;36-45;Female;Clerical;0;2133.68;822.65;1;SO001472;11279
2013;201306;Q2;Jun 2013;Pacific;Australia;Australia;Accessories;Bottles and Cages;Low Income;36-45;Female;Clerical;0;102.62;61.95;1;SO001472;11279
2013;201306;Q2;Jun 2013;Pacific;Australia;Australia;Bikes;Mountain Bikes;High Income;36-45;Male;Manual;1;3562.50;1404.05;3;SO001473;11308
2013;201306;Q2;Jun 2013;Pacific;Australia;Australia;Bikes;Mountain Bikes;High Income;36-45;Male;Manual;1;1972.23;749.61;1;SO001473;11308
2013;201306;Q2;Jun 2013;Europe;United Kingdom;United Kingdom;Bikes;Touring Bikes;Low Income;55+;Male;Skilled Manual;1;5327.04;2326.47;3;SO001474;11113
2013;201306;Q2;Jun 2013;Europe;Germany;Germany;Bikes;Touring Bikes;Low Income;36-45;Female;Professional;0;2925.52;1240.57;1;SO001475;11576
2013;201306;Q2;Jun 2013;Europe;Germany;Germany;Bikes;Mountain Bikes;Low Income;36-45;Female;Professional;0;9225.93;3651.37;3;SO001475;11576
2013;201306;Q2;Jun 2013;Europe;Germany;Germany;Bikes;Mountain Bikes;Low Income;36-45;Female;Professional;0;1333.81;523.34;1;SO001475;11576
2013;201306;Q2;Jun 2013;North America;United States;Southeast;Bikes;Mountain Bikes;Middle Income;55+;Male;Clerical;0;3021.82;1124.47;1;SO001476;11848
2013;201306;Q2;Jun 2013;Pacific;Australia;Australia;Bikes;Mountain Bikes;High Income;46-55;Male;Manual;0;3473.45;1286.55;1;SO001477;11089
2013;201306;Q2;Jun 2013;Pacific;Australia;Australia;Bikes;Mountain Bikes;High Income;46-55;Male;Manual;0;5608.54;2510.91;2;SO001477;11089
2013;201306;Q2;Jun 2013;Europe;Germany;Germany;Bikes;Touring Bikes;Middle Income;36-45;Female;Professional;0;997.48;388.17;1;SO001478;11124
2013;201306;Q2;Jun 2013;North America;United States;Central;Accessories;Bottles and Cages;Low Income;46-55;Male;Manual;0;159.04;97.72;2;SO001479;11249
2013;201306;Q2;Jun 2013;North America;United States;Southwest;Bikes;Touring Bikes;Middle Income;55+;Female;Clerical;0;2735.86;1139.07;1;SO001480;11385
2013;201306;Q2;Jun 2013;Europe;Germany;Germany;Bikes;Road Bikes;Low Income;36-45;Female;Management;0;2012.42;892.07;1;SO001481;11636
2013;201306;Q2;Jun 2013;Europe;Germany;Germany;Bikes;Mountain Bikes;Low Income;36-45;Female;Management;0;1755.16;711.34;1;SO001481;11636
2013;201306;Q2;Jun 2013;Europe;Germany;Germany;Accessories;Helmets;Low Income;55+;Female;Skilled Manual;0;246.18;161.97;3;SO001482;11294
2013;201306;Q2;Jun 2013;Europe;Germany;Germany;Bikes;Road Bikes;Low Income;55+;Female;Skilled Manual;0;3303.90;1313.53;2;SO001482;11294
2013;201306;Q2;Jun 2013;Pacific;Australia;Australia;Accessories;Fenders;Low Income;18-25;Male;Manual;0;51.78;30.34;1;SO001483;11674
2013;201306;Q2;Jun 2013;Pacific;Australia;Australia;Accessories;Helmets;Low Income;18-25;Male;Manual;0;33.28;21.10;1;SO001483;11674
2013;201306;Q2;Jun 2013;Pacific;Australia;Australia;Bikes;Mountain Bikes;Low Income;46-55;Female;Clerical;0;1044.69;416.27;1;SO001484;11400
2013;201306;Q2;Jun 2013;North America;United States;Northeast;Clothing;Jerseys;Middle Income;55+;Female;Manual;1;79.21;32.36;1;SO001485;11159
2013;201306;Q2;Jun 2013;North America;United States;Northwest;Accessories;Helmets;High Income;36-45;Female;Management;0;34.86;21.18;1;SO001486;11197
2013;201306;Q2;Jun 2013;North America;United States;Northwest;Accessories;Fenders;High Income;36-45;Female;Management;0;29.00;19.07;1;SO001486;11197
2013;201306;Q2;Jun 2013;Europe;France;France;Bikes;Road Bikes;Low Income;55+;Male;Clerical;1;6548.36;2495.95;2;SO001487;11773
2013;201306;Q2;Jun 2013;North America;United States;Southwest;Bikes;Mountain Bikes;Middle Income;26-35;Female;Skilled Manual;0;3124.24;1375.12;1;SO001488;11096
2013;201306;Q2;Jun 2013;North America;United States;Southwest;Clothing;Shorts;Middle Income;26-35;Female;Skilled Manual;0;30.11;11.28;1;SO001488;11096
2013;201306;Q2;Jun 2013;North America;United States;Southwest;Bikes;Road Bikes;Low Income;55+;Male;Clerical;1;3436.80;1343.15;1;SO001489;11286
2013;201306;Q2;Jun 2013;North America;United States;Southwest;Bikes;Road Bikes;Low Income;55+;Male;Clerical;1;1147.28;450.07;1;SO001489;11286
2013;201306;Q2;Jun 2013;Pacific;Australia;Australia;Bikes;Mountain Bikes;High Income;18-25;Female;Management;1;5617.98;2250.82;3;SO001490;11821
2013;201306;Q2;Jun 2013;Europe;Germany;Germany;Accessories;Bottles and Cages;High Income;26-35;Female;Management;1;31.61;19.14;1;SO001491;11341
2013;201306;Q2;Jun 2013;Europe;Germany;Germany;Bikes;Road Bikes;High Income;26-35;Female;Management;1;1303.43;553.68;1;SO001491;11341
2013;201306;Q2;Jun 2013;Europe;Germany;Germany;Clothing;Shorts;Low Income;26-35;Female;Skilled Manual;0;104.60;45.89;2;SO001492;11275
2013;201306;Q2;Jun 2013;Europe;France;France;Bikes;Mountain Bikes;Middle Income;46-55;Female;Manual;1;3031.32;1280.54;2;SO001493;11706
2013;201306;Q2;Jun 2013;Europe;France;France;Bikes;Mountain Bikes;Middle Income;46-55;Female;Manual;1;2410.70;917.79;1;SO001493;11706
2013;201306;Q2;Jun 2013;Pacific;Australia;Australia;Accessories;Fenders;High Income;36-45;Male;Professional;1;93.08;57.30;1;SO001494;11299
2013;201306;Q2;Jun 2013;North America;United States;Northeast;Components;Wheels;Middle Income;55+;Female;Management;0;476.61;144.85;1;SO001495;11404
2013;201306;Q2;Jun 2013;North America;Canada;Canada;Accessories;Fenders;Middle Income;36-45;Female;Skilled Manual;0;165.40;100.97;2;SO001496;11737
2013;201306;Q2;Jun 2013;Pacific;Australia;Australia;Bikes;Touring Bikes;Middle Income;55+;Male;Management;1;3268.59;1442.27;1;SO001497;11808
2013;201306;Q2;Jun 2013;Europe;France;France;Bikes;Road Bikes;Low Income;55+;Female;Skilled Manual;0;2838.07;1071.33;1;SO001498;11897
2013;201306;Q2;Jun 2013;Europe;France;France;Bikes;Mountain Bikes;Low Income;55+;Male;Professional;0;2903.83;1197.68;1;SO001499;11577
2013;201306;Q2;Jun 2013;Europe;France;France;Accessories;Helmets;Low Income;55+;Male;Professional;0;10.61;6.96;1;SO001499;11577
2013;201306;Q2;Jun 2013;Pacific;Australia;Australia;Bikes;Road Bikes;Middle Income;55+;Male;Skilled Manual;0;2125.12;799.19;1;SO001500;11751
2013;201306;Q2;Jun 2013;Europe;Germany;Germany;Bikes;Road Bikes;Middle Income;55+;Female;Manual;0;1251.84;525.72;1;SO001501;11218
2013;201306;Q2;Jun 2013;North America;United States;Southeast;Clothing;Shorts;Middle Income;36-45;Female;Clerical;0;87.34;35.69;1;SO001502;11012
2013;201306;Q2;Jun 2013;Europe;Germany;Germany;Bikes;Touring Bikes;Middle Income;46-55;Male;Clerical;0;5664.06;2457.67;3;SO001503;11158
2013;201306;Q2;Jun 2013;North America;United States;Central;Accessories;Bottles and Cages;Middle Income;55+;Female;Clerical;1;23.38;13.68;1;SO001504;11432
2013;201306;Q2;Jun 2013;North America;United States;Southwest;Accessories;Helmets;High Income;46-55;Male;Skilled Manual;0;53.53;32.93;1;SO001505;11890
2013;201306;Q2;Jun 2013;Pacific;Australia;Australia;Bikes;Touring Bikes;Middle Income;36-45;Male;Manual;0;2010.75;868.93;1;SO001506;11153
2013;201306;Q2;Jun 2013;North America;United States;Northwest;Accessories;Bottles and Cages;Low Income;46-55;Female;Clerical;1;105.62;62.97;1;SO001507;11493
2013;201306;Q2;Jun 2013;Europe;United Kingdom;United Kingdom;Bikes;Touring Bikes;Low Income;55+;Female;Management;1;2643.08;1044.90;2;SO001508;11155
2013;201306;Q2;Jun 2013;Europe;United Kingdom;United Kingdom;Accessories;Helmets;Low Income;55+;Female;Management;1;19.46;12.09;1;SO001508;11155
2013;201306;Q2;Jun 2013;Pacific;Australia;Australia;Accessories;Helmets;Low Income;46-55;Male;Professional;1;93.04;55.63;1;SO001509;11307
2013;201306;Q2;Jun 2013;Europe;United Kingdom;United Kingdom;Accessories;Tires and Tubes;High Income;55+;Female;Clerical;0;19.75;12.61;1;SO001510;11885
2013;201306;Q2;Jun 2013;Pacific;Australia;Australia;Bikes;Mountain Bikes;Low Income;55+;Male;Professional;1;5411.44;2122.87;2;SO001511;11668
2013;201306;Q2;Jun 2013;Pacific;Australia;Australia;Bikes;Touring Bikes;Low Income;55+;Male;Professional;1;1306.50;554.25;1;SO001511;11668
2013;201306;Q2;Jun 2013;Pacific;Australia;Australia;Bikes;Touring Bikes;Low Income;55+;Male;Professional;1;3076.55;1308.58;1;SO001511;11668
2013;201307;Q3;Jul 2013;North America;United States;Central;Bikes;Touring Bikes;High Income;55+;Female;Professional;1;2861.27;1150.83;1;SO001512;11480
2013;201307;Q3;Jul 2013;Pacific;Australia;Australia;Accessories;Helmets;Middle Income;55+;Female;Manual;0;87.04;51.54;1;SO001513;11466
2013;201307;Q3;Jul 2013;Europe;Germany;Germany;Components;Wheels;High Income;46-55;Female;Management;1;80.59;24.67;1;SO001514;11843
2013;201307;Q3;Jul 2013;Europe;Germany;Germany;Bikes;Touring Bikes;High Income;46-55;Female;Management;1;3968.46;1583.21;2;SO001514;11843
2013;201307;Q3;Jul 2013;Pacific;Australia;Australia;Components;Brakes;Middle Income;55+;Female;Clerical;0;168.48;51.48;2;SO001515;11291
2013;201307;Q3;Jul 2013;Europe;Germany;Germany;Bikes;Mountain Bikes;Middle Income;26-35;Male;Management;1;3065.15;1357.18;1;SO001516;11725
2013;201307;Q3;Jul 2013;Pacific;Australia;Australia;Accessories;Helmets;Low Income;36-45;Male;Skilled Manual;1;51.34;32.12;1;SO001517;11612
2013;201307;Q3;Jul 2013;Pacific;Australia;Australia;Clothing;Caps;Low Income;36-45;Male;Skilled Manual;1;82.74;33.13;1;SO001517;11612
2013;201307;Q3;Jul 2013;Europe;France;France;Bikes;Road Bikes;High Income;55+;Male;Management;0;2988.40;1203.17;1;SO001518;11423
2013;201307;Q3;Jul 2013;Europe;France;France;Bikes;Touring Bikes;High Income;55+;Male;Management;0;1799.97;713.95;1;SO001518;11423
2013;201307;Q3;Jul 2013;Europe;Germany;Germany;Bikes;Touring Bikes;High Income;46-55;Male;Skilled Manual;0;1095.50;453.20;1;SO001519;11878
2013;201307;Q3;Jul 2013;North America;United States;Southwest;Bikes;Road Bikes;Middle Income;46-55;Male;Skilled Manual;0;3006.92;1231.76;1;SO001520;11680
2013;201307;Q3;Jul 2013;Pacific;Australia;Australia;Clothing;Gloves;High Income;55+;Male;Management;1;69.89;29.82;1;SO001521;11117
2013;201307;Q3;Jul 2013;Pacific;Australia;Australia;Bikes;Mountain Bikes;High Income;55+;Male;Management;1;862.99;369.18;1;SO001521;11117
2013;201307;Q3;Jul 2013;North America;United States;Central;Clothing;Shorts;Middle Income;26-35;Female;Manual;0;114.44;41.61;2;SO001522;11603
2013;201307;Q3;Jul 2013;North America;United States;Central;Bikes;Mountain Bikes;Middle Income;26-35;Female;Manual;0;3365.15;1262.46;1;SO001522;11603
2013;201307;Q3;Jul 2013;Europe;Germany;Germany;Accessories;Fenders;Middle Income;26-35;Male;Professional;1;32.88;20.17;1;SO001523;11556
2013;201307;Q3;Jul 2013;Europe;Germany;Germany;Bikes;Touring Bikes;Middle Income;26-35;Male;Professional;1;2908.84;1095.43;1;SO001523;11556
2013;201307;Q3;Jul 2013;North America;Canada;Canada;Clothing;Shorts;Middle Income;46-55;Female;Clerical;1;106.26;46.70;3;SO001524;11140
2013;201307;Q3;Jul 2013;North America;Canada;Canada;Clothing;Jerseys;Middle Income;46-55;Female;Clerical;1;44.42;17.94;1;SO001524;11140
2013;201307;Q3;Jul 2013;North America;Canada;Canada;Bikes;Mountain Bikes;Low Income;46-55;Female;Management;1;2336.68;887.90;1;SO001525;11217
2013;201307;Q3;Jul 2013;North America;Canada;Canada;Bikes;Touring Bikes;Low Income;46-55;Female;Management;1;1351.79;608.16;1;SO001525;11217
2013;201307;Q3;Jul 2013;Europe;Germany;Germany;Bikes;Road Bikes;High Income;26-35;Female;Clerical;1;3135.25;1191.46;1;SO001526;11751
2013;201307;Q3;Jul 2013;Europe;Germany;Germany;Bikes;Mountain Bikes;High Income;26-35;Female;Clerical;1;1361.33;563.02;1;SO001526;11751
2013;201307;Q3;Jul 2013;North America;Canada;Canada;Bikes;Road Bikes;Low Income;55+;Male;Clerical;1;1942.79;847.96;1;SO001527;11680
2013;201307;Q3;Jul 2013;North America;United States;Northeast;Clothing;Jerseys;Middle Income;46-55;Female;Skilled Manual;0;60.65;23.01;1;SO001528;11527
2013;201307;Q3;Jul 2013;Pacific;Australia;Australia;Bikes;Touring Bikes;Low Income;46-55;Female;Clerical;1;3529.02;1312.78;2;SO001529;11325
2013;201307;Q3;Jul 2013;North America;United States;Central;Clothing;Shorts;Middle Income;55+;Male;Skilled Manual;0;50.86;21.94;1;SO001530;11858
2013;201307;Q3;Jul 2013;North America;United States;Central;Clothing;Shorts;Middle Income;55+;Male;Skilled Manual;0;60.79;24.66;1;SO001530;11858
2013;201307;Q3;Jul 2013;North America;United States;Central;Components;Wheels;Middle Income;55+;Male;Skilled Manual;0;476.54;156.40;1;SO001530;11858
2013;201307;Q3;Jul 2013;Pacific;Australia;Australia;Clothing;Shorts;Middle Income;46-55;Male;Skilled Manual;1;40.62;16.58;2;SO001531;11405
2013;201307;Q3;Jul 2013;North America;United States;Northeast;Accessories;Helmets;Middle Income;46-55;Female;Skilled Manual;1;145.62;84.67;2;SO001532;11268
2013;201307;Q3;Jul 2013;North America;United States;Northeast;Bikes;Mountain Bikes;Middle Income;46-55;Female;Skilled Manual;1;736.94;310.62;1;SO001532;11268
2013;201307;Q3;Jul 2013;North America;United States;Northeast;Bikes;Touring Bikes;Middle Income;46-55;Female;Skilled Manual;1;1470.66;611.40;1;SO001532;11268
2013;201307;Q3;Jul 2013;Pacific;Australia;Australia;Clothing;Jerseys;Low Income;36-45;Male;Management;1;82.05;29.63;1;SO001533;11023
2013;201307;Q3;Jul 2013;Pacific;Australia;Australia;Components;Wheels;Low Income;36-45;Male;Management;1;102.61;32.93;1;SO001533;11023
2013;201307;Q3;Jul 2013;Europe;Germany;Germany;Clothing;Shorts;Low Income;55+;Female;Skilled Manual;0;206.43;79.71;3;SO001534;11176
2013;201307;Q3;Jul 2013;Europe;United Kingdom;United Kingdom;Accessories;Fenders;Middle Income;55+;Female;Clerical;1;93.24;56.35;2;SO001535;11800
2013;201307;Q3;Jul 2013;North America;United States;Southwest;Clothing;Gloves;High Income;36-45;Female;Manual;1;81.08;32.48;1;SO001536;11381
2013;201307;Q3;Jul 2013;North America;United States;Northeast;Bikes;Road Bikes;Middle Income;55+;Female;Management;1;4298.48;1673.08;2;SO001537;11805
2013;201307;Q3;Jul 2013;North America;United States;Northeast;Bikes;Touring Bikes;Middle Income;55+;Female;Management;1;4047.46;1667.40;2;SO001537;11805
2013;201307;Q3;Jul 2013;Europe;France;France;Accessories;Tires and Tubes;Low Income;55+;Female;Manual;0;117.17;72.00;1;SO001538;11004
2013;201307;Q3;Jul 2013;Europe;France;France;Accessories;Tires and Tubes;Low Income;55+;Female;Manual;0;17.28;10.06;2;SO001538;11004
2013;201307;Q3;Jul 2013;Europe;United Kingdom;United Kingdom;Bikes;Mountain Bikes;High Income;46-55;Male;Manual;0;1445.86;587.93;2;SO001539;11741
2013;201307;Q3;Jul 2013;North America;United States;Central;Bikes;Mountain Bikes;High Income;46-55;Female;Clerical;0;4705.62;1842.59;2;SO001540;11287
2013;201307;Q3;Jul 2013;North America;United States;Central;Clothing;Shorts;High Income;46-55;Female;Clerical;0;87.86;31.66;1;SO001540;11287
2013;201307;Q3;Jul 2013;North America;United States;Central;Bikes;Mountain Bikes;High Income;46-55;Female;Clerical;0;1085.58;450.22;1;SO001540;11287
2013;201307;Q3;Jul 2013;North America;United States;Northwest;Bikes;Touring Bikes;Middle Income;55+;Male;Skilled Manual;1;1287.21;499.64;1;SO001541;11359
2013;201307;Q3;Jul 2013;North America;United States;Southeast;Clothing;Shorts;Middle Income;55+;Male;Management;1;75.82;31.69;1;SO001542;11066
2013;201307;Q3;Jul 2013;North America;United States;Southeast;Bikes;Mountain Bikes;Middle Income;55+;Male;Management;1;1687.26;628.23;1;SO001542;11066
2013;201307;Q3;Jul 2013;North America;United States;Southwest;Bikes;Mountain Bikes;Low Income;46-55;Female;Management;1;3326.10;1414.76;2;SO001543;11889
2013;201307;Q3;Jul 2013;North America;United States;Southwest;Bikes;Road Bikes;Low Income;46-55;Female;Management;1;1238.83;529.22;1;SO001543;11889
2013;201307;Q3;Jul 2013;Pacific;Australia;Australia;Bikes;Mountain Bikes;High Income;36-45;Female;Professional;0;3225.26;1271.90;1;SO001544;11358
2013;201307;Q3;Jul 2013;Pacific;Australia;Australia;Clothing;Caps;Middle Income;55+;Female;Management;1;37.32;14.18;1;SO001545;11848
2013;201307;Q3;Jul 2013;Europe;France;France;Accessories;Bottles and Cages;High Income;55+;Female;Skilled Manual;1;69.18;40.69;2;SO001546;11097
2013;201307;Q3;Jul 2013;Europe;France;France;Accessories;Helmets;High Income;55+;Female;Skilled Manual;1;65.46;40.64;1;SO001546;11097
2013;201307;Q3;Jul 2013;North America;Canada;Canada;Clothing;Gloves;Low Income;46-55;Male;Clerical;0;79.09;34.31;1;SO001547;11802
2013;201307;Q3;Jul 2013;North America;United States;Northwest;Bikes;Touring Bikes;Middle Income;46-55;Male;Skilled Manual;1;4423.18;1961.30;2;SO001548;11612
2013;201307;Q3;Jul 2013;Europe;France;France;Bikes;Touring Bikes;Middle Income;55+;Male;Management;0;6556.98;2446.27;3;SO001549;11128
2013;201307;Q3;Jul 2013;Pacific;Australia;Australia;Bikes;Road Bikes;Middle Income;55+;Male;Management;1;3105.26;1184.91;1;SO001550;11514
2013;201307;Q3;Jul 2013;Pacific;Australia;Australia;Bikes;Touring Bikes;Middle Income;55+;Male;Management;1;1389.69;528.92;1;SO001550;11514
2013;201307;Q3;Jul 2013;Europe;United Kingdom;United Kingdom;Bikes;Road Bikes;Middle Income;36-45;Male;Professional;1;1243.43;468.53;1;SO001551;11370
2013;201307;Q3;Jul 2013;Europe;United Kingdom;United Kingdom;Accessories;Bottles and Cages;Low Income;55+;Female;Management;0;72.30;44.73;1;SO001552;11871
2013;201307;Q3;Jul 2013;Europe;United Kingdom;United Kingdom;Accessories;Helmets;Low Income;55+;Female;Management;0;51.92;32.95;1;SO001552;11871
2013;201307;Q3;Jul 2013;Europe;France;France;Bikes;Mountain Bikes;Middle Income;46-55;Female;Professional;1;2191.02;918.37;2;SO001553;11117
2013;201307;Q3;Jul 2013;North America;United States;Central;Bikes;Touring Bikes;Middle Income;55+;Male;Management;0;5806.34;2353.96;2;SO001554;11761
2013;201307;Q3;Jul 2013;Pacific;Australia;Australia;Bikes;Road Bikes;Low Income;18-25;Male;Manual;1;2365.60;992.37;1;SO001555;11695
2013;201307;Q3;Jul 2013;North America;United States;Northeast;Accessories;Fenders;Low Income;36-45;Male;Professional;0;129.78;81.09;2;SO001556;11746
2013;201307;Q3;Jul 2013;North America;Canada;Canada;Bikes;Road Bikes;High Income;36-45;Female;Professional;0;1664.50;702.23;2;SO001557;11568
2013;201307;Q3;Jul 2013;North America;United States;Central;Bikes;Mountain Bikes;High Income;55+;Female;Clerical;1;2726.08;1061.01;1;SO001558;11048
2013;201307;Q3;Jul 2013;North America;United States;Central;Bikes;Touring Bikes;High Income;55+;Female;Clerical;1;911.45;355.00;1;SO001558;11048
2013;201307;Q3;Jul 2013;North America;Canada;Canada;Bikes;Mountain Bikes;Low Income;26-35;Female;Professional;0;1147.11;424.70;1;SO001559;11562
2013;201307;Q3;Jul 2013;Pacific;Australia;Australia;Bikes;Touring Bikes;Middle Income;36-45;Male;Manual;0;1040.36;449.83;1;SO001560;11240
2013;201307;Q3;Jul 2013;Pacific;Australia;Australia;Bikes;Road Bikes;Middle Income;36-45;Male;Manual;0;2730.34;1133.71;2;SO001560;11240
2013;201307;Q3;Jul 2013;Europe;United Kingdom;United Kingdom;Bikes;Mountain Bikes;High Income;55+;Male;Clerical;1;764.78;290.89;1;SO001561;11683
2013;201307;Q3;Jul 2013;Europe;United Kingdom;United Kingdom;Bikes;Touring Bikes;High Income;55+;Male;Clerical;1;840.99;343.05;1;SO001561;11683
2013;201307;Q3;Jul 2013;Pacific;Australia;Australia;Bikes;Mountain Bikes;Low Income;46-55;Male;Manual;1;926.60;351.01;1;SO001562;11009
2013;201307;Q3;Jul 2013;Pacific;Australia;Australia;Bikes;Road Bikes;Middle Income;55+;Female;Skilled Manual;1;1807.20;717.59;1;SO001563;11799
2013;201307;Q3;Jul 2013;Pacific;Australia;Australia;Clothing;Gloves;Middle Income;55+;Female;Skilled Manual;1;54.90;20.80;1;SO001563;11799
2013;201307;Q3;Jul 2013;Pacific;Australia;Australia;Bikes;Touring Bikes;Middle Income;55+;Female;Skilled Manual;1;5253.36;2227.73;2;SO001563;11799
2013;201307;Q3;Jul 2013;Pacific;Australia;Australia;Bikes;Road Bikes;High Income;36-45;Female;Clerical;0;5801.19;2247.97;3;SO001564;11512
2013;201307;Q3;Jul 2013;Pacific;Australia;Australia;Bikes;Touring Bikes;Low Income;26-35;Female;Skilled Manual;0;2708.69;1209.24;1;SO001565;11025
2013;201307;Q3;Jul 2013;Pacific;Australia;Australia;Accessories;Helmets;Middle Income;55+;Female;Management;1;83.20;48.73;1;SO001566;11683
2013;201307;Q3;Jul 2013;Pacific;Australia;Australia;Bikes;Touring Bikes;Middle Income;36-45;Male;Skilled Manual;0;2189.22;883.83;1;SO001567;11468
2013;201307;Q3;Jul 2013;North America;United States;Northwest;Clothing;Jerseys;High Income;46-55;Female;Manual;1;58.58;24.74;1;SO001568;11425
2013;201307;Q3;Jul 2013;North America;United States;Southwest;Bikes;Road Bikes;Middle Income;46-55;Male;Clerical;0;1207.15;538.59;1;SO001569;11236
2013;201307;Q3;Jul 2013;North America;United States;Southwest;Accessories;Helmets;Middle Income;46-55;Male;Clerical;0;24.28;15.90;1;SO001569;11236
2013;201307;Q3;Jul 2013;North America;United States;Northeast;Accessories;Helmets;Middle Income;26-35;Female;Professional;1;56.94;33.61;1;SO001570;11392
2013;201307;Q3;Jul 2013;North America;United States;Northeast;Bikes;Road Bikes;Middle Income;26-35;Female;Professional;1;1239.22;467.19;1;SO001570;11392
2013;201307;Q3;Jul 2013;Pacific;Australia;Australia;Accessories;Tires and Tubes;Middle Income;55+;Female;Skilled Manual;1;119.72;72.17;2;SO001571;11116
2013;201307;Q3;Jul 2013;Pacific;Australia;Australia;Bikes;Road Bikes;Middle Income;55+;Male;Professional;1;6931.94;2762.21;2;SO001572;11629
2013;201307;Q3;Jul 2013;North America;United States;Central;Accessories;Tires and Tubes;Middle Income;26-35;Male;Clerical;0;32.97;21.74;1;SO001573;11755
2013;201307;Q3;Jul 2013;Europe;Germany;Germany;Accessories;Fenders;Middle Income;55+;Female;Skilled Manual;1;73.62;46.29;1;SO001574;11204
2013;201307;Q3;Jul 2013;Europe;Germany;Germany;Bikes;Touring Bikes;Middle Income;55+;Female;Skilled Manual;1;948.30;414.53;1;SO001574;11204
2013;201307;Q3;Jul 2013;Pacific;Australia;Australia;Accessories;Helmets;Middle Income;55+;Male;Professional;0;53.99;33.45;1;SO001575;11216
2013;201307;Q3;Jul 2013;Pacific;Australia;Australia;Bikes;Touring Bikes;Middle Income;55+;Male;Professional;0;1021.77;396.19;1;SO001575;11216
2013;201307;Q3;Jul 2013;North America;United States;Northwest;Bikes;Mountain Bikes;High Income;36-45;Female;Manual;1;2385.74;893.47;1;SO001576;11707
2013;201307;Q3;Jul 2013;North America;Canada;Canada;Bikes;Mountain Bikes;High Income;46-55;Female;Manual;0;3267.79;1352.38;1;SO001577;11487
2013;201307;Q3;Jul 2013;North America;United States;Southeast;Bikes;Road Bikes;High Income;55+;Male;Manual;0;2964.42;1113.37;1;SO001578;11850
2013;201307;Q3;Jul 2013;Europe;United Kingdom;United Kingdom;Clothing;Jerseys;Middle Income;55+;Male;Skilled Manual;1;178.80;74.48;2;SO001579;11614
2013;201307;Q3;Jul 2013;Europe;United Kingdom;United Kingdom;Bikes;Mountain Bikes;Middle Income;55+;Male;Skilled Manual;1;2217.60;861.90;1;SO001579;11614
2013;201307;Q3;Jul 2013;North America;United States;Southwest;Bikes;Mountain Bikes;Low Income;36-45;Female;Skilled Manual;0;724.30;312.71;1;SO001580;11612
2013;201307;Q3;Jul 2013;Pacific;Australia;Australia;Bikes;Road Bikes;High Income;46-55;Female;Skilled Manual;1;1477.18;632.75;1;SO001581;11481
2013;201307;Q3;Jul 2013;Pacific;Australia;Australia;Bikes;Touring Bikes;High Income;46-55;Female;Skilled Manual;1;3125.48;1332.11;1;SO001581;11481
2013;201307;Q3;Jul 2013;Pacific;Australia;Australia;Bikes;Mountain Bikes;Middle Income;55+;Male;Clerical;1;2440.76;940.59;1;SO001582;11471
2013;201307;Q3;Jul 2013;Pacific;Australia;Australia;Bikes;Mountain Bikes;Middle Income;26-35;Male;Skilled Manual;0;2509.75;1076.18;1;SO001583;11439
2013;201307;Q3;Jul 2013;Pacific;Australia;Australia;Components;Brakes;Middle Income;26-35;Male;Skilled Manual;0;281.60;102.32;1;SO001583;11439
2013;201307;Q3;Jul 2013;North America;United States;Northwest;Clothing;Jerseys;Middle Income;55+;Male;Management;1;53.98;22.85;2;SO001584;11739
2013;201307;Q3;Jul 2013;North America;United States;Southwest;Bikes;Road Bikes;High Income;46-55;Female;Management;0;2382.58;965.27;1;SO001585;11297
2013;201307;Q3;Jul 2013;Europe;United Kingdom;United Kingdom;Bikes;Touring Bikes;Low Income;55+;Female;Professional;1;2996.04;1182.58;2;SO001586;11359
2013;201307;Q3;Jul 2013;North America;United States;Central;Clothing;Gloves;Middle Income;26-35;Male;Clerical;0;42.74;15.71;1;SO001587;11359
2013;201307;Q3;Jul 2013;North America;Canada;Canada;Bikes;Road Bikes;Middle Income;26-35;Male;Professional;0;2318.14;1041.32;1;SO001588;11648
2013;201307;Q3;Jul 2013;North America;Canada;Canada;Accessories;Tires and Tubes;Low Income;46-55;Female;Clerical;1;66.78;39.23;1;SO001589;11036
2013;201307;Q3;Jul 2013;North America;United States;Northwest;Clothing;Shorts;Middle Income;46-55;Male;Manual;0;65.76;28.19;1;SO001590;11256
2013;201307;Q3;Jul 2013;North America;United States;Northwest;Bikes;Road Bikes;Middle Income;46-55;Male;Manual;0;1197.49;514.41;1;SO001590;11256
2013;201307;Q3;Jul 2013;Pacific;Australia;Australia;Bikes;Touring Bikes;High Income;55+;Male;Management;1;1921.30;804.99;1;SO001591;11276
2013;201307;Q3;Jul 2013;North America;United States;Southeast;Bikes;Road Bikes;High Income;46-55;Female;Management;1;10035.60;4158.34;3;SO001592;11749
2013;201307;Q3;Jul 2013;North America;United States;Southwest;Accessories;Tires and Tubes;Low Income;55+;Male;Manual;1;106.10;69.36;1;SO001593;11351
2013;201307;Q3;Jul 2013;North America;Canada;Canada;Accessories;Fenders;Low Income;46-55;Female;Skilled Manual;1;10.15;6.26;1;SO001594;11863
2013;201307;Q3;Jul 2013;Pacific;Australia;Australia;Components;Wheels;Low Income;55+;Female;Skilled Manual;0;1480.62;531.79;3;SO001595;11821
2013;201307;Q3;Jul 2013;North America;Canada;Canada;Bikes;Mountain Bikes;Middle Income;46-55;Female;Manual;1;3089.39;1301.86;1;SO001596;11625
2013;201307;Q3;Jul 2013;Europe;Germany;Germany;Bikes;Mountain Bikes;Middle Income;26-35;Female;Manual;1;2859.98;1275.87;2;SO001597;11893
2013;201307;Q3;Jul 2013;Europe;Germany;Germany;Accessories;Fenders;Middle Income;26-35;Female;Manual;1;50.10;32.38;1;SO001597;11893
2013;201307;Q3;Jul 2013;Europe;Germany;Germany;Bikes;Touring Bikes;Middle Income;26-35;Female;Manual;1;2527.33;950.59;1;SO001597;11893
2013;201307;Q3;Jul 2013;Pacific;Australia;Australia;Accessories;Tires and Tubes;Middle Income;46-55;Female;Skilled Manual;0;78.56;48.30;1;SO001598;11745
2013;201307;Q3;Jul 2013;North America;United States;Southwest;Bikes;Mountain Bikes;Middle Income;55+;Female;Clerical;1;1570.43;598.11;1;SO001599;11529
2013;201307;Q3;Jul 2013;North America;United States;Southwest;Accessories;Tires and Tubes;Middle Income;55+;Female;Clerical;1;289.41;177.92;3;SO001599;11529
2013;201307;Q3;Jul 2013;Europe;Germany;Germany;Bikes;Touring Bikes;High Income;55+;Male;Skilled Manual;0;4417.94;1942.58;2;SO001600;11482
2013;201307;Q3;Jul 2013;Europe;Germany;Germany;Components;Saddles;High Income;55+;Male;Skilled Manual;0;775.12;286.77;2;SO001600;11482
2013;201307;Q3;Jul 2013;Pacific;Australia;Australia;Accessories;Fenders;Middle Income;55+;Male;Manual;1;209.68;132.87;2;SO001601;11308
2013;201307;Q3;Jul 2013;North America;United States;Southwest;Bikes;Touring Bikes;Low Income;55+;Male;Professional;0;2383.03;897.75;1;SO001602;11200
2013;201307;Q3;Jul 2013;North America;United States;Southwest;Clothing;Gloves;Low Income;55+;Male;Professional;0;40.58;17.60;1;SO001602;11200
2013;201307;Q3;Jul 2013;Pacific;Australia;Australia;Bikes;Mountain Bikes;Middle Income;46-55;Female;Professional;0;8377.80;3244.31;3;SO001603;11880
2013;201307;Q3;Jul 2013;Europe;United Kingdom;United Kingdom;Bikes;Mountain Bikes;Middle Income;36-45;Female;Management;0;1738.19;737.64;1;SO001604;11311
2013;201307;Q3;Jul 2013;Pacific;Australia;Australia;Bikes;Road Bikes;Middle Income;36-45;Male;Clerical;1;2369.14;954.95;2;SO001605;11090
2013;201307;Q3;Jul 2013;Pacific;Australia;Australia;Bikes;Road Bikes;Middle Income;36-45;Male;Manual;1;9312.99;3902.72;3;SO001606;11139
2013;201307;Q3;Jul 2013;Pacific;Australia;Australia;Accessories;Bottles and Cages;Middle Income;36-45;Male;Manual;1;304.56;194.01;3;SO001606;11139
2013;201308;Q3;Aug 2013;Europe;Germany;Germany;Bikes;Road Bikes;High Income;55+;Male;Management;1;1442.39;551.03;1;SO001607;11362
2013;201308;Q3;Aug 2013;Pacific;Australia;Australia;Bikes;Road Bikes;Middle Income;36-45;Female;Skilled Manual;0;5049.74;1952.42;2;SO001608;11887
2013;201308;Q3;Aug 2013;Pacific;Australia;Australia;Bikes;Touring Bikes;Middle Income;26-35;Female;Professional;1;2785.62;1191.66;1;SO001609;11636
2013;201308;Q3;Aug 2013;North America;United States;Southwest;Clothing;Gloves;Middle Income;46-55;Male;Skilled Manual;0;150.27;54.48;3;SO001610;11351
2013;201308;Q3;Aug 2013;North America;United States;Southwest;Accessories;Helmets;Middle Income;46-55;Male;Skilled Manual;0;18.46;11.40;2;SO001610;11351
2013;201308;Q3;Aug 2013;North America;United States;Southwest;Clothing;Jerseys;Middle Income;46-55;Male;Skilled Manual;0;71.49;30.40;1;SO001610;11351
2013;201308;Q3;Aug 2013;Europe;France;France;Bikes;Road Bikes;High Income;26-35;Female;Skilled Manual;0;2796.85;1135.03;1;SO001611;11598
2013;201308;Q3;Aug 2013;Pacific;Australia;Australia;Accessories;Fenders;Middle Income;36-45;Female;Clerical;0;81.93;49.36;1;SO001612;11283
2013;201308;Q3;Aug 2013;Europe;United Kingdom;United Kingdom;Bikes;Road Bikes;Middle Income;55+;Female;Manual;0;3465.62;1377.40;2;SO001613;11472
2013;201308;Q3;Aug 2013;Europe;United Kingdom;United Kingdom;Accessories;Tires and Tubes;Middle Income;55+;Female;Manual;0;78.82;46.14;1;SO001613;11472
2013;201308;Q3;Aug 2013;North America;United States;Northeast;Clothing;Jerseys;Middle Income;18-25;Male;Manual;0;78.67;32.60;1;SO001614;11735
2013;201308;Q3;Aug 2013;Pacific;Australia;Australia;Bikes;Road Bikes;High Income;26-35;Male;Skilled Manual;0;1563.32;616.89;1;SO001615;11638
2013;201308;Q3;Aug 2013;North America;United States;Central;Bikes;Road Bikes;Middle Income;26-35;Female;Manual;1;1414.92;560.57;2;SO001616;11888
2013;201308;Q3;Aug 2013;North America;United States;Northwest;Clothing;Jerseys;High Income;55+;Male;Management;1;72.34;30.09;1;SO001617;11268
2013;201308;Q3;Aug 2013;North America;United States;Northwest;Clothing;Caps;High Income;55+;Male;Management;1;80.69;32.26;1;SO001617;11268
2013;201308;Q3;Aug 2013;North America;United States;Northwest;Bikes;Road Bikes;High Income;55+;Male;Manual;0;3221.97;1442.28;1;SO001618;11309
2013;201308;Q3;Aug 2013;North America;United States;Northwest;Accessories;Tires and Tubes;Middle Income;55+;Female;Management;0;195.54;114.32;2;SO001619;11790
2013;201308;Q3;Aug 2013;Pacific;Australia;Australia;Clothing;Jerseys;High Income;55+;Female;Skilled Manual;1;44.16;18.09;1;SO001620;11591
2013;201308;Q3;Aug 2013;Pacific;Australia;Australia;Bikes;Mountain Bikes;High Income;55+;Female;Skilled Manual;1;2915.64;1130.18;3;SO001620;11591
2013;201308;Q3;Aug 2013;Europe;United Kingdom;United Kingdom;Bikes;Road Bikes;Middle Income;55+;Male;Professional;0;2458.84;934.78;2;SO001621;11545
2013;201308;Q3;Aug 2013;Europe;United Kingdom;United Kingdom;Accessories;Bottles and Cages;Middle Income;55+;Male;Professional;0;23.05;14.64;1;SO001621;11545
2013;201308;Q3;Aug 2013;Europe;United Kingdom;United Kingdom;Clothing;Caps;Middle Income;55+;Male;Professional;0;73.90;31.12;2;SO001621;11545
2013;201308;Q3;Aug 2013;Europe;Germany;Germany;Components;Handlebars;Low Income;46-55;Male;Clerical;0;161.08;51.54;2;SO001622;11053
2013;201308;Q3;Aug 2013;Europe;Germany;Germany;Bikes;Road Bikes;Middle Income;55+;Male;Skilled Manual;0;1959.38;808.49;1;SO001623;11340
2013;201308;Q3;Aug 2013;Europe;United Kingdom;United Kingdom;Bikes;Road Bikes;Middle Income;55+;Female;Skilled Manual;1;3050.35;1234.09;1;SO001624;11687
2013;201308;Q3;Aug 2013;Europe;United Kingdom;United Kingdom;Accessories;Tires and Tubes;Middle Income;55+;Female;Skilled Manual;1;106.93;63.04;1;SO001624;11687
2013;201308;Q3;Aug 2013;Europe;United Kingdom;United Kingdom;Bikes;Road Bikes;Middle Income;26-35;Female;Manual;1;3317.82;1471.08;1;SO001625;11571
2013;201308;Q3;Aug 2013;North America;United States;Southeast;Clothing;Gloves;High Income;55+;Female;Clerical;0;37.50;15.90;1;SO001626;11822
2013;201308;Q3;Aug 2013;Pacific;Australia;Australia;Bikes;Touring Bikes;Middle Income;46-55;Male;Management;0;2521.07;1009.64;1;SO001627;11126
2013;201308;Q3;Aug 2013;Pacific;Australia;Australia;Accessories;Fenders;Middle Income;46-55;Male;Management;0;25.50;15.18;3;SO001627;11126
2013;201308;Q3;Aug 2013;Pacific;Australia;Australia;Accessories;Fenders;High Income;18-25;Male;Management;1;28.14;16.65;1;SO001628;11277
2013;201308;Q3;Aug 2013;Europe;France;France;Bikes;Mountain Bikes;High Income;36-45;Female;Manual;1;3329.97;1270.65;1;SO001629;11047
2013;201308;Q3;Aug 2013;Europe;France;France;Bikes;Road Bikes;High Income;36-45;Female;Manual;1;3222.71;1401.60;1;SO001629;11047
2013;201308;Q3;Aug 2013;North America;Canada;Canada;Bikes;Mountain Bikes;Middle Income;26-35;Female;Professional;1;6057.82;2368.44;2;SO001630;11339
2013;201308;Q3;Aug 2013;Europe;United Kingdom;United Kingdom;Bikes;Road Bikes;High Income;36-45;Female;Manual;1;4953.56;2218.03;2;SO001631;11428
2013;201308;Q3;Aug 2013;Pacific;Australia;Australia;Bikes;Road Bikes;Middle Income;55+;Male;Professional;0;1076.70;442.72;1;SO001632;11598
2013;201308;Q3;Aug 2013;Pacific;Australia;Australia;Bikes;Touring Bikes;Middle Income;55+;Male;Professional;0;5819.49;2562.94;3;SO001632;11598
2013;201308;Q3;Aug 2013;Pacific;Australia;Australia;Bikes;Touring Bikes;Middle Income;55+;Male;Professional;0;10303.83;4326.32;3;SO001632;11598
2013;201308;Q3;Aug 2013;North America;United States;Southeast;Components;Wheels;Middle Income;26-35;Male;Management;0;44.20;14.25;1;SO001633;11243
2013;201308;Q3;Aug 2013;North America;United States;Southeast;Clothing;Shorts;Middle Income;26-35;Male;Management;0;51.31;22.09;1;SO001633;11243
2013;201308;Q3;Aug 2013;Pacific;Australia;Australia;Bikes;Road Bikes;Low Income;18-25;Female;Professional;1;4536.66;2023.62;2;SO001634;11771
2013;201308;Q3;Aug 2013;Pacific;Australia;Australia;Bikes;Road Bikes;Low Income;18-25;Female;Professional;1;2691.63;1022.18;1;SO001634;11771
2013;201308;Q3;Aug 2013;Europe;Germany;Germany;Clothing;Caps;High Income;36-45;Female;Management;0;64.77;27.57;1;SO001635;11470
2013;201308;Q3;Aug 2013;Europe;United Kingdom;United Kingdom;Accessories;Fenders;Middle Income;46-55;Male;Manual;1;131.60;84.44;2;SO001636;11339
2013;201308;Q3;Aug 2013;Europe;United Kingdom;United Kingdom;Clothing;Shorts;Middle Income;46-55;Male;Manual;1;66.26;27.00;1;SO001636;11339
2013;201308;Q3;Aug 2013;Pacific;Australia;Australia;Bikes;Mountain Bikes;High Income;36-45;Male;Manual;0;1745.85;651.79;1;SO001637;11170
2013;201308;Q3;Aug 2013;Pacific;Australia;Australia;Clothing;Shorts;High Income;36-45;Male;Manual;0;70.92;29.40;1;SO001637;11170
2013;201308;Q3;Aug 2013;Pacific;Australia;Australia;Bikes;Road Bikes;Middle Income;46-55;Female;Skilled Manual;1;4617.38;2015.38;2;SO001638;11851
2013;201308;Q3;Aug 2013;Pacific;Australia;Australia;Bikes;Mountain Bikes;Middle Income;46-55;Female;Skilled Manual;1;1700.76;656.58;1;SO001638;11851
2013;201308;Q3;Aug 2013;North America;United States;Southwest;Accessories;Tires and Tubes;Middle Income;55+;Male;Manual;1;83.87;53.38;1;SO001639;11489
2013;201308;Q3;Aug 2013;Europe;France;France;Bikes;Touring Bikes;Middle Income;55+;Male;Clerical;1;2911.75;1221.50;1;SO001640;11298
2013;201308;Q3;Aug 2013;North America;United States;Northeast;Bikes;Mountain Bikes;Middle Income;46-55;Female;Professional;1;1933.68;808.10;1;SO001641;11434
2013;201308;Q3;Aug 2013;North America;United States;Northeast;Bikes;Touring Bikes;Middle Income;46-55;Female;Professional;1;2965.04;1231.26;1;SO001641;11434
2013;201308;Q3;Aug 2013;Pacific;Australia;Australia;Bikes;Road Bikes;Low Income;26-35;Male;Professional;0;1134.65;503.51;1;SO001642;11211
2013;201308;Q3;Aug 2013;Pacific;Australia;Australia;Bikes;Touring Bikes;Low Income;26-35;Male;Professional;0;2216.06;952.04;1;SO001642;11211
2013;201308;Q3;Aug 2013;Europe;United Kingdom;United Kingdom;Accessories;Helmets;Middle Income;46-55;Male;Manual;1;211.08;138.82;2;SO001643;11312
2013;201308;Q3;Aug 2013;North America;United States;Northeast;Bikes;Mountain Bikes;Low Income;36-45;Male;Professional;1;3167.20;1272.99;1;SO001644;11281
2013;201308;Q3;Aug 2013;North America;United States;Northeast;Components;Saddles;Low Income;36-45;Male;Professional;1;199.12;63.90;1;SO001644;11281
2013;201308;Q3;Aug 2013;Europe;Germany;Germany;Bikes;Touring Bikes;Low Income;36-45;Female;Professional;1;3656.24;1557.71;2;SO001645;11426
2013;201308;Q3;Aug 2013;North America;United States;Southwest;Accessories;Tires and Tubes;High Income;46-55;Female;Manual;0;89.97;58.84;1;SO001646;11507
2013;201308;Q3;Aug 2013;Europe;Germany;Germany;Clothing;Gloves;High Income;36-45;Male;Skilled Manual;1;80.26;33.22;1;SO001647;11157
2013;201308;Q3;Aug 2013;Europe;Germany;Germany;Bikes;Road Bikes;High Income;36-45;Male;Skilled Manual;1;950.15;363.62;1;SO001647;11157
2013;201308;Q3;Aug 2013;Pacific;Australia;Australia;Bikes;Road Bikes;High Income;46-55;Female;Manual;1;2874.93;1068.87;1;SO001648;11186
2013;201308;Q3;Aug 2013;Europe;Germany;Germany;Bikes;Mountain Bikes;Middle Income;55+;Male;Manual;0;2597.24;1018.60;1;SO001649;11492
2013;201308;Q3;Aug 2013;Europe;United Kingdom;United Kingdom;Accessories;Bottles and Cages;Middle Income;55+;Female;Skilled Manual;0;79.07;50.05;1;SO001650;11098
2013;201308;Q3;Aug 2013;North America;United States;Southeast;Bikes;Road Bikes;Middle Income;46-55;Female;Manual;0;2874.62;1246.16;2;SO001651;11487
2013;201308;Q3;Aug 2013;North America;Canada;Canada;Bikes;Touring Bikes;Low Income;55+;Female;Clerical;0;1094.42;405.17;1;SO001652;11215
2013;201308;Q3;Aug 2013;North America;United States;Central;Bikes;Road Bikes;High Income;26-35;Female;Management;1;2006.54;902.00;1;SO001653;11596
2013;201308;Q3;Aug 2013;North America;United States;Central;Accessories;Helmets;High Income;26-35;Female;Management;1;43.30;25.99;1;SO001653;11596
2013;201308;Q3;Aug 2013;Europe;Germany;Germany;Bikes;Road Bikes;Middle Income;36-45;Male;Skilled Manual;1;2101.35;844.96;1;SO001654;11465
2013;201308;Q3;Aug 2013;North America;United States;Southwest;Bikes;Touring Bikes;Middle Income;55+;Female;Skilled Manual;0;1299.19;549.84;1;SO001655;11106
2013;201308;Q3;Aug 2013;North America;United States;Northeast;Accessories;Tires and Tubes;Middle Income;55+;Female;Manual;0;73.75;47.69;1;SO001656;11155
2013;201308;Q3;Aug 2013;North America;United States;Northeast;Bikes;Touring Bikes;Middle Income;55+;Female;Manual;0;1844.60;689.04;1;SO001656;11155
2013;201308;Q3;Aug 2013;Europe;Germany;Germany;Accessories;Tires and Tubes;Middle Income;26-35;Male;Clerical;0;39.57;24.42;1;SO001657;11806
2013;201308;Q3;Aug 2013;Pacific;Australia;Australia;Clothing;Gloves;Middle Income;26-35;Female;Manual;1;86.13;33.41;3;SO001658;11257
2013;201308;Q3;Aug 2013;Pacific;Australia;Australia;Bikes;Road Bikes;Middle Income;26-35;Female;Manual;1;6452.88;2499.46;3;SO001658;11257
2013;201308;Q3;Aug 2013;Pacific;Australia;Australia;Bikes;Road Bikes;Low Income;46-55;Male;Manual;1;787.47;344.68;1;SO001659;11290
2013;201308;Q3;Aug 2013;North America;United States;Northwest;Bikes;Touring Bikes;High Income;46-55;Female;Manual;0;2181.21;861.81;1;SO001660;11776
2013;201308;Q3;Aug 2013;Pacific;Australia;Australia;Accessories;Tires and Tubes;Low Income;55+;Male;Manual;1;287.76;178.11;3;SO001661;11100
2013;201308;Q3;Aug 2013;Pacific;Australia;Australia;Bikes;Touring Bikes;Middle Income;46-55;Male;Clerical;0;2881.45;1289.05;1;SO001662;11245
2013;201308;Q3;Aug 2013;Europe;Germany;Germany;Bikes;Road Bikes;High Income;46-55;Male;Skilled Manual;0;2478.71;1110.58;1;SO001663;11236
2013;201308;Q3;Aug 2013;Pacific;Australia;Australia;Bikes;Mountain Bikes;Middle Income;55+;Female;Clerical;0;2849.40;1276.16;1;SO001664;11232
2013;201308;Q3;Aug 2013;Pacific;Australia;Australia;Accessories;Helmets;Middle Income;55+;Female;Clerical;0;247.38;148.00;3;SO001664;11232
2013;201308;Q3;Aug 2013;Pacific;Australia;Australia;Bikes;Touring Bikes;Middle Income;55+;Female;Clerical;0;1721.32;748.95;1;SO001664;11232
2013;201308;Q3;Aug 2013;Europe;Germany;Germany;Components;Brakes;High Income;46-55;Female;Management;1;273.03;98.59;1;SO001665;11399
2013;201308;Q3;Aug 2013;Europe;Germany;Germany;Bikes;Touring Bikes;High Income;46-55;Female;Management;1;2968.69;1258.06;1;SO001665;11399
2013;201308;Q3;Aug 2013;Europe;United Kingdom;United Kingdom;Bikes;Mountain Bikes;Low Income;46-55;Male;Skilled Manual;0;2911.21;1204.44;1;SO001666;11200
2013;201308;Q3;Aug 2013;Europe;United Kingdom;United Kingdom;Clothing;Gloves;Low Income;46-55;Male;Skilled Manual;0;153.40;65.84;2;SO001666;11200
2013;201308;Q3;Aug 2013;Europe;France;France;Bikes;Touring Bikes;Middle Income;36-45;Female;Clerical;1;2968.92;1318.09;2;SO001667;11403
2013;201308;Q3;Aug 2013;Europe;France;France;Bikes;Mountain Bikes;Middle Income;36-45;Female;Clerical;1;5250.18;2222.18;2;SO001667;11403
2013;201308;Q3;Aug 2013;Europe;Germany;Germany;Bikes;Mountain Bikes;Low Income;46-55;Female;Management;0;2514.59;1039.00;1;SO001668;11782
2013;201308;Q3;Aug 2013;Europe;Germany;Germany;Accessories;Bottles and Cages;Low Income;46-55;Female;Management;0;114.39;70.27;1;SO001668;11782
2013;201308;Q3;Aug 2013;Europe;United Kingdom;United Kingdom;Components;Handlebars;High Income;55+;Female;Clerical;0;152.16;48.61;1;SO001669;11308
2013;201308;Q3;Aug 2013;Europe;France;France;Bikes;Road Bikes;Low Income;46-55;Male;Clerical;0;6037.20;2467.00;3;SO001670;11273
2013;201308;Q3;Aug 2013;Pacific;Australia;Australia;Bikes;Touring Bikes;Middle Income;46-55;Male;Manual;0;707.23;285.50;1;SO001671;11749
2013;201308;Q3;Aug 2013;Pacific;Australia;Australia;Bikes;Mountain Bikes;Middle Income;46-55;Male;Manual;0;1219.52;460.37;1;SO001671;11749
2013;201308;Q3;Aug 2013;North America;United States;Central;Clothing;Gloves;Middle Income;46-55;Male;Skilled Manual;0;82.02;33.93;1;SO001672;11150
2013;201308;Q3;Aug 2013;Europe;Germany;Germany;Accessories;Fenders;High Income;36-45;Female;Clerical;1;87.56;55.58;1;SO001673;11396
2013;201308;Q3;Aug 2013;North America;Canada;Canada;Bikes;Mountain Bikes;Middle Income;55+;Male;Manual;1;2553.61;968.23;1;SO001674;11236
2013;201308;Q3;Aug 2013;North America;Canada;Canada;Components;Saddles;Middle Income;55+;Male;Manual;1;96.76;29.56;1;SO001674;11236
2013;201308;Q3;Aug 2013;Pacific;Australia;Australia;Bikes;Road Bikes;Low Income;55+;Male;Manual;1;3390.03;1504.43;1;SO001675;11884
2013;201308;Q3;Aug 2013;Pacific;Australia;Australia;Bikes;Mountain Bikes;High Income;55+;Female;Management;1;2757.92;1187.39;1;SO001676;11068
2013;201308;Q3;Aug 2013;Pacific;Australia;Australia;Bikes;Touring Bikes;High Income;55+;Female;Management;1;2919.47;1200.35;1;SO001676;11068
2013;201308;Q3;Aug 2013;Europe;Germany;Germany;Clothing;Jerseys;Low Income;55+;Male;Manual;1;45.35;17.19;1;SO001677;11144
2013;201308;Q3;Aug 2013;North America;United States;Northwest;Accessories;Helmets;Middle Income;46-55;Female;Clerical;0;23.74;13.92;1;SO001678;11822
2013;201308;Q3;Aug 2013;North America;United States;Northwest;Bikes;Mountain Bikes;Middle Income;46-55;Female;Clerical;0;2220.62;855.28;1;SO001678;11822
2013;201308;Q3;Aug 2013;North America;United States;Central;Bikes;Touring Bikes;High Income;46-55;Female;Manual;0;2079.79;851.54;1;SO001679;11585
2013;201308;Q3;Aug 2013;North America;United States;Central;Clothing;Jerseys;High Income;46-55;Female;Manual;0;44.18;17.67;1;SO001679;11585
2013;201308;Q3;Aug 2013;North America;United States;Central;Clothing;Shorts;High Income;46-55;Female;Manual;0;37.76;16.41;1;SO001679;11585
2013;201308;Q3;Aug 2013;North America;United States;Northwest;Bikes;Touring Bikes;High Income;36-45;Male;Manual;1;2816.95;1144.48;1;SO001680;11391
2013;201308;Q3;Aug 2013;Pacific;Australia;Australia;Bikes;Touring Bikes;High Income;46-55;Male;Professional;1;6614.84;2870.33;2;SO001681;11852
2013;201308;Q3;Aug 2013;North America;Canada;Canada;Bikes;Touring Bikes;High Income;55+;Female;Management;0;5591.14;2391.92;2;SO001682;11465
2013;201308;Q3;Aug 2013;North America;United States;Southeast;Bikes;Touring Bikes;High Income;36-45;Female;Professional;0;4685.24;1996.25;2;SO001683;11462
2013;201308;Q3;Aug 2013;Europe;United Kingdom;United Kingdom;Clothing;Gloves;High Income;46-55;Female;Clerical;0;51.85;21.90;1;SO001684;11449
2013;201308;Q3;Aug 2013;Europe;United Kingdom;United Kingdom;Accessories;Tires and Tubes;High Income;46-55;Female;Clerical;0;175.16;105.78;2;SO001684;11449
2013;201308;Q3;Aug 2013;Pacific;Australia;Australia;Bikes;Touring Bikes;Low Income;26-35;Female;Clerical;1;3742.64;1522.91;2;SO001685;11488
2013;201308;Q3;Aug 2013;Pacific;Australia;Australia;Bikes;Road Bikes;Low Income;26-35;Female;Clerical;1;1784.72;742.67;1;SO001685;11488
2013;201308;Q3;Aug 2013;Pacific;Australia;Australia;Bikes;Touring Bikes;High Income;55+;Male;Manual;0;3103.16;1332.28;1;SO001686;11303
2013;201308;Q3;Aug 2013;Pacific;Australia;Australia;Bikes;Road Bikes;High Income;55+;Male;Manual;0;2352.37;982.81;1;SO001686;11303
2013;201308;Q3;Aug 2013;Europe;France;France;Accessories;Fenders;Low Income;46-55;Female;Manual;1;214.78;132.12;2;SO001687;11886
2013;201308;Q3;Aug 2013;Pacific;Australia;Australia;Bikes;Mountain Bikes;Middle Income;55+;Female;Management;1;5924.22;2629.31;2;SO001688;11383
2013;201308;Q3;Aug 2013;North America;Canada;Canada;Accessories;Bottles and Cages;Low Income;46-55;Male;Skilled Manual;0;96.19;58.92;1;SO001689;11071
2013;201308;Q3;Aug 2013;Europe;France;France;Accessories;Bottles and Cages;Low Income;36-45;Male;Professional;0;48.59;31.24;1;SO001690;11668
2013;201308;Q3;Aug 2013;Europe;United Kingdom;United Kingdom;Accessories;Helmets;High Income;55+;Female;Manual;1;44.54;26.30;1;SO001691;11833
2013;201308;Q3;Aug 2013;Europe;United Kingdom;United Kingdom;Bikes;Touring Bikes;High Income;55+;Female;Manual;1;3209.46;1223.59;2;SO001691;11833
2013;201308;Q3;Aug 2013;North America;United States;Central;Bikes;Touring Bikes;Middle Income;46-55;Male;Professional;1;4511.84;1773.07;2;SO001692;11312
2013;201308;Q3;Aug 2013;North America;United States;Central;Bikes;Road Bikes;Middle Income;46-55;Male;Professional;1;1026.05;427.14;1;SO001692;11312
2013;201309;Q3;Sep 2013;Pacific;Australia;Australia;Components;Saddles;Middle Income;46-55;Female;Management;0;358.46;111.32;2;SO001693;11818
2013;201309;Q3;Sep 2013;Europe;Germany;Germany;Bikes;Mountain Bikes;Middle Income;55+;Female;Manual;1;2721.90;1214.18;1;SO001694;11341
2013;201309;Q3;Sep 2013;North America;United States;Northwest;Components;Wheels;High Income;26-35;Male;Manual;1;1190.46;420.17;3;SO001695;11172
2013;201309;Q3;Sep 2013;Europe;Germany;Germany;Bikes;Road Bikes;Low Income;55+;Female;Management;0;2932.17;1125.64;1;SO001696;11552
2013;201309;Q3;Sep 2013;North America;United States;Central;Bikes;Touring Bikes;Middle Income;36-45;Female;Professional;0;2018.82;750.09;1;SO001697;11837
2013;201309;Q3;Sep 2013;Europe;United Kingdom;United Kingdom;Bikes;Touring Bikes;Middle Income;36-45;Male;Management;0;710.15;303.84;1;SO001698;11080
2013;201309;Q3;Sep 2013;Pacific;Australia;Australia;Accessories;Helmets;High Income;26-35;Female;Manual;1;107.13;65.61;1;SO001699;11500
2013;201309;Q3;Sep 2013;Pacific;Australia;Australia;Bikes;Road Bikes;High Income;26-35;Female;Manual;1;2771.22;1198.26;1;SO001699;11500
2013;201309;Q3;Sep 2013;North America;United States;Central;Bikes;Road Bikes;Middle Income;36-45;Male;Management;1;2219.99;988.14;1;SO001700;11364
2013;201309;Q3;Sep 2013;North America;United States;Central;Bikes;Touring Bikes;High Income;46-55;Female;Management;0;1458.60;545.40;2;SO001701;11193
2013;201309;Q3;Sep 2013;North America;United States;Central;Bikes;Road Bikes;High Income;46-55;Female;Management;0;3437.91;1314.25;1;SO001701;11193
2013;201309;Q3;Sep 2013;Pacific;Australia;Australia;Bikes;Mountain Bikes;Middle Income;55+;Female;Manual;0;2722.63;1130.54;1;SO001702;11137
2013;201309;Q3;Sep 2013;Pacific;Australia;Australia;Bikes;Road Bikes;Middle Income;55+;Female;Manual;0;777.58;295.74;1;SO001702;11137
2013;201309;Q3;Sep 2013;Pacific;Australia;Australia;Bikes;Touring Bikes;Low Income;46-55;Female;Management;0;710.50;278.16;1;SO001703;11075
2013;201309;Q3;Sep 2013;Europe;Germany;Germany;Clothing;Jerseys;Middle Income;46-55;Male;Skilled Manual;1;34.77;14.20;1;SO001704;11662
2013;201309;Q3;Sep 2013;Europe;Germany;Germany;Bikes;Road Bikes;Middle Income;46-55;Male;Skilled Manual;1;3426.07;1515.43;1;SO001704;11662
2013;201309;Q3;Sep 2013;Europe;Germany;Germany;Bikes;Road Bikes;Middle Income;46-55;Male;Skilled Manual;1;3105.79;1396.34;1;SO001704;11662
2013;201309;Q3;Sep 2013;Europe;France;France;Bikes;Touring Bikes;Middle Income;46-55;Male;Manual;1;3291.89;1280.61;1;SO001705;11317
2013;201309;Q3;Sep 2013;North America;United States;Central;Accessories;Fenders;High Income;55+;Female;Clerical;0;106.41;63.91;1;SO001706;11071
2013;201309;Q3;Sep 2013;North America;United States;Central;Bikes;Road Bikes;High Income;55+;Female;Clerical;0;3173.36;1392.45;1;SO001706;11071
2013;201309;Q3;Sep 2013;Europe;Germany;Germany;Clothing;Shorts;Low Income;55+;Female;Skilled Manual;1;56.30;23.31;1;SO001707;11637
2013;201309;Q3;Sep 2013;Europe;Germany;Germany;Accessories;Fenders;High Income;36-45;Male;Skilled Manual;0;231.15;147.40;3;SO001708;11044
2013;201309;Q3;Sep 2013;North America;United States;Central;Bikes;Mountain Bikes;Low Income;55+;Female;Management;1;2644.66;1183.54;1;SO001709;11581
2013;201309;Q3;Sep 2013;North America;United States;Southwest;Bikes;Touring Bikes;Middle Income;36-45;Male;Management;1;5419.86;2121.74;2;SO001710;11853
2013;201309;Q3;Sep 2013;North America;United States;Southwest;Clothing;Jerseys;Middle Income;36-45;Male;Management;1;202.53;75.31;3;SO001710;11853
2013;201309;Q3;Sep 2013;North America;United States;Northwest;Bikes;Road Bikes;High Income;36-45;Male;Clerical;1;3415.04;1267.05;1;SO001711;11247
2013;201309;Q3;Sep 2013;North America;United States;Northwest;Bikes;Mountain Bikes;High Income;36-45;Male;Clerical;1;1052.45;440.80;1;SO001711;11247
2013;201309;Q3;Sep 2013;North America;United States;Northwest;Bikes;Road Bikes;High Income;36-45;Male;Clerical;1;3458.15;1355.01;1;SO001711;11247
2013;201309;Q3;Sep 2013;North America;United States;Northeast;Clothing;Caps;Middle Income;55+;Female;Manual;1;151.62;55.58;2;SO001712;11820
2013;201309;Q3;Sep 2013;North America;United States;Northeast;Bikes;Touring Bikes;Middle Income;55+;Female;Manual;1;1172.67;474.35;1;SO001712;11820
2013;201309;Q3;Sep 2013;Europe;United Kingdom;United Kingdom;Bikes;Touring Bikes;High Income;36-45;Female;Professional;0;806.22;360.95;1;SO001713;11167
2013;201309;Q3;Sep 2013;Europe;United Kingdom;United Kingdom;Bikes;Road Bikes;High Income;36-45;Female;Professional;0;3676.84;1614.77;2;SO001713;11167
2013;201309;Q3;Sep 2013;North America;United States;Northeast;Bikes;Road Bikes;Middle Income;46-55;Female;Skilled Manual;1;1396.04;561.27;1;SO001714;11660
2013;201309;Q3;Sep 2013;North America;United States;Northeast;Bikes;Mountain Bikes;Middle Income;46-55;Female;Skilled Manual;1;5599.58;2400.97;2;SO001714;11660
2013;201309;Q3;Sep 2013;Europe;France;France;Bikes;Mountain Bikes;High Income;36-45;Male;Skilled Manual;0;3090.28;1326.19;1;SO001715;11453
2013;201309;Q3;Sep 2013;Europe;France;France;Accessories;Bottles and Cages;High Income;36-45;Male;Skilled Manual;0;168.44;100.05;2;SO001715;11453
2013;201309;Q3;Sep 2013;Pacific;Australia;Australia;Bikes;Road Bikes;Middle Income;36-45;Male;Management;0;2461.40;1075.78;1;SO001716;11480
2013;201309;Q3;Sep 2013;North America;United States;Northeast;Components;Brakes;Middle Income;26-35;Male;Management;1;287.82;90.74;1;SO001717;11213
2013;201309;Q3;Sep 2013;North America;United States;Northeast;Clothing;Gloves;Middle Income;26-35;Male;Management;1;36.11;13.13;1;SO001717;11213
2013;201309;Q3;Sep 2013;Pacific;Australia;Australia;Bikes;Road Bikes;Low Income;26-35;Male;Professional;1;3105.76;1162.58;1;SO001718;11074
2013;201309;Q3;Sep 2013;Pacific;Australia;Australia;Accessories;Tires and Tubes;Low Income;26-35;Male;Professional;1;85.30;51.34;1;SO001718;11074
2013;201309;Q3;Sep 2013;Europe;Germany;Germany;Bikes;Mountain Bikes;High Income;46-55;Male;Professional;0;1351.20;586.51;1;SO001719;11155
2013;201309;Q3;Sep 2013;Europe;France;France;Bikes;Touring Bikes;Middle Income;55+;Female;Professional;1;3390.79;1507.30;1;SO001720;11036
2013;201309;Q3;Sep 2013;Europe;France;France;Components;Saddles;Middle Income;55+;Female;Professional;1;358.32;132.10;1;SO001720;11036
2013;201309;Q3;Sep 2013;Pacific;Australia;Australia;Bikes;Mountain Bikes;High Income;46-55;Male;Management;0;3811.26;1637.31;2;SO001721;11321
2013;201309;Q3;Sep 2013;Pacific;Australia;Australia;Bikes;Mountain Bikes;High Income;46-55;Male;Management;0;3143.30;1328.27;1;SO001721;11321
2013;201309;Q3;Sep 2013;Pacific;Australia;Australia;Clothing;Caps;High Income;46-55;Male;Management;0;29.20;12.55;1;SO001721;11321
2013;201309;Q3;Sep 2013;Pacific;Australia;Australia;Bikes;Touring Bikes;Middle Income;36-45;Male;Skilled Manual;1;1947.10;857.08;1;SO001722;11000
2013;201309;Q3;Sep 2013;North America;United States;Northeast;Bikes;Road Bikes;Middle Income;46-55;Male;Manual;0;3738.54;1411.99;2;SO001723;11313
2013;201309;Q3;Sep 2013;Europe;United Kingdom;United Kingdom;Clothing;Caps;Middle Income;46-55;Male;Manual;0;47.01;17.84;1;SO001724;11051
2013;201309;Q3;Sep 2013;North America;United States;Central;Components;Brakes;Middle Income;46-55;Female;Professional;1;986.25;348.02;3;SO001725;11535
2013;201309;Q3;Sep 2013;North America;United States;Central;Bikes;Road Bikes;Middle Income;46-55;Female;Professional;1;4403.30;1685.69;2;SO001725;11535
2013;201309;Q3;Sep 2013;North America;United States;Central;Bikes;Touring Bikes;Middle Income;46-55;Female;Professional;1;2041.67;780.91;1;SO001725;11535
2013;201309;Q3;Sep 2013;North America;United States;Northwest;Bikes;Mountain Bikes;High Income;55+;Male;Skilled Manual;1;1491.61;607.52;1;SO001726;11499
2013;201309;Q3;Sep 2013;Europe;United Kingdom;United Kingdom;Bikes;Touring Bikes;High Income;36-45;Female;Manual;1;3468.21;1386.24;1;SO001727;11228
2013;201309;Q3;Sep 2013;Europe;United Kingdom;United Kingdom;Accessories;Tires and Tubes;High Income;36-45;Female;Manual;1;224.61;133.95;3;SO001727;11228
2013;201309;Q3;Sep 2013;Europe;United Kingdom;United Kingdom;Bikes;Mountain Bikes;High Income;36-45;Female;Manual;1;2046.26;849.49;1;SO001727;11228
2013;201309;Q3;Sep 2013;Pacific;Australia;Australia;Bikes;Road Bikes;Middle Income;26-35;Female;Clerical;0;2572.74;1115.66;1;SO001728;11445
2013;201309;Q3;Sep 2013;Pacific;Australia;Australia;Bikes;Touring Bikes;Low Income;55+;Male;Clerical;0;1678.57;733.19;1;SO001729;11840
2013;201309;Q3;Sep 2013;Pacific;Australia;Australia;Bikes;Road Bikes;Low Income;46-55;Female;Clerical;0;2260.19;855.85;1;SO001730;11354
2013;201309;Q3;Sep 2013;North America;United States;Southeast;Bikes;Touring Bikes;Low Income;36-45;Female;Management;0;3371.02;1504.91;1;SO001731;11801
2013;201309;Q3;Sep 2013;North America;United States;Southeast;Bikes;Road Bikes;Low Income;36-45;Female;Management;0;861.85;342.47;1;SO001731;11801
2013;201309;Q3;Sep 2013;Europe;France;France;Bikes;Touring Bikes;Middle Income;46-55;Male;Manual;1;1078.29;431.53;1;SO001732;11604
2013;201309;Q3;Sep 2013;North America;United States;Northeast;Bikes;Mountain Bikes;High Income;55+;Male;Manual;0;1514.94;598.45;1;SO001733;11401
2013;201309;Q3;Sep 2013;North America;United States;Northeast;Accessories;Bottles and Cages;High Income;55+;Male;Manual;0;184.65;121.48;3;SO001733;11401
2013;201309;Q3;Sep 2013;North America;United States;Central;Bikes;Touring Bikes;Middle Income;55+;Female;Skilled Manual;1;1245.02;470.60;1;SO001734;11284
2013;201309;Q3;Sep 2013;North America;United States;Central;Accessories;Fenders;Middle Income;55+;Female;Skilled Manual;1;43.73;26.95;1;SO001734;11284
2013;201309;Q3;Sep 2013;North America;Canada;Canada;Bikes;Road Bikes;Low Income;26-35;Male;Management;0;2010.67;881.17;1;SO001735;11335
2013;201309;Q3;Sep 2013;North America;Canada;Canada;Components;Brakes;Low Income;26-35;Male;Management;0;76.25;25.13;1;SO001735;11335
2013;201309;Q3;Sep 2013;Europe;United Kingdom;United Kingdom;Bikes;Road Bikes;Low Income;46-55;Male;Manual;0;2218.34;841.15;1;SO001736;11577
2013;201309;Q3;Sep 2013;North America;United States;Northeast;Bikes;Mountain Bikes;Middle Income;46-55;Female;Clerical;0;1613.88;658.29;1;SO001737;11184
2013;201309;Q3;Sep 2013;North America;United States;Central;Bikes;Road Bikes;High Income;55+;Female;Skilled Manual;1;1117.69;461.53;1;SO001738;11626
2013;201309;Q3;Sep 2013;Pacific;Australia;Australia;Bikes;Mountain Bikes;Low Income;46-55;Female;Professional;1;6280.34;2782.64;2;SO001739;11856
2013;201309;Q3;Sep 2013;Europe;United Kingdom;United Kingdom;Bikes;Touring Bikes;Middle Income;55+;Male;Skilled Manual;0;1773.06;659.51;1;SO001740;11032
2013;201309;Q3;Sep 2013;Europe;United Kingdom;United Kingdom;Bikes;Mountain Bikes;Middle Income;55+;Male;Skilled Manual;0;4580.02;1967.34;2;SO001740;11032
2013;201309;Q3;Sep 2013;North America;United States;Central;Accessories;Fenders;High Income;46-55;Female;Clerical;0;81.94;48.91;1;SO001741;11850
2013;201309;Q3;Sep 2013;North America;United States;Central;Bikes;Mountain Bikes;High Income;46-55;Female;Clerical;0;919.78;347.18;1;SO001741;11850
2013;201309;Q3;Sep 2013;North America;United States;Northwest;Bikes;Mountain Bikes;Low Income;55+;Male;Skilled Manual;0;1348.08;532.75;1;SO001742;11773
2013;201309;Q3;Sep 2013;North America;United States;Northwest;Bikes;Touring Bikes;Low Income;55+;Male;Skilled Manual;0;1567.21;636.34;1;SO001742;11773
2013;201309;Q3;Sep 2013;North America;United States;Northwest;Bikes;Road Bikes;Low Income;55+;Male;Skilled Manual;0;2785.55;1207.23;1;SO001742;11773
2013;201309;Q3;Sep 2013;Europe;France;France;Bikes;Road Bikes;Middle Income;36-45;Female;Manual;0;3380.64;1497.06;2;SO001743;11826
2013;201309;Q3;Sep 2013;North America;United States;Northeast;Bikes;Road Bikes;High Income;36-45;Female;Clerical;1;1301.42;584.92;1;SO001744;11278
2013;201309;Q3;Sep 2013;North America;United States;Northeast;Bikes;Road Bikes;High Income;36-45;Female;Clerical;1;2325.75;1031.91;1;SO001744;11278
2013;201309;Q3;Sep 2013;Pacific;Australia;Australia;Clothing;Caps;Low Income;26-35;Male;Clerical;1;74.88;31.95;3;SO001745;11537
2013;201309;Q3;Sep 2013;North America;United States;Southeast;Components;Saddles;High Income;46-55;Male;Professional;0;355.30;107.62;1;SO001746;11017
2013;201309;Q3;Sep 2013;Europe;France;France;Bikes;Road Bikes;Middle Income;36-45;Male;Management;1;1486.52;584.57;1;SO001747;11027
2013;201309;Q3;Sep 2013;Pacific;Australia;Australia;Bikes;Touring Bikes;High Income;46-55;Female;Manual;1;2962.75;1102.23;1;SO001748;11533
2013;201309;Q3;Sep 2013;Europe;France;France;Accessories;Bottles and Cages;High Income;18-25;Male;Clerical;1;41.02;26.77;1;SO001749;11054
2013;201309;Q3;Sep 2013;Europe;France;France;Accessories;Bottles and Cages;High Income;18-25;Male;Clerical;1;224.88;138.42;2;SO001749;11054
2013;201309;Q3;Sep 2013;Europe;France;France;Bikes;Mountain Bikes;High Income;18-25;Male;Clerical;1;2306.46;993.42;1;SO001749;11054
2013;201309;Q3;Sep 2013;North America;United States;Northwest;Components;Handlebars;Middle Income;18-25;Male;Skilled Manual;1;312.28;104.87;1;SO001750;11852
2013;201309;Q3;Sep 2013;North America;United States;Central;Bikes;Mountain Bikes;Middle Income;46-55;Female;Skilled Manual;1;2603.18;1133.64;1;SO001751;11232
2013;201309;Q3;Sep 2013;North America;United States;Central;Accessories;Tires and Tubes;Middle Income;46-55;Female;Skilled Manual;1;5.15;3.37;1;SO001751;11232
2013;201309;Q3;Sep 2013;North America;United States;Central;Bikes;Touring Bikes;Middle Income;46-55;Female;Skilled Manual;1;2339.87;899.47;1;SO001751;11232
2013;201309;Q3;Sep 2013;Pacific;Australia;Australia;Bikes;Mountain Bikes;Low Income;46-55;Male;Manual;1;3918.24;1627.77;3;SO001752;11641
2013;201309;Q3;Sep 2013;Pacific;Australia;Australia;Bikes;Road Bikes;Low Income;46-55;Male;Manual;1;1133.36;465.27;1;SO001752;11641
2013;201309;Q3;Sep 2013;Europe;United Kingdom;United Kingdom;Components;Wheels;High Income;55+;Female;Manual;1;221.16;74.83;2;SO001753;11734
2013;201309;Q3;Sep 2013;Europe;United Kingdom;United Kingdom;Clothing;Caps;High Income;55+;Female;Manual;1;38.25;14.01;1;SO001753;11734
2013;201309;Q3;Sep 2013;North America;United States;Northeast;Bikes;Mountain Bikes;High Income;55+;Female;Manual;1;2265.80;856.70;1;SO001754;11247
2013;201309;Q3;Sep 2013;North America;United States;Southwest;Bikes;Touring Bikes;Middle Income;26-35;Male;Clerical;0;1226.34;539.78;1;SO001755;11893
2013;201309;Q3;Sep 2013;North America;United States;Southwest;Accessories;Tires and Tubes;Middle Income;55+;Female;Professional;0;5.56;3.61;1;SO001756;11768
2013;201309;Q3;Sep 2013;North America;United States;Southwest;Accessories;Bottles and Cages;Middle Income;55+;Female;Professional;0;20.22;12.85;1;SO001756;11768
2013;201309;Q3;Sep 2013;North America;United States;Southwest;Components;Saddles;Middle Income;55+;Female;Professional;0;383.79;144.76;1;SO001756;11768
2013;201309;Q3;Sep 2013;North America;United States;Central;Bikes;Mountain Bikes;High Income;55+;Female;Professional;0;2894.56;1255.38;1;SO001757;11370
2013;201309;Q3;Sep 2013;North America;Canada;Canada;Bikes;Touring Bikes;Low Income;36-45;Male;Clerical;0;1406.66;607.26;1;SO001758;11113
2013;201309;Q3;Sep 2013;North America;Canada;Canada;Accessories;Helmets;Low Income;36-45;Male;Clerical;0;15.09;9.03;1;SO001758;11113
2013;201309;Q3;Sep 2013;North America;Canada;Canada;Accessories;Fenders;Middle Income;36-45;Female;Clerical;0;27.61;18.07;1;SO001759;11048
2013;201309;Q3;Sep 2013;North America;Canada;Canada;Bikes;Road Bikes;Middle Income;36-45;Female;Clerical;0;2181.83;893.47;1;SO001759;11048
2013;201309;Q3;Sep 2013;Europe;France;France;Bikes;Mountain Bikes;Middle Income;46-55;Female;Skilled Manual;1;4369.72;1664.41;2;SO001760;11477
2013;201309;Q3;Sep 2013;North America;United States;Northeast;Bikes;Touring Bikes;High Income;46-55;Female;Skilled Manual;0;2709.80;1182.23;1;SO001761;11143
2013;201309;Q3;Sep 2013;North America;United States;Southwest;Bikes;Touring Bikes;High Income;55+;Female;Manual;0;885.13;387.52;1;SO001762;11159
2013;201309;Q3;Sep 2013;North America;United States;Northeast;Components;Wheels;Low Income;55+;Male;Manual;0;570.96;211.74;2;SO001763;11444
2013;201309;Q3;Sep 2013;North America;United States;Northeast;Accessories;Fenders;Low Income;55+;Male;Manual;0;219.64;130.46;2;SO001763;11444
2013;201309;Q3;Sep 2013;North America;United States;Central;Clothing;Caps;Middle Income;55+;Female;Management;0;76.14;31.58;2;SO001764;11616
2013;201309;Q3;Sep 2013;Europe;United Kingdom;United Kingdom;Clothing;Jerseys;High Income;55+;Female;Manual;1;74.82;28.27;1;SO001765;11285
2013;201309;Q3;Sep 2013;Pacific;Australia;Australia;Clothing;Shorts;Middle Income;46-55;Female;Manual;1;123.14;50.83;2;SO001766;11047
2013;201309;Q3;Sep 2013;North America;United States;Southeast;Bikes;Road Bikes;Middle Income;36-45;Female;Manual;1;2626.67;975.19;1;SO001767;11710
2013;201309;Q3;Sep 2013;North America;United States;Southeast;Accessories;Fenders;Middle Income;36-45;Female;Manual;1;176.46;103.99;3;SO001767;11710
2013;201309;Q3;Sep 2013;North America;United States;Southeast;Bikes;Touring Bikes;Middle Income;36-45;Female;Manual;1;5420.28;2015.25;3;SO001767;11710
2013;201309;Q3;Sep 2013;North America;United States;Central;Accessories;Fenders;Middle Income;46-55;Male;Management;1;31.15;19.20;1;SO001768;11149
2013;201309;Q3;Sep 2013;Pacific;Australia;Australia;Accessories;Bottles and Cages;High Income;55+;Female;Skilled Manual;0;56.92;36.12;1;SO001769;11815
2013;201309;Q3;Sep 2013;North America;United States;Northeast;Bikes;Road Bikes;High Income;55+;Female;Professional;0;2528.22;1109.96;1;SO001770;11075
2013;201309;Q3;Sep 2013;North America;United States;Northeast;Bikes;Mountain Bikes;High Income;55+;Female;Professional;0;2255.71;966.40;1;SO001770;11075
2013;201309;Q3;Sep 2013;North America;United States;Northwest;Components;Wheels;High Income;46-55;Female;Clerical;0;116.42;37.28;1;SO001771;11164
2013;201309;Q3;Sep 2013;Pacific;Australia;Australia;Accessories;Bottles and Cages;Low Income;55+;Male;Professional;0;78.22;46.80;1;SO001772;11652
2013;201309;Q3;Sep 2013;Pacific;Australia;Australia;Bikes;Road Bikes;Low Income;55+;Male;Professional;0;3027.40;1204.65;2;SO001772;11652
2013;201309;Q3;Sep 2013;North America;United States;Northeast;Bikes;Touring Bikes;Low Income;46-55;Male;Manual;1;2609.26;998.86;1;SO001773;11188
2013;201309;Q3;Sep 2013;Europe;United Kingdom;United Kingdom;Bikes;Touring Bikes;Middle Income;36-45;Male;Manual;1;3379.59;1489.72;1;SO001774;11627
2013;201309;Q3;Sep 2013;Pacific;Australia;Australia;Bikes;Mountain Bikes;Middle Income;55+;Male;Management;1;1871.36;841.52;1;SO001775;11033
2013;201309;Q3;Sep 2013;Pacific;Australia;Australia;Bikes;Mountain Bikes;Middle Income;55+;Male;Management;1;1129.91;477.20;1;SO001775;11033
2013;201309;Q3;Sep 2013;North America;United States;Northeast;Bikes;Mountain Bikes;Middle Income;55+;Female;Management;1;8547.18;3259.24;3;SO001776;11236
2013;201309;Q3;Sep 2013;North America;United States;Central;Clothing;Caps;Low Income;46-55;Female;Management;0;78.53;31.23;1;SO001777;11573
2013;201309;Q3;Sep 2013;North America;United States;Northeast;Bikes;Mountain Bikes;Low Income;18-25;Female;Skilled Manual;1;1438.93;585.85;1;SO001778;11692
2013;201309;Q3;Sep 2013;Europe;United Kingdom;United Kingdom;Bikes;Road Bikes;Middle Income;55+;Male;Professional;1;2324.30;936.76;1;SO001779;11031
2013;201309;Q3;Sep 2013;Europe;United Kingdom;United Kingdom;Accessories;Helmets;Middle Income;55+;Male;Professional;1;39.01;23.00;1;SO001779;11031
2013;201309;Q3;Sep 2013;North America;United States;Northwest;Accessories;Bottles and Cages;Middle Income;55+;Female;Manual;1;101.19;64.42;1;SO001780;11006
2013;201309;Q3;Sep 2013;North America;United States;Northeast;Accessories;Tires and Tubes;Middle Income;26-35;Male;Skilled Manual;0;110.94;70.91;1;SO001781;11381
2013;201309;Q3;Sep 2013;North America;United States;Northeast;Components;Handlebars;Middle Income;26-35;Male;Skilled Manual;0;226.11;84.81;1;SO001781;11381
2013;201309;Q3;Sep 2013;North America;United States;Northeast;Accessories;Bottles and Cages;Middle Income;26-35;Male;Skilled Manual;0;10.37;6.10;1;SO001781;11381
2013;201309;Q3;Sep 2013;Europe;France;France;Bikes;Touring Bikes;High Income;36-45;Female;Management;1;813.06;306.20;1;SO001782;11118
2013;201309;Q3;Sep 2013;North America;United States;Central;Accessories;Helmets;Low Income;36-45;Female;Skilled Manual;0;109.30;70.38;2;SO001783;11455
2013;201309;Q3;Sep 2013;North America;United States;Central;Clothing;Shorts;Low Income;36-45;Female;Skilled Manual;0;58.38;23.86;2;SO001783;11455
2013;201309;Q3;Sep 2013;Pacific;Australia;Australia;Accessories;Tires and Tubes;High Income;55+;Female;Manual;0;55.94;34.44;1;SO001784;11225
2013;201309;Q3;Sep 2013;North America;Canada;Canada;Bikes;Road Bikes;Low Income;36-45;Female;Manual;0;3420.38;1386.53;1;SO001785;11613
2013;201309;Q3;Sep 2013;North America;United States;Northwest;Bikes;Mountain Bikes;Low Income;46-55;Female;Manual;1;5092.06;2276.87;2;SO001786;11256
2013;201309;Q3;Sep 2013;North America;United States;Northwest;Bikes;Mountain Bikes;Low Income;46-55;Female;Manual;1;2686.10;1121.74;1;SO001786;11256
2013;201309;Q3;Sep 2013;North America;United States;Northwest;Bikes;Mountain Bikes;Low Income;46-55;Female;Manual;1;3744.36;1522.76;3;SO001786;11256
2013;201309;Q3;Sep 2013;Europe;United Kingdom;United Kingdom;Clothing;Jerseys;Middle Income;55+;Male;Professional;1;142.28;57.73;2;SO001787;11697
2013;201309;Q3;Sep 2013;North America;Canada;Canada;Clothing;Gloves;Middle Income;55+;Female;Clerical;0;67.37;28.29;1;SO001788;11773
2013;201309;Q3;Sep 2013;North America;Canada;Canada;Clothing;Shorts;Middle Income;55+;Female;Clerical;0;60.38;23.50;2;SO001788;11773
2013;201309;Q3;Sep 2013;North America;Canada;Canada;Accessories;Fenders;Middle Income;55+;Female;Clerical;0;17.07;10.96;1;SO001788;11773
2013;201309;Q3;Sep 2013;Europe;United Kingdom;United Kingdom;Accessories;Tires and Tubes;Middle Income;36-45;Male;Professional;1;81.90;51.98;2;SO001789;11264
2013;201309;Q3;Sep 2013;North America;Canada;Canada;Clothing;Caps;Middle Income;55+;Male;Clerical;1;64.82;28.14;1;SO001790;11657
2013;201309;Q3;Sep 2013;North America;Canada;Canada;Accessories;Bottles and Cages;High Income;55+;Male;Clerical;0;80.01;49.70;1;SO001791;11291
2013;201309;Q3;Sep 2013;North America;Canada;Canada;Components;Handlebars;High Income;55+;Male;Clerical;0;998.82;368.54;3;SO001791;11291
2013;201309;Q3;Sep 2013;North America;Canada;Canada;Accessories;Fenders;High Income;55+;Male;Clerical;0;171.92;107.58;2;SO001791;11291
2013;201309;Q3;Sep 2013;Pacific;Australia;Australia;Clothing;Jerseys;Middle Income;55+;Female;Skilled Manual;1;56.84;24.99;1;SO001792;11439
2013;201309;Q3;Sep 2013;Pacific;Australia;Australia;Bikes;Road Bikes;Middle Income;55+;Female;Skilled Manual;1;2068.66;923.49;1;SO001792;11439
2013;201309;Q3;Sep 2013;North America;United States;Southeast;Components;Wheels;Middle Income;26-35;Female;Clerical;1;51.75;18.12;1;SO001793;11215
2013;201309;Q3;Sep 2013;Pacific;Australia;Australia;Bikes;Mountain Bikes;Middle Income;36-45;Male;Management;1;2346.03;931.86;1;SO001794;11503
2013;201309;Q3;Sep 2013;North America;United States;Northwest;Bikes;Road Bikes;High Income;36-45;Male;Clerical;1;2690.62;1169.64;1;SO001795;11567
2013;201310;Q4;Oct 2013;North America;United States;Central;Bikes;Road Bikes;Middle Income;36-45;Male;Management;1;3246.54;1209.89;2;SO001796;11461
2013;201310;Q4;Oct 2013;Europe;United Kingdom;United Kingdom;Bikes;Road Bikes;Middle Income;55+;Male;Management;0;1870.67;738.42;1;SO001797;11248
2013;201310;Q4;Oct 2013;Pacific;Australia;Australia;Bikes;Touring Bikes;High Income;55+;Male;Management;0;3378.35;1289.85;1;SO001798;11811
2013;201310;Q4;Oct 2013;Europe;United Kingdom;United Kingdom;Bikes;Mountain Bikes;High Income;36-45;Female;Clerical;0;6644.58;2584.40;3;SO001799;11693
2013;201310;Q4;Oct 2013;Europe;United Kingdom;United Kingdom;Accessories;Helmets;High Income;36-45;Female;Clerical;0;39.04;23.95;1;SO001799;11693
2013;201310;Q4;Oct 2013;Europe;United Kingdom;United Kingdom;Accessories;Bottles and Cages;High Income;36-45;Female;Clerical;0;112.73;68.73;1;SO001799;11693
2013;201310;Q4;Oct 2013;Europe;Germany;Germany;Bikes;Road Bikes;Middle Income;26-35;Female;Management;1;4792.00;2030.72;2;SO001800;11331
2013;201310;Q4;Oct 2013;North America;United States;Northeast;Clothing;Jerseys;Middle Income;55+;Male;Manual;0;32.46;13.61;1;SO001801;11812
2013;201310;Q4;Oct 2013;Pacific;Australia;Australia;Accessories;Bottles and Cages;High Income;55+;Male;Clerical;0;56.07;36.78;1;SO001802;11250
2013;201310;Q4;Oct 2013;North America;United States;Northwest;Bikes;Road Bikes;Middle Income;46-55;Female;Clerical;0;1183.40;443.14;1;SO001803;11692
2013;201310;Q4;Oct 2013;North America;United States;Northwest;Accessories;Bottles and Cages;Middle Income;46-55;Female;Clerical;0;75.33;46.45;1;SO001803;11692
2013;201310;Q4;Oct 2013;North America;United States;Northwest;Accessories;Bottles and Cages;Middle Income;46-55;Female;Clerical;0;146.94;93.78;3;SO001803;11692
2013;201310;Q4;Oct 2013;North America;Canada;Canada;Bikes;Touring Bikes;High Income;55+;Male;Manual;0;1014.93;444.55;1;SO001804;11564
2013;201310;Q4;Oct 2013;North America;United States;Northwest;Bikes;Touring Bikes;Low Income;55+;Male;Professional;0;2796.07;1075.22;1;SO001805;11229
2013;201310;Q4;Oct 2013;North America;United States;Northwest;Accessories;Tires and Tubes;Low Income;55+;Male;Professional;0;69.36;42.95;1;SO001805;11229
2013;201310;Q4;Oct 2013;Pacific;Australia;Australia;Bikes;Touring Bikes;High Income;55+;Male;Professional;1;2642.36;1134.63;1;SO001806;11554
2013;201310;Q4;Oct 2013;Europe;France;France;Bikes;Touring Bikes;Middle Income;46-55;Male;Skilled Manual;1;1084.59;477.74;1;SO001807;11081
2013;201310;Q4;Oct 2013;Pacific;Australia;Australia;Accessories;Tires and Tubes;High Income;55+;Female;Skilled Manual;1;58.02;35.75;1;SO001808;11502
2013;201310;Q4;Oct 2013;Europe;United Kingdom;United Kingdom;Accessories;Tires and Tubes;Middle Income;55+;Female;Professional;1;60.03;37.02;1;SO001809;11476
2013;201310;Q4;Oct 2013;North America;United States;Southeast;Bikes;Touring Bikes;Low Income;55+;Female;Management;1;2930.62;1118.71;1;SO001810;11888
2013;201310;Q4;Oct 2013;Europe;United Kingdom;United Kingdom;Bikes;Road Bikes;Middle Income;55+;Female;Professional;1;2144.65;866.31;1;SO001811;11410
2013;201310;Q4;Oct 2013;Pacific;Australia;Australia;Components;Handlebars;Middle Income;18-25;Male;Professional;1;106.40;36.88;1;SO001812;11342
2013;201310;Q4;Oct 2013;Europe;Germany;Germany;Bikes;Touring Bikes;High Income;55+;Male;Manual;1;3047.67;1320.69;1;SO001813;11195
2013;201310;Q4;Oct 2013;Pacific;Australia;Australia;Bikes;Touring Bikes;High Income;46-55;Female;Manual;0;703.29;289.16;1;SO001814;11086
2013;201310;Q4;Oct 2013;Europe;United Kingdom;United Kingdom;Bikes;Mountain Bikes;High Income;26-35;Male;Professional;1;1498.65;588.67;1;SO001815;11741
2013;201310;Q4;Oct 2013;Pacific;Australia;Australia;Accessories;Tires and Tubes;High Income;46-55;Female;Management;1;46.59;30.47;3;SO001816;11230
2013;201310;Q4;Oct 2013;Europe;France;France;Bikes;Road Bikes;Middle Income;26-35;Male;Clerical;1;1674.44;658.26;1;SO001817;11584
2013;201310;Q4;Oct 2013;North America;United States;Northeast;Bikes;Road Bikes;Middle Income;46-55;Male;Professional;0;2448.24;1023.96;1;SO001818;11484
2013;201310;Q4;Oct 2013;North America;United States;Northeast;Bikes;Road Bikes;Middle Income;46-55;Male;Professional;0;2531.07;1110.65;1;SO001818;11484
2013;201310;Q4;Oct 2013;North America;United States;Northeast;Bikes;Mountain Bikes;Middle Income;46-55;Male;Professional;0;3764.66;1572.12;2;SO001818;11484
2013;201310;Q4;Oct 2013;Europe;France;France;Accessories;Tires and Tubes;Middle Income;55+;Female;Management;1;24.06;14.50;1;SO001819;11766
2013;201310;Q4;Oct 2013;Europe;France;France;Bikes;Mountain Bikes;Middle Income;55+;Female;Management;1;2712.64;1099.34;1;SO001819;11766
2013;201310;Q4;Oct 2013;Europe;France;France;Components;Wheels;Low Income;55+;Male;Management;1;806.26;293.23;2;SO001820;11040
2013;201310;Q4;Oct 2013;Europe;France;France;Bikes;Touring Bikes;Low Income;55+;Male;Management;1;5245.68;2128.61;2;SO001820;11040
2013;201310;Q4;Oct 2013;Europe;France;France;Bikes;Touring Bikes;Low Income;55+;Male;Management;1;1754.83;778.05;1;SO001820;11040
2013;201310;Q4;Oct 2013;Pacific;Australia;Australia;Bikes;Touring Bikes;Middle Income;26-35;Female;Skilled Manual;0;4290.78;1614.65;2;SO001821;11857
2013;201310;Q4;Oct 2013;Pacific;Australia;Australia;Bikes;Touring Bikes;Middle Income;26-35;Female;Skilled Manual;0;863.27;385.43;1;SO001821;11857
2013;201310;Q4;Oct 2013;North America;United States;Southeast;Bikes;Touring Bikes;Low Income;55+;Female;Clerical;1;1922.84;739.55;1;SO001822;11816
2013;201310;Q4;Oct 2013;Europe;United Kingdom;United Kingdom;Components;Handlebars;Low Income;46-55;Male;Professional;0;872.68;328.98;2;SO001823;11382
2013;201310;Q4;Oct 2013;Pacific;Australia;Australia;Bikes;Road Bikes;High Income;46-55;Female;Manual;0;3707.48;1520.09;2;SO001824;11256
2013;201310;Q4;Oct 2013;Pacific;Australia;Australia;Bikes;Touring Bikes;High Income;46-55;Female;Manual;0;2644.45;1116.13;1;SO001824;11256
2013;201310;Q4;Oct 2013;Europe;France;France;Bikes;Road Bikes;High Income;26-35;Male;Management;1;1075.92;426.92;1;SO001825;11709
2013;201310;Q4;Oct 2013;North America;United States;Northeast;Bikes;Mountain Bikes;High Income;46-55;Female;Manual;0;5904.44;2406.88;2;SO001826;11339
2013;201310;Q4;Oct 2013;North America;United States;Northeast;Accessories;Tires and Tubes;High Income;46-55;Female;Manual;0;49.46;29.85;1;SO001826;11339
2013;201310;Q4;Oct 2013;North America;United States;Southeast;Bikes;Road Bikes;High Income;46-55;Female;Clerical;0;1640.66;613.27;1;SO001827;11597
2013;201310;Q4;Oct 2013;Pacific;Australia;Australia;Bikes;Touring Bikes;Middle Income;55+;Female;Clerical;1;2351.10;971.81;1;SO001828;11277
2013;201310;Q4;Oct 2013;Pacific;Australia;Australia;Bikes;Road Bikes;Middle Income;55+;Female;Clerical;1;1480.59;608.55;1;SO001828;11277
2013;201310;Q4;Oct 2013;Europe;United Kingdom;United Kingdom;Clothing;Jerseys;Low Income;18-25;Male;Manual;0;87.38;34.50;1;SO001829;11462
2013;201310;Q4;Oct 2013;Pacific;Australia;Australia;Bikes;Mountain Bikes;High Income;46-55;Female;Clerical;0;6112.34;2519.74;2;SO001830;11712
2013;201310;Q4;Oct 2013;North America;United States;Central;Bikes;Road Bikes;Low Income;55+;Female;Clerical;0;2949.29;1123.35;1;SO001831;11806
2013;201310;Q4;Oct 2013;North America;United States;Central;Bikes;Mountain Bikes;Low Income;55+;Female;Clerical;0;1747.78;778.38;2;SO001831;11806
2013;201310;Q4;Oct 2013;North America;United States;Central;Bikes;Touring Bikes;Low Income;55+;Female;Clerical;0;2417.21;994.63;1;SO001831;11806
2013;201310;Q4;Oct 2013;North America;United States;Northeast;Bikes;Road Bikes;Low Income;26-35;Male;Clerical;1;3580.59;1578.31;3;SO001832;11887
2013;201310;Q4;Oct 2013;Europe;United Kingdom;United Kingdom;Clothing;Caps;Low Income;46-55;Male;Skilled Manual;1;24.38;10.35;1;SO001833;11666
2013;201310;Q4;Oct 2013;North America;Canada;Canada;Clothing;Caps;Middle Income;18-25;Male;Manual;1;42.33;18.23;1;SO001834;11133
2013;201310;Q4;Oct 2013;North America;Canada;Canada;Bikes;Touring Bikes;Middle Income;46-55;Female;Clerical;1;3488.07;1529.03;3;SO001835;11355
2013;201310;Q4;Oct 2013;North America;Canada;Canada;Accessories;Bottles and Cages;Middle Income;46-55;Female;Clerical;1;13.74;8.16;1;SO001835;11355
2013;201310;Q4;Oct 2013;Pacific;Australia;Australia;Components;Handlebars;Middle Income;26-35;Female;Manual;1;270.69;84.59;1;SO001836;11678
2013;201310;Q4;Oct 2013;Europe;Germany;Germany;Bikes;Touring Bikes;Middle Income;26-35;Male;Professional;0;2427.30;1005.97;1;SO001837;11709
2013;201310;Q4;Oct 2013;North America;United States;Northeast;Bikes;Road Bikes;Low Income;36-45;Male;Management;1;1939.04;852.82;1;SO001838;11471
2013;201310;Q4;Oct 2013;North America;United States;Northeast;Bikes;Road Bikes;Low Income;36-45;Male;Management;1;3345.28;1425.74;1;SO001838;11471
2013;201310;Q4;Oct 2013;North America;United States;Northeast;Accessories;Bottles and Cages;Low Income;36-45;Male;Management;1;65.86;42.09;1;SO001838;11471
2013;201310;Q4;Oct 2013;Europe;United Kingdom;United Kingdom;Bikes;Mountain Bikes;Low Income;55+;Female;Clerical;0;2160.93;831.01;3;SO001839;11029
2013;201310;Q4;Oct 2013;Europe;United Kingdom;United Kingdom;Bikes;Mountain Bikes;Low Income;55+;Female;Clerical;0;2473.23;1076.01;1;SO001839;11029
2013;201310;Q4;Oct 2013;Europe;United Kingdom;United Kingdom;Bikes;Road Bikes;Middle Income;46-55;Female;Management;0;2698.74;1006.43;1;SO001840;11772
2013;201310;Q4;Oct 2013;Europe;United Kingdom;United Kingdom;Bikes;Mountain Bikes;Middle Income;46-55;Female;Management;0;1698.07;707.62;1;SO001840;11772
2013;201310;Q4;Oct 2013;Europe;United Kingdom;United Kingdom;Bikes;Mountain Bikes;Middle Income;46-55;Female;Management;0;2635.50;1109.24;2;SO001840;11772
2013;201310;Q4;Oct 2013;North America;United States;Central;Clothing;Jerseys;Middle Income;55+;Female;Professional;1;175.94;68.00;2;SO001841;11844
2013;201310;Q4;Oct 2013;North America;United States;Central;Bikes;Road Bikes;Middle Income;55+;Female;Professional;1;2734.05;1164.78;1;SO001841;11844
2013;201310;Q4;Oct 2013;Europe;France;France;Bikes;Touring Bikes;High Income;55+;Male;Skilled Manual;0;3372.15;1344.73;1;SO001842;11228
2013;201310;Q4;Oct 2013;Pacific;Australia;Australia;Components;Handlebars;Middle Income;55+;Male;Manual;1;44.67;16.85;1;SO001843;11597
2013;201310;Q4;Oct 2013;Pacific;Australia;Australia;Bikes;Touring Bikes;Middle Income;55+;Male;Manual;1;4322.28;1831.31;3;SO001843;11597
2013;201310;Q4;Oct 2013;Europe;United Kingdom;United Kingdom;Bikes;Touring Bikes;Low Income;36-45;Male;Management;1;2630.52;979.40;1;SO001844;11511
2013;201310;Q4;Oct 2013;Europe;Germany;Germany;Bikes;Mountain Bikes;Low Income;46-55;Female;Manual;1;767.28;317.97;1;SO001845;11675
2013;201310;Q4;Oct 2013;Europe;Germany;Germany;Bikes;Mountain Bikes;Low Income;46-55;Female;Manual;1;3343.35;1249.66;1;SO001845;11675
2013;201310;Q4;Oct 2013;Europe;Germany;Germany;Clothing;Gloves;Low Income;46-55;Female;Manual;1;22.03;8.14;1;SO001845;11675
2013;201310;Q4;Oct 2013;Europe;France;France;Bikes;Touring Bikes;Low Income;55+;Male;Manual;0;3195.06;1322.27;1;SO001846;11738
2013;201310;Q4;Oct 2013;North America;United States;Northwest;Clothing;Shorts;High Income;46-55;Male;Management;1;21.48;8.83;1;SO001847;11077
2013;201310;Q4;Oct 2013;Pacific;Australia;Australia;Bikes;Touring Bikes;Low Income;36-45;Female;Skilled Manual;1;7709.40;3034.92;3;SO001848;11460
2013;201310;Q4;Oct 2013;Pacific;Australia;Australia;Components;Handlebars;Low Income;36-45;Female;Skilled Manual;1;321.34;105.94;1;SO001848;11460
2013;201310;Q4;Oct 2013;North America;United States;Southwest;Bikes;Road Bikes;Middle Income;55+;Female;Management;0;6759.58;2655.83;2;SO001849;11376
2013;201310;Q4;Oct 2013;Pacific;Australia;Australia;Bikes;Road Bikes;High Income;55+;Male;Skilled Manual;0;5732.38;2416.88;2;SO001850;11076
2013;201310;Q4;Oct 2013;Pacific;Australia;Australia;Bikes;Mountain Bikes;High Income;55+;Male;Skilled Manual;0;1577.34;693.86;1;SO001850;11076
2013;201310;Q4;Oct 2013;North America;Canada;Canada;Bikes;Mountain Bikes;Low Income;55+;Female;Clerical;1;1626.02;706.58;2;SO001851;11624
2013;201310;Q4;Oct 2013;North America;Canada;Canada;Bikes;Touring Bikes;Low Income;55+;Female;Clerical;1;2444.29;955.63;1;SO001851;11624
2013;201310;Q4;Oct 2013;North America;United States;Central;Components;Wheels;Low Income;55+;Male;Skilled Manual;0;341.76;129.63;2;SO001852;11207
2013;201310;Q4;Oct 2013;Europe;United Kingdom;United Kingdom;Clothing;Jerseys;Middle Income;55+;Female;Management;1;26.32;11.15;1;SO001853;11009
2013;201310;Q4;Oct 2013;Europe;United Kingdom;United Kingdom;Bikes;Touring Bikes;Middle Income;55+;Female;Management;1;5138.25;2242.52;3;SO001853;11009
2013;201310;Q4;Oct 2013;Pacific;Australia;Australia;Bikes;Mountain Bikes;Middle Income;26-35;Male;Skilled Manual;1;5070.28;2242.78;2;SO001854;11168
2013;201310;Q4;Oct 2013;Pacific;Australia;Australia;Bikes;Road Bikes;Middle Income;26-35;Male;Skilled Manual;1;2250.33;939.62;1;SO001854;11168
2013;201310;Q4;Oct 2013;North America;United States;Southwest;Bikes;Touring Bikes;High Income;55+;Male;Skilled Manual;1;4891.12;2080.45;2;SO001855;11800
2013;201310;Q4;Oct 2013;Pacific;Australia;Australia;Bikes;Mountain Bikes;Low Income;46-55;Female;Management;0;3171.98;1353.23;1;SO001856;11472
2013;201310;Q4;Oct 2013;Pacific;Australia;Australia;Bikes;Mountain Bikes;Low Income;46-55;Female;Management;0;1512.00;663.38;1;SO001856;11472
2013;201310;Q4;Oct 2013;North America;United States;Central;Bikes;Road Bikes;Middle Income;46-55;Male;Manual;1;1027.65;427.28;1;SO001857;11573
2013;201310;Q4;Oct 2013;North America;United States;Central;Accessories;Helmets;Middle Income;46-55;Male;Manual;1;13.06;7.80;1;SO001857;11573
2013;201310;Q4;Oct 2013;Pacific;Australia;Australia;Components;Brakes;Low Income;55+;Male;Clerical;1;237.42;87.53;3;SO001858;11328
2013;201310;Q4;Oct 2013;Europe;United Kingdom;United Kingdom;Clothing;Jerseys;Middle Income;55+;Female;Skilled Manual;0;34.42;12.83;1;SO001859;11222
2013;201310;Q4;Oct 2013;Europe;Germany;Germany;Bikes;Touring Bikes;Middle Income;55+;Female;Clerical;0;1794.35;672.24;1;SO001860;11781
2013;201310;Q4;Oct 2013;Europe;Germany;Germany;Accessories;Fenders;Middle Income;55+;Female;Clerical;0;85.89;52.28;1;SO001860;11781
2013;201310;Q4;Oct 2013;Europe;Germany;Germany;Clothing;Caps;Middle Income;55+;Female;Clerical;0;25.27;9.86;1;SO001860;11781
2013;201310;Q4;Oct 2013;North America;United States;Southeast;Components;Brakes;Low Income;36-45;Female;Manual;0;448.85;161.77;1;SO001861;11764
2013;201310;Q4;Oct 2013;Europe;France;France;Clothing;Jerseys;High Income;46-55;Female;Management;0;61.57;23.55;1;SO001862;11867
2013;201310;Q4;Oct 2013;Europe;Germany;Germany;Bikes;Road Bikes;Middle Income;46-55;Male;Management;0;2607.32;1073.78;1;SO001863;11611
2013;201310;Q4;Oct 2013;Europe;Germany;Germany;Bikes;Mountain Bikes;Middle Income;46-55;Male;Management;0;3126.61;1173.28;1;SO001863;11611
2013;201310;Q4;Oct 2013;North America;United States;Southeast;Bikes;Touring Bikes;Low Income;36-45;Female;Management;0;3041.66;1339.96;2;SO001864;11671
2013;201310;Q4;Oct 2013;North America;United States;Southeast;Bikes;Touring Bikes;Low Income;36-45;Female;Management;0;2444.54;1031.81;1;SO001864;11671
2013;201310;Q4;Oct 2013;Pacific;Australia;Australia;Clothing;Gloves;High Income;46-55;Male;Manual;1;58.53;22.65;1;SO001865;11249
2013;201310;Q4;Oct 2013;Pacific;Australia;Australia;Bikes;Road Bikes;High Income;46-55;Male;Manual;1;3045.60;1277.98;3;SO001865;11249
2013;201310;Q4;Oct 2013;Pacific;Australia;Australia;Bikes;Touring Bikes;High Income;46-55;Male;Manual;1;8666.46;3874.85;3;SO001865;11249
2013;201310;Q4;Oct 2013;Pacific;Australia;Australia;Bikes;Road Bikes;High Income;36-45;Female;Manual;0;6110.66;2355.05;2;SO001866;11318
2013;201310;Q4;Oct 2013;Pacific;Australia;Australia;Bikes;Road Bikes;Middle Income;36-45;Female;Clerical;1;2766.55;1232.49;1;SO001867;11246
2013;201310;Q4;Oct 2013;North America;United States;Northeast;Bikes;Mountain Bikes;Middle Income;26-35;Male;Clerical;0;2046.20;763.20;1;SO001868;11272
2013;201310;Q4;Oct 2013;Pacific;Australia;Australia;Bikes;Mountain Bikes;Low Income;26-35;Female;Skilled Manual;0;5383.50;2294.68;2;SO001869;11266
2013;201310;Q4;Oct 2013;North America;United States;Central;Bikes;Touring Bikes;Middle Income;26-35;Female;Professional;0;1819.07;781.96;1;SO001870;11070
2013;201310;Q4;Oct 2013;North America;United States;Central;Clothing;Shorts;Middle Income;26-35;Female;Professional;0;64.14;25.04;1;SO001870;11070
2013;201310;Q4;Oct 2013;Europe;Germany;Germany;Components;Wheels;High Income;46-55;Male;Clerical;1;81.17;26.08;1;SO001871;11359
2013;201310;Q4;Oct 2013;Europe;Germany;Germany;Bikes;Road Bikes;High Income;46-55;Male;Clerical;1;5189.28;2182.36;2;SO001871;11359
2013;201310;Q4;Oct 2013;Europe;Germany;Germany;Bikes;Road Bikes;High Income;46-55;Male;Clerical;1;3383.36;1362.89;2;SO001871;11359
2013;201310;Q4;Oct 2013;North America;United States;Northeast;Bikes;Road Bikes;High Income;55+;Male;Manual;1;6756.18;3023.35;2;SO001872;11434
2013;201310;Q4;Oct 2013;North America;United States;Northeast;Bikes;Touring Bikes;High Income;55+;Male;Manual;1;1447.76;550.23;1;SO001872;11434
2013;201310;Q4;Oct 2013;North America;Canada;Canada;Accessories;Helmets;High Income;55+;Female;Manual;0;127.08;80.61;3;SO001873;11101
2013;201310;Q4;Oct 2013;North America;United States;Central;Bikes;Mountain Bikes;Low Income;18-25;Male;Clerical;1;2640.89;1031.98;1;SO001874;11461
2013;201310;Q4;Oct 2013;Europe;United Kingdom;United Kingdom;Accessories;Fenders;Low Income;55+;Female;Manual;1;17.80;11.31;2;SO001875;11771
2013;201310;Q4;Oct 2013;Europe;Germany;Germany;Bikes;Road Bikes;Middle Income;46-55;Male;Skilled Manual;0;1784.15;742.36;1;SO001876;11176
2013;201310;Q4;Oct 2013;North America;United States;Northwest;Bikes;Touring Bikes;High Income;55+;Female;Skilled Manual;1;733.55;295.76;1;SO001877;11300
2013;201310;Q4;Oct 2013;Europe;Germany;Germany;Clothing;Shorts;Middle Income;46-55;Female;Skilled Manual;1;36.40;15.07;1;SO001878;11760
2013;201310;Q4;Oct 2013;Pacific;Australia;Australia;Accessories;Helmets;Middle Income;55+;Female;Skilled Manual;1;56.17;34.67;1;SO001879;11835
2013;201310;Q4;Oct 2013;Pacific;Australia;Australia;Components;Brakes;Middle Income;55+;Female;Skilled Manual;1;367.57;118.62;1;SO001879;11835
2013;201310;Q4;Oct 2013;North America;United States;Southeast;Accessories;Tires and Tubes;High Income;55+;Male;Professional;1;15.33;10.02;1;SO001880;11671
2013;201310;Q4;Oct 2013;North America;United States;Southeast;Bikes;Touring Bikes;High Income;55+;Male;Professional;1;4967.76;2191.60;2;SO001880;11671
2013;201310;Q4;Oct 2013;North America;United States;Southwest;Bikes;Road Bikes;High Income;55+;Male;Management;1;6212.90;2626.04;2;SO001881;11251
2013;201310;Q4;Oct 2013;Europe;France;France;Accessories;Fenders;Middle Income;26-35;Male;Clerical;1;14.52;9.02;1;SO001882;11587
2013;201310;Q4;Oct 2013;Europe;Germany;Germany;Accessories;Helmets;High Income;55+;Female;Professional;1;71.34;42.04;1;SO001883;11133
2013;201310;Q4;Oct 2013;North America;United States;Southwest;Clothing;Gloves;High Income;36-45;Female;Professional;0;60.36;23.48;1;SO001884;11426
2013;201310;Q4;Oct 2013;North America;United States;Southwest;Bikes;Touring Bikes;High Income;36-45;Female;Professional;0;6289.72;2573.49;2;SO001884;11426
2013;201310;Q4;Oct 2013;North America;United States;Southwest;Components;Handlebars;High Income;36-45;Female;Professional;0;374.91;127.38;3;SO001884;11426
2013;201310;Q4;Oct 2013;North America;Canada;Canada;Bikes;Mountain Bikes;Middle Income;55+;Female;Clerical;0;1653.78;634.73;1;SO001885;11738
2013;201311;Q4;Nov 2013;North America;United States;Central;Components;Brakes;High Income;46-55;Male;Management;1;346.29;115.30;1;SO001886;11160
2013;201311;Q4;Nov 2013;North America;United States;Southeast;Accessories;Tires and Tubes;Middle Income;55+;Male;Manual;0;52.13;31.91;1;SO001887;11019
2013;201311;Q4;Nov 2013;North America;United States;Southeast;Clothing;Gloves;Middle Income;55+;Male;Manual;0;221.40;79.72;3;SO001887;11019
2013;201311;Q4;Nov 2013;North America;United States;Southeast;Bikes;Mountain Bikes;Low Income;55+;Male;Clerical;0;2133.92;914.71;1;SO001888;11014
2013;201311;Q4;Nov 2013;North America;United States;Southeast;Clothing;Caps;Low Income;55+;Male;Clerical;0;171.50;64.82;2;SO001888;11014
2013;201311;Q4;Nov 2013;Pacific;Australia;Australia;Accessories;Fenders;Middle Income;55+;Male;Skilled Manual;1;40.01;24.61;1;SO001889;11037
2013;201311;Q4;Nov 2013;Europe;France;France;Bikes;Road Bikes;Middle Income;46-55;Female;Skilled Manual;1;2018.50;805.05;1;SO001890;11419
2013;201311;Q4;Nov 2013;Europe;France;France;Bikes;Touring Bikes;Middle Income;46-55;Female;Skilled Manual;1;2106.01;854.49;1;SO001890;11419
2013;201311;Q4;Nov 2013;North America;United States;Southeast;Bikes;Mountain Bikes;Middle Income;18-25;Male;Management;1;1924.90;739.86;1;SO001891;11600
2013;201311;Q4;Nov 2013;Europe;France;France;Components;Saddles;Low Income;26-35;Female;Skilled Manual;1;44.65;16.65;1;SO001892;11626
2013;201311;Q4;Nov 2013;North America;United States;Southeast;Bikes;Road Bikes;High Income;55+;Male;Clerical;0;1115.76;454.34;1;SO001893;11777
2013;201311;Q4;Nov 2013;Pacific;Australia;Australia;Clothing;Gloves;Low Income;55+;Male;Clerical;0;84.69;33.25;1;SO001894;11762
2013;201311;Q4;Nov 2013;North America;United States;Southeast;Bikes;Road Bikes;Middle Income;36-45;Female;Management;0;3350.11;1378.81;1;SO001895;11213
2013;201311;Q4;Nov 2013;North America;United States;Northeast;Bikes;Mountain Bikes;Middle Income;36-45;Female;Manual;0;6017.50;2579.51;2;SO001896;11476
2013;201311;Q4;Nov 2013;Europe;Germany;Germany;Bikes;Touring Bikes;Middle Income;46-55;Male;Management;1;1447.87;557.85;1;SO001897;11731
2013;201311;Q4;Nov 2013;Europe;Germany;Germany;Clothing;Gloves;Middle Income;46-55;Male;Management;1;64.26;25.90;1;SO001897;11731
2013;201311;Q4;Nov 2013;Europe;Germany;Germany;Clothing;Gloves;Middle Income;46-55;Male;Management;1;45.70;18.77;1;SO001897;11731
2013;201311;Q4;Nov 2013;North America;United States;Southeast;Bikes;Touring Bikes;High Income;46-55;Male;Skilled Manual;1;4993.62;1996.12;2;SO001898;11084
2013;201311;Q4;Nov 2013;North America;Canada;Canada;Accessories;Fenders;High Income;46-55;Female;Manual;0;102.08;62.12;1;SO001899;11703
2013;201311;Q4;Nov 2013;North America;Canada;Canada;Bikes;Touring Bikes;High Income;46-55;Female;Manual;0;1729.42;731.99;1;SO001899;11703
2013;201311;Q4;Nov 2013;Europe;United Kingdom;United Kingdom;Bikes;Road Bikes;Middle Income;36-45;Female;Professional;1;3415.22;1528.19;1;SO001900;11552
2013;201311;Q4;Nov 2013;Pacific;Australia;Australia;Bikes;Mountain Bikes;Middle Income;36-45;Male;Manual;0;2418.11;1012.16;1;SO001901;11438
2013;201311;Q4;Nov 2013;Pacific;Australia;Australia;Clothing;Gloves;Middle Income;36-45;Male;Manual;0;25.62;9.99;1;SO001901;11438
2013;201311;Q4;Nov 2013;North America;United States;Central;Accessories;Helmets;Middle Income;55+;Female;Skilled Manual;1;6.34;3.90;1;SO001902;11243
2013;201311;Q4;Nov 2013;North America;United States;Central;Clothing;Caps;Middle Income;55+;Female;Skilled Manual;1;73.72;28.92;1;SO001902;11243
2013;201311;Q4;Nov 2013;North America;United States;Southwest;Bikes;Road Bikes;Middle Income;46-55;Female;Manual;1;1898.56;813.45;2;SO001903;11468
2013;201311;Q4;Nov 2013;Pacific;Australia;Australia;Bikes;Road Bikes;Middle Income;55+;Female;Management;0;2595.61;1021.62;1;SO001904;11236
2013;201311;Q4;Nov 2013;North America;Canada;Canada;Bikes;Road Bikes;Low Income;46-55;Female;Manual;1;2783.48;1122.25;1;SO001905;11586
2013;201311;Q4;Nov 2013;Europe;United Kingdom;United Kingdom;Accessories;Helmets;Low Income;46-55;Female;Management;0;21.84;14.08;1;SO001906;11445
2013;201311;Q4;Nov 2013;Europe;France;France;Bikes;Touring Bikes;Middle Income;36-45;Male;Skilled Manual;1;2440.98;1088.11;2;SO001907;11478
2013;201311;Q4;Nov 2013;Europe;France;France;Bikes;Touring Bikes;Middle Income;36-45;Male;Skilled Manual;1;2279.98;952.74;1;SO001907;11478
2013;201311;Q4;Nov 2013;Pacific;Australia;Australia;Bikes;Road Bikes;Low Income;26-35;Male;Professional;0;5472.64;2352.27;2;SO001908;11066
2013;201311;Q4;Nov 2013;Europe;France;France;Bikes;Touring Bikes;Middle Income;36-45;Female;Manual;0;3330.45;1256.61;1;SO001909;11212
2013;201311;Q4;Nov 2013;Europe;France;France;Components;Brakes;Middle Income;36-45;Female;Manual;0;647.06;195.32;2;SO001909;11212
2013;201311;Q4;Nov 2013;Pacific;Australia;Australia;Bikes;Road Bikes;Middle Income;55+;Female;Manual;0;5408.32;2182.13;2;SO001910;11202
2013;201311;Q4;Nov 2013;Europe;Germany;Germany;Clothing;Shorts;High Income;55+;Male;Manual;1;86.04;31.18;1;SO001911;11588
2013;201311;Q4;Nov 2013;Europe;Germany;Germany;Bikes;Road Bikes;High Income;55+;Male;Manual;1;3464.63;1435.22;1;SO001911;11588
2013;201311;Q4;Nov 2013;Pacific;Australia;Australia;Bikes;Mountain Bikes;High Income;46-55;Male;Clerical;1;1829.17;723.46;1;SO001912;11453
2013;201311;Q4;Nov 2013;Pacific;Australia;Australia;Bikes;Touring Bikes;Low Income;36-45;Male;Management;0;3583.64;1438.70;2;SO001913;11219
2013;201311;Q4;Nov 2013;Europe;France;France;Accessories;Bottles and Cages;Middle Income;36-45;Male;Skilled Manual;1;79.41;46.71;3;SO001914;11622
2013;201311;Q4;Nov 2013;Pacific;Australia;Australia;Bikes;Road Bikes;Middle Income;26-35;Male;Management;1;701.94;276.54;1;SO001915;11364
2013;201311;Q4;Nov 2013;Pacific;Australia;Australia;Clothing;Gloves;Middle Income;26-35;Male;Management;1;38.17;14.58;1;SO001915;11364
2013;201311;Q4;Nov 2013;Europe;United Kingdom;United Kingdom;Clothing;Jerseys;Middle Income;55+;Female;Professional;0;109.92;44.62;3;SO001916;11440
2013;201311;Q4;Nov 2013;Pacific;Australia;Australia;Clothing;Jerseys;High Income;46-55;Female;Manual;0;78.00;28.85;1;SO001917;11696
2013;201311;Q4;Nov 2013;Pacific;Australia;Australia;Bikes;Mountain Bikes;High Income;46-55;Female;Manual;0;1743.86;763.13;1;SO001917;11696
2013;201311;Q4;Nov 2013;Europe;United Kingdom;United Kingdom;Bikes;Touring Bikes;Low Income;55+;Female;Skilled Manual;0;3092.83;1192.11;1;SO001918;11425
2013;201311;Q4;Nov 2013;Europe;United Kingdom;United Kingdom;Bikes;Mountain Bikes;Low Income;55+;Female;Skilled Manual;0;9527.94;3577.61;3;SO001918;11425
2013;201311;Q4;Nov 2013;North America;United States;Southwest;Clothing;Jerseys;High Income;26-35;Male;Skilled Manual;0;62.53;26.37;1;SO001919;11876
2013;201311;Q4;Nov 2013;North America;United States;Southeast;Bikes;Touring Bikes;Middle Income;55+;Male;Skilled Manual;1;2646.62;1175.88;2;SO001920;11118
2013;201311;Q4;Nov 2013;Pacific;Australia;Australia;Bikes;Road Bikes;Middle Income;55+;Female;Professional;1;1113.29;487.68;1;SO001921;11421
2013;201311;Q4;Nov 2013;North America;United States;Central;Accessories;Fenders;High Income;55+;Female;Professional;1;115.73;69.16;1;SO001922;11724
2013;201311;Q4;Nov 2013;North America;United States;Central;Clothing;Jerseys;High Income;55+;Female;Professional;1;79.12;30.72;2;SO001922;11724
2013;201311;Q4;Nov 2013;North America;United States;Central;Components;Brakes;High Income;55+;Female;Professional;1;473.33;171.22;1;SO001922;11724
2013;201311;Q4;Nov 2013;North America;United States;Northwest;Bikes;Road Bikes;High Income;55+;Female;Professional;1;2705.77;1056.31;1;SO001923;11271
2013;201311;Q4;Nov 2013;Pacific;Australia;Australia;Accessories;Helmets;Low Income;55+;Male;Clerical;0;219.21;141.70;3;SO001924;11007
2013;201311;Q4;Nov 2013;Pacific;Australia;Australia;Components;Saddles;Low Income;55+;Male;Clerical;0;349.94;109.69;1;SO001924;11007
2013;201311;Q4;Nov 2013;Pacific;Australia;Australia;Accessories;Bottles and Cages;High Income;26-35;Male;Professional;0;151.36;95.16;2;SO001925;11120
2013;201311;Q4;Nov 2013;Pacific;Australia;Australia;Bikes;Mountain Bikes;High Income;26-35;Male;Professional;0;1700.10;748.02;1;SO001925;11120
2013;201311;Q4;Nov 2013;Europe;United Kingdom;United Kingdom;Bikes;Road Bikes;Low Income;55+;Male;Professional;1;2625.07;1118.51;1;SO001926;11520
2013;201311;Q4;Nov 2013;Europe;United Kingdom;United Kingdom;Components;Brakes;Low Income;55+;Male;Professional;1;890.96;317.46;2;SO001926;11520
2013;201311;Q4;Nov 2013;North America;United States;Southeast;Bikes;Mountain Bikes;High Income;26-35;Female;Skilled Manual;0;6118.28;2651.71;2;SO001927;11648
2013;201311;Q4;Nov 2013;Pacific;Australia;Australia;Clothing;Jerseys;High Income;55+;Male;Skilled Manual;1;138.20;57.40;2;SO001928;11006
2013;201311;Q4;Nov 2013;Pacific;Australia;Australia;Bikes;Mountain Bikes;High Income;55+;Male;Skilled Manual;1;2952.44;1222.74;1;SO001928;11006
2013;201311;Q4;Nov 2013;North America;United States;Central;Accessories;Tires and Tubes;Middle Income;36-45;Female;Professional;1;219.70;128.04;2;SO001929;11241
2013;201311;Q4;Nov 2013;North America;United States;Southeast;Bikes;Road Bikes;Middle Income;46-55;Male;Manual;1;3451.85;1298.77;1;SO001930;11847
2013;201311;Q4;Nov 2013;North America;Canada;Canada;Bikes;Touring Bikes;Middle Income;46-55;Female;Clerical;0;1971.59;848.22;1;SO001931;11146
2013;201311;Q4;Nov 2013;North America;United States;Central;Bikes;Touring Bikes;High Income;36-45;Male;Clerical;1;2014.36;792.61;1;SO001932;11619
2013;201311;Q4;Nov 2013;Pacific;Australia;Australia;Bikes;Road Bikes;Middle Income;18-25;Female;Management;1;2852.44;1178.66;1;SO001933;11729
2013;201311;Q4;Nov 2013;Pacific;Australia;Australia;Bikes;Mountain Bikes;Middle Income;18-25;Female;Management;1;2161.86;846.60;1;SO001933;11729
2013;201311;Q4;Nov 2013;Pacific;Australia;Australia;Components;Saddles;Middle Income;18-25;Female;Management;1;61.15;20.28;1;SO001933;11729
2013;201311;Q4;Nov 2013;North America;United States;Southeast;Bikes;Road Bikes;High Income;55+;Female;Professional;0;3832.77;1637.91;3;SO001934;11387
2013;201311;Q4;Nov 2013;North America;United States;Southwest;Bikes;Road Bikes;Low Income;36-45;Male;Skilled Manual;1;4325.90;1814.91;2;SO001935;11151
2013;201311;Q4;Nov 2013;North America;United States;Southwest;Accessories;Helmets;Low Income;36-45;Male;Skilled Manual;1;17.42;11.44;1;SO001935;11151
2013;201311;Q4;Nov 2013;North America;United States;Northeast;Bikes;Mountain Bikes;Low Income;46-55;Male;Skilled Manual;0;1740.11;701.43;1;SO001936;11057
2013;201311;Q4;Nov 2013;North America;United States;Northeast;Bikes;Touring Bikes;Low Income;46-55;Male;Skilled Manual;0;2558.87;996.36;1;SO001936;11057
2013;201311;Q4;Nov 2013;Europe;United Kingdom;United Kingdom;Clothing;Gloves;Low Income;26-35;Male;Manual;1;151.00;57.71;2;SO001937;11129
2013;201311;Q4;Nov 2013;Europe;United Kingdom;United Kingdom;Accessories;Helmets;Low Income;26-35;Male;Manual;1;8.56;5.58;1;SO001937;11129
2013;201311;Q4;Nov 2013;Europe;United Kingdom;United Kingdom;Components;Saddles;Low Income;26-35;Male;Manual;1;162.01;60.36;1;SO001937;11129
2013;201311;Q4;Nov 2013;North America;United States;Southeast;Bikes;Mountain Bikes;High Income;46-55;Male;Skilled Manual;0;2186.53;848.91;1;SO001938;11878
2013;201311;Q4;Nov 2013;North America;United States;Southeast;Bikes;Touring Bikes;High Income;46-55;Male;Skilled Manual;0;9370.14;4142.50;3;SO001938;11878
2013;201311;Q4;Nov 2013;North America;United States;Northwest;Bikes;Road Bikes;Middle Income;55+;Female;Management;1;2426.35;1054.11;1;SO001939;11529
2013;201311;Q4;Nov 2013;North America;United States;Southwest;Accessories;Tires and Tubes;Middle Income;46-55;Female;Skilled Manual;0;114.29;67.60;1;SO001940;11830
2013;201311;Q4;Nov 2013;Europe;United Kingdom;United Kingdom;Bikes;Road Bikes;High Income;26-35;Female;Skilled Manual;0;3217.30;1440.06;1;SO001941;11766
2013;201311;Q4;Nov 2013;Pacific;Australia;Australia;Bikes;Touring Bikes;Middle Income;46-55;Male;Skilled Manual;1;3394.11;1298.95;1;SO001942;11695
2013;201311;Q4;Nov 2013;Pacific;Australia;Australia;Components;Handlebars;Middle Income;55+;Male;Manual;0;360.30;122.52;1;SO001943;11268
2013;201311;Q4;Nov 2013;Europe;United Kingdom;United Kingdom;Bikes;Road Bikes;Low Income;46-55;Male;Professional;0;987.62;426.82;1;SO001944;11080
2013;201311;Q4;Nov 2013;Europe;United Kingdom;United Kingdom;Accessories;Fenders;Low Income;46-55;Male;Professional;0;80.52;46.92;1;SO001944;11080
2013;201311;Q4;Nov 2013;North America;United States;Northwest;Bikes;Road Bikes;Middle Income;55+;Male;Professional;0;5085.96;2122.22;3;SO001945;11861
2013;201311;Q4;Nov 2013;Pacific;Australia;Australia;Clothing;Caps;Middle Income;46-55;Female;Management;0;28.57;12.23;1;SO001946;11888
2013;201311;Q4;Nov 2013;North America;United States;Northeast;Bikes;Mountain Bikes;High Income;55+;Female;Management;1;827.98;320.00;1;SO001947;11232
2013;201311;Q4;Nov 2013;North America;United States;Northeast;Accessories;Bottles and Cages;High Income;55+;Female;Management;1;73.97;45.84;1;SO001947;11232
2013;201311;Q4;Nov 2013;Europe;United Kingdom;United Kingdom;Bikes;Road Bikes;High Income;55+;Male;Manual;0;2689.55;1195.32;1;SO001948;11756
2013;201311;Q4;Nov 2013;Europe;United Kingdom;United Kingdom;Clothing;Jerseys;High Income;55+;Male;Manual;0;61.35;24.54;1;SO001948;11756
2013;201311;Q4;Nov 2013;North America;United States;Southeast;Bikes;Mountain Bikes;High Income;36-45;Male;Clerical;1;1148.50;442.05;1;SO001949;11261
2013;201311;Q4;Nov 2013;North America;Canada;Canada;Accessories;Tires and Tubes;Middle Income;55+;Female;Professional;1;212.02;137.86;2;SO001950;11891
2013;201311;Q4;Nov 2013;North America;United States;Southeast;Bikes;Road Bikes;Middle Income;36-45;Female;Clerical;1;3106.96;1393.66;1;SO001951;11537
2013;201311;Q4;Nov 2013;Pacific;Australia;Australia;Components;Wheels;Middle Income;46-55;Male;Management;0;421.34;133.57;1;SO001952;11361
2013;201311;Q4;Nov 2013;Pacific;Australia;Australia;Clothing;Gloves;Middle Income;55+;Female;Management;1;20.78;7.98;1;SO001953;11876
2013;201311;Q4;Nov 2013;Pacific;Australia;Australia;Bikes;Road Bikes;Middle Income;55+;Male;Clerical;1;3467.90;1309.34;1;SO001954;11797
2013;201311;Q4;Nov 2013;Pacific;Australia;Australia;Bikes;Touring Bikes;Middle Income;55+;Male;Clerical;1;3826.92;1520.07;3;SO001954;11797
2013;201311;Q4;Nov 2013;Europe;United Kingdom;United Kingdom;Components;Wheels;Low Income;46-55;Female;Clerical;1;441.54;158.93;1;SO001955;11830
2013;201311;Q4;Nov 2013;Pacific;Australia;Australia;Bikes;Touring Bikes;Middle Income;55+;Female;Manual;0;2630.03;1125.99;1;SO001956;11478
2013;201311;Q4;Nov 2013;Pacific;Australia;Australia;Bikes;Road Bikes;Middle Income;55+;Female;Manual;0;5993.50;2604.29;2;SO001956;11478
2013;201311;Q4;Nov 2013;Pacific;Australia;Australia;Bikes;Road Bikes;Low Income;46-55;Female;Manual;0;2630.17;1043.96;1;SO001957;11726
2013;201311;Q4;Nov 2013;Pacific;Australia;Australia;Bikes;Road Bikes;Low Income;46-55;Female;Manual;0;1897.48;776.81;1;SO001957;11726
2013;201311;Q4;Nov 2013;Pacific;Australia;Australia;Bikes;Touring Bikes;Low Income;46-55;Female;Manual;0;2907.28;1174.57;1;SO001957;11726
2013;201311;Q4;Nov 2013;Europe;Germany;Germany;Clothing;Jerseys;Low Income;36-45;Male;Manual;1;197.01;83.52;3;SO001958;11213
2013;201311;Q4;Nov 2013;Pacific;Australia;Australia;Clothing;Jerseys;High Income;36-45;Male;Clerical;1;25.74;10.52;1;SO001959;11183
2013;201311;Q4;Nov 2013;North America;United States;Northwest;Bikes;Mountain Bikes;Middle Income;36-45;Male;Clerical;1;2338.07;867.47;1;SO001960;11342
2013;201311;Q4;Nov 2013;Europe;Germany;Germany;Accessories;Helmets;Low Income;55+;Female;Clerical;0;109.16;65.27;1;SO001961;11002
2013;201311;Q4;Nov 2013;Europe;France;France;Bikes;Mountain Bikes;Middle Income;55+;Female;Clerical;0;1804.33;674.11;1;SO001962;11677
2013;201311;Q4;Nov 2013;Europe;United Kingdom;United Kingdom;Bikes;Touring Bikes;Low Income;36-45;Male;Professional;1;1143.05;447.34;1;SO001963;11185
2013;201311;Q4;Nov 2013;North America;Canada;Canada;Bikes;Road Bikes;Low Income;55+;Female;Skilled Manual;1;1031.93;438.06;1;SO001964;11371
2013;201311;Q4;Nov 2013;North America;Canada;Canada;Bikes;Touring Bikes;Low Income;55+;Female;Skilled Manual;1;3402.18;1442.78;1;SO001964;11371
2013;201311;Q4;Nov 2013;North America;Canada;Canada;Bikes;Touring Bikes;High Income;55+;Male;Manual;1;3128.95;1329.60;1;SO001965;11210
2013;201311;Q4;Nov 2013;Europe;United Kingdom;United Kingdom;Components;Saddles;High Income;46-55;Female;Management;1;832.42;305.04;2;SO001966;11430
2013;201311;Q4;Nov 2013;Europe;Germany;Germany;Bikes;Road Bikes;High Income;46-55;Female;Clerical;0;2079.83;840.13;1;SO001967;11300
2013;201311;Q4;Nov 2013;Europe;United Kingdom;United Kingdom;Bikes;Touring Bikes;Middle Income;55+;Female;Skilled Manual;1;2333.43;912.85;1;SO001968;11821
2013;201311;Q4;Nov 2013;Europe;United Kingdom;United Kingdom;Bikes;Mountain Bikes;Middle Income;55+;Female;Skilled Manual;1;3057.49;1329.19;1;SO001968;11821
2013;201311;Q4;Nov 2013;North America;United States;Southeast;Bikes;Road Bikes;High Income;55+;Male;Management;1;2381.44;882.19;1;SO001969;11244
2013;201311;Q4;Nov 2013;North America;United States;Central;Bikes;Road Bikes;Middle Income;36-45;Male;Manual;1;3356.62;1390.71;2;SO001970;11742
2013;201311;Q4;Nov 2013;Europe;United Kingdom;United Kingdom;Accessories;Bottles and Cages;Middle Income;46-55;Male;Management;1;37.80;23.16;2;SO001971;11033
2013;201311;Q4;Nov 2013;Europe;United Kingdom;United Kingdom;Bikes;Touring Bikes;Middle Income;46-55;Male;Management;1;2650.56;1039.38;1;SO001971;11033
2013;201311;Q4;Nov 2013;Europe;United Kingdom;United Kingdom;Clothing;Caps;Middle Income;46-55;Male;Management;1;34.63;15.15;1;SO001971;11033
2013;201311;Q4;Nov 2013;North America;United States;Southwest;Bikes;Mountain Bikes;Low Income;55+;Male;Management;1;6325.20;2546.58;2;SO001972;11896
2013;201311;Q4;Nov 2013;North America;United States;Southwest;Bikes;Touring Bikes;Low Income;55+;Male;Management;1;2327.99;899.72;1;SO001972;11896
2013;201311;Q4;Nov 2013;Europe;France;France;Clothing;Gloves;Middle Income;46-55;Female;Clerical;0;101.28;42.81;3;SO001973;11298
2013;201311;Q4;Nov 2013;Pacific;Australia;Australia;Bikes;Mountain Bikes;Middle Income;26-35;Male;Manual;1;2459.20;995.72;1;SO001974;11634
2013;201311;Q4;Nov 2013;Pacific;Australia;Australia;Bikes;Touring Bikes;Middle Income;26-35;Male;Manual;1;3146.79;1246.86;1;SO001974;11634
2013;201311;Q4;Nov 2013;North America;United States;Central;Bikes;Mountain Bikes;Middle Income;55+;Female;Manual;1;1521.68;573.64;2;SO001975;11401
2013;201311;Q4;Nov 2013;North America;United States;Southwest;Bikes;Road Bikes;Middle Income;55+;Female;Clerical;0;2851.90;1211.77;1;SO001976;11257
2013;201311;Q4;Nov 2013;North America;United States;Southwest;Bikes;Mountain Bikes;Middle Income;55+;Female;Clerical;0;1562.36;628.50;2;SO001976;11257
2013;201311;Q4;Nov 2013;Pacific;Australia;Australia;Accessories;Bottles and Cages;High Income;26-35;Male;Manual;0;101.80;59.82;2;SO001977;11540
2013;201311;Q4;Nov 2013;Pacific;Australia;Australia;Bikes;Mountain Bikes;High Income;26-35;Male;Manual;0;2077.56;810.84;1;SO001977;11540
2013;201311;Q4;Nov 2013;Pacific;Australia;Australia;Accessories;Tires and Tubes;High Income;26-35;Male;Manual;0;50.34;32.16;3;SO001977;11540
2013;201311;Q4;Nov 2013;Europe;Germany;Germany;Bikes;Mountain Bikes;Middle Income;55+;Female;Professional;1;885.19;330.70;1;SO001978;11212
2013;201311;Q4;Nov 2013;Europe;Germany;Germany;Clothing;Caps;Middle Income;55+;Female;Professional;1;90.88;39.16;2;SO001978;11212
2013;201311;Q4;Nov 2013;Europe;Germany;Germany;Clothing;Shorts;Middle Income;55+;Female;Professional;1;22.51;8.92;1;SO001978;11212
2013;201311;Q4;Nov 2013;Europe;United Kingdom;United Kingdom;Clothing;Shorts;Middle Income;55+;Male;Professional;0;50.30;21.59;1;SO001979;11209
2013;201311;Q4;Nov 2013;North America;United States;Northwest;Accessories;Bottles and Cages;High Income;55+;Male;Clerical;0;56.94;36.98;1;SO001980;11675
2013;201311;Q4;Nov 2013;North America;United States;Southeast;Bikes;Touring Bikes;High Income;36-45;Male;Clerical;1;1447.54;565.83;1;SO001981;11518
2013;201311;Q4;Nov 2013;North America;United States;Southeast;Bikes;Mountain Bikes;High Income;36-45;Male;Clerical;1;2545.17;1125.17;1;SO001981;11518
2013;201311;Q4;Nov 2013;Pacific;Australia;Australia;Clothing;Shorts;Low Income;36-45;Male;Clerical;1;63.35;26.77;1;SO001982;11760
2013;201311;Q4;Nov 2013;Europe;United Kingdom;United Kingdom;Bikes;Touring Bikes;Low Income;55+;Male;Management;1;2324.74;905.88;2;SO001983;11127
2013;201311;Q4;Nov 2013;Europe;France;France;Accessories;Tires and Tubes;Middle Income;18-25;Male;Professional;1;96.41;56.38;1;SO001984;11870
2013;201311;Q4;Nov 2013;Europe;United Kingdom;United Kingdom;Bikes;Road Bikes;High Income;18-25;Male;Manual;1;1518.18;586.08;1;SO001985;11184
2013;201311;Q4;Nov 2013;Europe;France;France;Bikes;Touring Bikes;Middle Income;55+;Female;Manual;0;5777.86;2152.85;2;SO001986;11680
2013;201311;Q4;Nov 2013;Europe;France;France;Bikes;Mountain Bikes;Middle Income;55+;Female;Manual;0;5011.35;2066.96;3;SO001986;11680
2013;201311;Q4;Nov 2013;Pacific;Australia;Australia;Accessories;Tires and Tubes;Middle Income;55+;Female;Management;0;100.43;61.26;1;SO001987;11725
2013;201311;Q4;Nov 2013;Pacific;Australia;Australia;Accessories;Helmets;Low Income;55+;Male;Clerical;1;26.24;15.98;1;SO001988;11086
2013;201311;Q4;Nov 2013;Pacific;Australia;Australia;Accessories;Fenders;Low Income;55+;Male;Clerical;1;190.20;120.38;2;SO001988;11086
2013;201311;Q4;Nov 2013;North America;United States;Southwest;Clothing;Shorts;Middle Income;36-45;Male;Manual;1;76.66;30.68;2;SO001989;11081
2013;201311;Q4;Nov 2013;North America;United States;Southwest;Bikes;Touring Bikes;Middle Income;36-45;Male;Manual;1;1483.40;632.95;2;SO001989;11081
2013;201311;Q4;Nov 2013;Pacific;Australia;Australia;Bikes;Touring Bikes;Middle Income;26-35;Female;Professional;0;1364.52;541.16;1;SO001990;11301
2013;201311;Q4;Nov 2013;Pacific;Australia;Australia;Bikes;Road Bikes;Middle Income;26-35;Female;Professional;0;1711.11;740.41;1;SO001990;11301
2013;201311;Q4;Nov 2013;Europe;United Kingdom;United Kingdom;Bikes;Road Bikes;Middle Income;46-55;Male;Professional;0;2849.39;1157.31;1;SO001991;11615
2013;201311;Q4;Nov 2013;Europe;United Kingdom;United Kingdom;Bikes;Road Bikes;Middle Income;46-55;Male;Professional;0;2308.39;887.33;1;SO001991;11615
2013;201311;Q4;Nov 2013;Europe;Germany;Germany;Bikes;Mountain Bikes;Low Income;46-55;Male;Skilled Manual;0;873.95;343.29;1;SO001992;11290
2013;201311;Q4;Nov 2013;Europe;Germany;Germany;Clothing;Jerseys;Middle Income;36-45;Female;Clerical;1;29.28;12.13;1;SO001993;11338
2013;201311;Q4;Nov 2013;Europe;Germany;Germany;Bikes;Road Bikes;Middle Income;36-45;Female;Clerical;1;2068.02;790.65;1;SO001993;11338
2013;201311;Q4;Nov 2013;Europe;Germany;Germany;Bikes;Mountain Bikes;Middle Income;36-45;Female;Clerical;1;783.64;300.53;1;SO001993;11338
2013;201311;Q4;Nov 2013;Pacific;Australia;Australia;Clothing;Gloves;Middle Income;55+;Female;Skilled Manual;0;67.57;26.47;1;SO001994;11461
2013;201311;Q4;Nov 2013;Pacific;Australia;Australia;Bikes;Mountain Bikes;Middle Income;55+;Female;Skilled Manual;0;8963.10;3996.42;3;SO001994;11461
2013;201312;Q4;Dec 2013;North America;United States;Southeast;Bikes;Touring Bikes;High Income;55+;Male;Professional;1;1511.41;602.22;1;SO001995;11206
2013;201312;Q4;Dec 2013;Europe;Germany;Germany;Clothing;Caps;High Income;55+;Male;Clerical;0;80.25;31.55;1;SO001996;11344
2013;201312;Q4;Dec 2013;North America;United States;Central;Bikes;Mountain Bikes;Middle Income;18-25;Male;Professional;1;948.62;420.10;1;SO001997;11521
2013;201312;Q4;Dec 2013;North America;United States;Central;Accessories;Tires and Tubes;Middle Income;18-25;Male;Professional;1;31.50;20.08;2;SO001997;11521
2013;201312;Q4;Dec 2013;Pacific;Australia;Australia;Accessories;Fenders;Middle Income;46-55;Male;Manual;0;71.21;46.79;1;SO001998;11467
2013;201312;Q4;Dec 2013;Pacific;Australia;Australia;Bikes;Touring Bikes;Middle Income;46-55;Male;Manual;0;2509.44;933.40;1;SO001998;11467
2013;201312;Q4;Dec 2013;North America;United States;Southwest;Bikes;Mountain Bikes;High Income;46-55;Male;Professional;0;1498.10;558.25;1;SO001999;11090
2013;201312;Q4;Dec 2013;North America;United States;Northeast;Bikes;Mountain Bikes;Middle Income;55+;Female;Management;1;3190.53;1319.18;1;SO002000;11725
2013;201312;Q4;Dec 2013;Pacific;Australia;Australia;Bikes;Road Bikes;High Income;55+;Male;Manual;0;2807.53;1131.37;1;SO002001;11651
2013;201312;Q4;Dec 2013;Pacific;Australia;Australia;Accessories;Bottles and Cages;High Income;36-45;Male;Professional;0;90.43;55.38;1;SO002002;11463
2013;201312;Q4;Dec 2013;Pacific;Australia;Australia;Bikes;Touring Bikes;High Income;46-55;Female;Professional;1;5665.10;2367.68;2;SO002003;11299
2013;201312;Q4;Dec 2013;Pacific;Australia;Australia;Clothing;Shorts;Middle Income;55+;Male;Manual;1;31.81;12.44;1;SO002004;11444
2013;201312;Q4;Dec 2013;North America;Canada;Canada;Clothing;Shorts;High Income;36-45;Male;Manual;1;96.48;39.78;2;SO002005;11456
2013;201312;Q4;Dec 2013;North America;Canada;Canada;Components;Saddles;High Income;46-55;Male;Manual;1;347.13;126.57;1;SO002006;11200
2013;201312;Q4;Dec 2013;Europe;France;France;Accessories;Bottles and Cages;Middle Income;46-55;Male;Manual;0;69.42;41.03;1;SO002007;11065
2013;201312;Q4;Dec 2013;North America;United States;Northeast;Bikes;Touring Bikes;Low Income;55+;Female;Professional;1;3275.77;1397.27;1;SO002008;11053
2013;201312;Q4;Dec 2013;North America;United States;Northeast;Components;Handlebars;Low Income;55+;Female;Professional;1;152.52;57.08;1;SO002008;11053
2013;201312;Q4;Dec 2013;North America;United States;Central;Accessories;Tires and Tubes;Middle Income;55+;Female;Clerical;1;115.88;70.78;2;SO002009;11806
2013;201312;Q4;Dec 2013;North America;United States;Central;Accessories;Helmets;Middle Income;55+;Female;Clerical;1;87.58;56.75;2;SO002009;11806
2013;201312;Q4;Dec 2013;Europe;France;France;Bikes;Mountain Bikes;Middle Income;36-45;Female;Manual;1;801.98;323.11;1;SO002010;11134
2013;201312;Q4;Dec 2013;Europe;France;France;Bikes;Touring Bikes;Low Income;36-45;Female;Management;0;1940.62;788.81;1;SO002011;11261
2013;201312;Q4;Dec 2013;Europe;Germany;Germany;Accessories;Tires and Tubes;Low Income;36-45;Male;Manual;1;77.15;46.20;1;SO002012;11102
2013;201312;Q4;Dec 2013;Europe;Germany;Germany;Bikes;Touring Bikes;Low Income;36-45;Male;Manual;1;2221.58;933.22;1;SO002012;11102
2013;201312;Q4;Dec 2013;Europe;France;France;Bikes;Road Bikes;Middle Income;46-55;Female;Clerical;1;2637.15;985.79;1;SO002013;11192
2013;201312;Q4;Dec 2013;Europe;France;France;Bikes;Mountain Bikes;Middle Income;46-55;Female;Clerical;1;968.21;389.39;1;SO002013;11192
2013;201312;Q4;Dec 2013;Europe;Germany;Germany;Bikes;Road Bikes;High Income;46-55;Male;Skilled Manual;0;3220.51;1360.17;1;SO002014;11761
2013;201312;Q4;Dec 2013;Europe;France;France;Bikes;Touring Bikes;Middle Income;46-55;Female;Management;1;967.91;366.88;1;SO002015;11853
2013;201312;Q4;Dec 2013;North America;United States;Central;Accessories;Tires and Tubes;High Income;26-35;Male;Clerical;1;9.62;5.64;1;SO002016;11296
2013;201312;Q4;Dec 2013;North America;United States;Central;Accessories;Bottles and Cages;High Income;26-35;Male;Clerical;1;235.02;138.36;2;SO002016;11296
2013;201312;Q4;Dec 2013;Pacific;Australia;Australia;Bikes;Mountain Bikes;Middle Income;55+;Female;Professional;1;1388.32;581.38;1;SO002017;11562
2013;201312;Q4;Dec 2013;Pacific;Australia;Australia;Bikes;Mountain Bikes;Middle Income;55+;Female;Professional;1;2405.84;971.96;2;SO002017;11562
2013;201312;Q4;Dec 2013;Pacific;Australia;Australia;Bikes;Mountain Bikes;Middle Income;55+;Female;Professional;1;1263.49;476.23;1;SO002017;11562
2013;201312;Q4;Dec 2013;Europe;France;France;Bikes;Road Bikes;Middle Income;46-55;Male;Skilled Manual;1;1088.77;407.56;1;SO002018;11423
2013;201312;Q4;Dec 2013;Pacific;Australia;Australia;Components;Saddles;High Income;26-35;Female;Professional;0;59.17;20.49;1;SO002019;11247
2013;201312;Q4;Dec 2013;Pacific;Australia;Australia;Bikes;Touring Bikes;High Income;55+;Male;Manual;0;2968.54;1329.16;1;SO002020;11326
2013;201312;Q4;Dec 2013;Pacific;Australia;Australia;Bikes;Mountain Bikes;High Income;55+;Male;Manual;0;1342.98;571.71;1;SO002020;11326
2013;201312;Q4;Dec 2013;North America;United States;Southwest;Clothing;Caps;Middle Income;36-45;Female;Professional;1;33.18;14.23;1;SO002021;11236
2013;201312;Q4;Dec 2013;Pacific;Australia;Australia;Accessories;Helmets;Low Income;36-45;Female;Clerical;1;21.41;12.48;1;SO002022;11723
2013;201312;Q4;Dec 2013;Pacific;Australia;Australia;Bikes;Touring Bikes;Low Income;36-45;Female;Clerical;1;4813.14;1898.22;3;SO002022;11723
2013;201312;Q4;Dec 2013;North America;United States;Southwest;Accessories;Bottles and Cages;Low Income;46-55;Male;Skilled Manual;1;85.05;50.95;3;SO002023;11516
2013;201312;Q4;Dec 2013;North America;United States;Southwest;Bikes;Touring Bikes;Low Income;46-55;Male;Skilled Manual;1;5319.46;2050.55;2;SO002023;11516
2013;201312;Q4;Dec 2013;Europe;Germany;Germany;Bikes;Road Bikes;Middle Income;46-55;Female;Professional;1;2377.23;1002.57;3;SO002024;11717
2013;201312;Q4;Dec 2013;Europe;Germany;Germany;Bikes;Road Bikes;Middle Income;46-55;Female;Professional;1;3406.64;1333.92;1;SO002024;11717
2013;201312;Q4;Dec 2013;North America;United States;Northeast;Components;Saddles;Middle Income;55+;Male;Manual;0;335.29;123.30;1;SO002025;11062
2013;201312;Q4;Dec 2013;North America;United States;Northeast;Bikes;Touring Bikes;Middle Income;55+;Male;Manual;0;1760.06;713.80;1;SO002025;11062
2013;201312;Q4;Dec 2013;Pacific;Australia;Australia;Accessories;Tires and Tubes;Middle Income;55+;Male;Professional;0;145.62;93.48;2;SO002026;11037
2013;201312;Q4;Dec 2013;Pacific;Australia;Australia;Accessories;Bottles and Cages;Middle Income;55+;Male;Professional;0;79.80;49.40;1;SO002026;11037
2013;201312;Q4;Dec 2013;Pacific;Australia;Australia;Bikes;Road Bikes;Middle Income;55+;Male;Professional;0;2098.79;863.72;1;SO002026;11037
2013;201312;Q4;Dec 2013;Europe;Germany;Germany;Bikes;Mountain Bikes;Low Income;46-55;Female;Skilled Manual;0;5196.30;1931.55;3;SO002027;11730
2013;201312;Q4;Dec 2013;Europe;Germany;Germany;Bikes;Road Bikes;Low Income;46-55;Female;Skilled Manual;0;1437.56;561.91;2;SO002027;11730
2013;201312;Q4;Dec 2013;Europe;Germany;Germany;Bikes;Mountain Bikes;Low Income;46-55;Female;Skilled Manual;0;3166.06;1252.58;1;SO002027;11730
2013;201312;Q4;Dec 2013;North America;Canada;Canada;Components;Saddles;Middle Income;46-55;Male;Clerical;0;833.56;254.39;2;SO002028;11150
2013;201312;Q4;Dec 2013;North America;Canada;Canada;Bikes;Touring Bikes;Middle Income;46-55;Male;Clerical;0;1511.82;573.59;2;SO002028;11150
2013;201312;Q4;Dec 2013;Europe;Germany;Germany;Bikes;Touring Bikes;Middle Income;18-25;Male;Manual;1;2008.59;751.05;1;SO002029;11620
2013;201312;Q4;Dec 2013;Europe;Germany;Germany;Bikes;Mountain Bikes;Middle Income;18-25;Male;Manual;1;1837.41;704.55;1;SO002029;11620
2013;201312;Q4;Dec 2013;Pacific;Australia;Australia;Accessories;Bottles and Cages;Middle Income;46-55;Female;Professional;0;63.25;41.14;1;SO002030;11024
2013;201312;Q4;Dec 2013;North America;United States;Southwest;Bikes;Mountain Bikes;Middle Income;55+;Female;Skilled Manual;1;3392.91;1353.64;1;SO002031;11102
2013;201312;Q4;Dec 2013;Europe;United Kingdom;United Kingdom;Clothing;Jerseys;High Income;55+;Male;Professional;1;137.37;52.09;3;SO002032;11712
2013;201312;Q4;Dec 2013;Europe;United Kingdom;United Kingdom;Components;Saddles;High Income;55+;Male;Professional;1;752.16;272.73;2;SO002032;11712
2013;201312;Q4;Dec 2013;North America;United States;Northwest;Accessories;Fenders;Low Income;46-55;Female;Clerical;1;26.75;16.67;1;SO002033;11624
2013;201312;Q4;Dec 2013;North America;United States;Northwest;Bikes;Touring Bikes;Low Income;46-55;Female;Clerical;1;2735.43;1069.47;1;SO002033;11624
2013;201312;Q4;Dec 2013;Europe;France;France;Bikes;Touring Bikes;Middle Income;46-55;Female;Manual;1;1782.56;742.07;1;SO002034;11460
2013;201312;Q4;Dec 2013;Europe;France;France;Bikes;Mountain Bikes;Middle Income;46-55;Female;Manual;1;1104.87;411.99;1;SO002034;11460
2013;201312;Q4;Dec 2013;North America;Canada;Canada;Clothing;Jerseys;Middle Income;55+;Female;Manual;0;59.80;26.13;1;SO002035;11082
2013;201312;Q4;Dec 2013;North America;United States;Southwest;Bikes;Touring Bikes;Low Income;26-35;Male;Management;1;1071.29;464.75;1;SO002036;11589
2013;201312;Q4;Dec 2013;Europe;United Kingdom;United Kingdom;Bikes;Touring Bikes;Low Income;36-45;Female;Management;1;2871.55;1282.11;1;SO002037;11741
2013;201312;Q4;Dec 2013;Europe;United Kingdom;United Kingdom;Bikes;Touring Bikes;Low Income;36-45;Female;Management;1;1221.63;467.41;1;SO002037;11741
2013;201312;Q4;Dec 2013;Europe;Germany;Germany;Bikes;Mountain Bikes;Middle Income;46-55;Female;Management;0;2505.41;1029.36;1;SO002038;11605
2013;201312;Q4;Dec 2013;Europe;Germany;Germany;Bikes;Mountain Bikes;Middle Income;46-55;Female;Management;0;4578.88;1795.62;2;SO002038;11605
2013;201312;Q4;Dec 2013;Europe;Germany;Germany;Accessories;Fenders;Middle Income;55+;Male;Skilled Manual;1;189.62;118.51;2;SO002039;11738
2013;201312;Q4;Dec 2013;Europe;Germany;Germany;Bikes;Mountain Bikes;Middle Income;55+;Male;Skilled Manual;1;1051.51;414.40;1;SO002039;11738
2013;201312;Q4;Dec 2013;Europe;Germany;Germany;Bikes;Road Bikes;Middle Income;55+;Male;Skilled Manual;1;1393.38;618.66;1;SO002039;11738
2013;201312;Q4;Dec 2013;North America;United States;Southwest;Bikes;Mountain Bikes;Middle Income;26-35;Male;Clerical;0;2453.34;1023.83;2;SO002040;11078
2013;201312;Q4;Dec 2013;Pacific;Australia;Australia;Bikes;Road Bikes;High Income;36-45;Female;Management;0;5829.56;2612.33;2;SO002041;11875
2013;201312;Q4;Dec 2013;Pacific;Australia;Australia;Bikes;Touring Bikes;Middle Income;46-55;Female;Management;1;1539.56;675.33;1;SO002042;11825
2013;201312;Q4;Dec 2013;Europe;United Kingdom;United Kingdom;Components;Brakes;Middle Income;36-45;Female;Manual;0;815.72;277.67;2;SO002043;11798
2013;201312;Q4;Dec 2013;North America;Canada;Canada;Clothing;Gloves;Middle Income;55+;Male;Management;0;87.98;33.93;1;SO002044;11898
2013;201312;Q4;Dec 2013;North America;Canada;Canada;Bikes;Touring Bikes;Middle Income;55+;Male;Management;0;1834.36;691.80;2;SO002044;11898
2013;201312;Q4;Dec 2013;Pacific;Australia;Australia;Components;Wheels;Middle Income;46-55;Male;Professional;1;178.87;67.12;1;SO002045;11733
2013;201312;Q4;Dec 2013;North America;United States;Northeast;Clothing;Gloves;Low Income;36-45;Male;Management;1;37.50;14.35;1;SO002046;11331
2013;201312;Q4;Dec 2013;North America;United States;Northeast;Bikes;Mountain Bikes;Low Income;36-45;Male;Management;1;2778.28;1093.55;2;SO002046;11331
2013;201312;Q4;Dec 2013;Pacific;Australia;Australia;Accessories;Helmets;High Income;55+;Female;Skilled Manual;1;96.55;57.93;1;SO002047;11282
2013;201312;Q4;Dec 2013;Pacific;Australia;Australia;Bikes;Mountain Bikes;High Income;55+;Female;Skilled Manual;1;2318.65;1001.43;1;SO002047;11282
2013;201312;Q4;Dec 2013;Pacific;Australia;Australia;Bikes;Touring Bikes;Low Income;36-45;Male;Management;0;1646.27;617.99;1;SO002048;11110
2013;201312;Q4;Dec 2013;Pacific;Australia;Australia;Bikes;Touring Bikes;Low Income;36-45;Male;Management;0;1408.66;614.74;1;SO002048;11110
2013;201312;Q4;Dec 2013;Pacific;Australia;Australia;Bikes;Road Bikes;Low Income;36-45;Male;Management;0;1236.89;524.35;1;SO002048;11110
2013;201312;Q4;Dec 2013;Pacific;Australia;Australia;Clothing;Jerseys;Low Income;46-55;Male;Skilled Manual;1;62.88;25.99;1;SO002049;11445
2013;201312;Q4;Dec 2013;Pacific;Australia;Australia;Accessories;Bottles and Cages;Low Income;46-55;Male;Skilled Manual;1;85.95;51.07;1;SO002049;11445
2013;201312;Q4;Dec 2013;North America;United States;Northeast;Accessories;Tires and Tubes;Low Income;55+;Male;Professional;1;38.37;23.13;1;SO002050;11822
2013;201312;Q4;Dec 2013;North America;United States;Central;Bikes;Mountain Bikes;High Income;55+;Female;Manual;0;1130.74;500.31;1;SO002051;11769
2013;201312;Q4;Dec 2013;North America;United States;Northwest;Bikes;Road Bikes;Low Income;36-45;Male;Management;0;3840.70;1722.08;2;SO002052;11848
2013;201312;Q4;Dec 2013;North America;United States;Northwest;Bikes;Touring Bikes;Low Income;36-45;Male;Management;0;1719.16;676.98;1;SO002052;11848
2013;201312;Q4;Dec 2013;Europe;United Kingdom;United Kingdom;Accessories;Helmets;Middle Income;55+;Male;Management;1;122.70;73.85;3;SO002053;11075
2013;201312;Q4;Dec 2013;Pacific;Australia;Australia;Bikes;Mountain Bikes;Low Income;26-35;Male;Manual;0;3171.47;1228.69;1;SO002054;11654
2013;201312;Q4;Dec 2013;Pacific;Australia;Australia;Bikes;Touring Bikes;Low Income;26-35;Male;Manual;0;6368.38;2476.45;2;SO002054;11654
2013;201312;Q4;Dec 2013;Pacific;Australia;Australia;Bikes;Mountain Bikes;High Income;26-35;Female;Clerical;0;3497.40;1338.27;1;SO002055;11187
2013;201312;Q4;Dec 2013;Pacific;Australia;Australia;Components;Handlebars;High Income;26-35;Female;Clerical;0;424.12;152.94;1;SO002055;11187
2013;201312;Q4;Dec 2013;Pacific;Australia;Australia;Bikes;Mountain Bikes;High Income;26-35;Female;Clerical;0;1934.83;721.98;1;SO002055;11187
2013;201312;Q4;Dec 2013;Pacific;Australia;Australia;Clothing;Caps;Middle Income;26-35;Male;Manual;1;167.40;64.31;2;SO002056;11458
2013;201312;Q4;Dec 2013;Pacific;Australia;Australia;Components;Saddles;Middle Income;26-35;Male;Manual;1;101.68;30.83;1;SO002056;11458
2013;201312;Q4;Dec 2013;North America;United States;Southwest;Bikes;Mountain Bikes;High Income;26-35;Male;Management;0;2585.00;1122.70;1;SO002057;11665
2013;201312;Q4;Dec 2013;North America;United States;Southwest;Accessories;Fenders;High Income;26-35;Male;Management;0;64.89;41.78;3;SO002057;11665
2013;201312;Q4;Dec 2013;Europe;France;France;Accessories;Bottles and Cages;Middle Income;46-55;Female;Professional;1;60.82;39.38;1;SO002058;11823
2013;201312;Q4;Dec 2013;Europe;France;France;Accessories;Bottles and Cages;Middle Income;46-55;Female;Professional;1;41.69;24.80;1;SO002058;11823
2013;201312;Q4;Dec 2013;North America;Canada;Canada;Accessories;Fenders;High Income;46-55;Male;Clerical;0;54.05;31.44;1;SO002059;11568
2013;201312;Q4;Dec 2013;North America;Canada;Canada;Clothing;Jerseys;High Income;46-55;Male;Clerical;0;65.55;24.82;1;SO002059;11568
2013;201312;Q4;Dec 2013;North America;Canada;Canada;Clothing;Caps;High Income;46-55;Male;Clerical;0;72.34;29.06;2;SO002059;11568
2013;201312;Q4;Dec 2013;Pacific;Australia;Australia;Accessories;Tires and Tubes;Low Income;26-35;Female;Manual;0;86.32;55.04;1;SO002060;11616
2013;201312;Q4;Dec 2013;Pacific;Australia;Australia;Bikes;Road Bikes;Low Income;26-35;Female;Manual;0;10471.95;3877.38;3;SO002060;11616
2013;201312;Q4;Dec 2013;Pacific;Australia;Australia;Bikes;Touring Bikes;Middle Income;55+;Female;Management;1;3152.07;1184.09;3;SO002061;11490
2013;201312;Q4;Dec 2013;Europe;France;France;Bikes;Mountain Bikes;High Income;46-55;Female;Manual;1;1738.20;689.41;1;SO002062;11559
2013;201312;Q4;Dec 2013;Europe;France;France;Bikes;Mountain Bikes;High Income;46-55;Female;Manual;1;5557.98;2328.72;2;SO002062;11559
2013;201312;Q4;Dec 2013;North America;United States;Central;Bikes;Road Bikes;Middle Income;55+;Female;Professional;0;2583.07;1157.70;1;SO002063;11359
2013;201312;Q4;Dec 2013;Europe;France;France;Bikes;Road Bikes;Middle Income;46-55;Male;Skilled Manual;0;6471.42;2467.25;2;SO002064;11826
2013;201312;Q4;Dec 2013;North America;United States;Southeast;Clothing;Gloves;High Income;55+;Female;Professional;0;77.79;28.70;1;SO002065;11267
2013;201312;Q4;Dec 2013;North America;United States;Southeast;Bikes;Road Bikes;High Income;55+;Female;Professional;0;2918.87;1202.88;1;SO002065;11267
2013;201312;Q4;Dec 2013;North America;Canada;Canada;Bikes;Mountain Bikes;Middle Income;55+;Female;Skilled Manual;0;1588.09;661.45;1;SO002066;11637
2013;201312;Q4;Dec 2013;North America;Canada;Canada;Bikes;Road Bikes;Middle Income;55+;Female;Skilled Manual;0;2617.76;986.93;2;SO002066;11637
2013;201312;Q4;Dec 2013;North America;Canada;Canada;Accessories;Bottles and Cages;Middle Income;55+;Female;Skilled Manual;0;118.62;77.32;1;SO002066;11637
2013;201312;Q4;Dec 2013;Pacific;Australia;Australia;Bikes;Mountain Bikes;High Income;26-35;Female;Skilled Manual;1;4382.26;1800.03;2;SO002067;11547
2013;201312;Q4;Dec 2013;Pacific;Australia;Australia;Bikes;Touring Bikes;High Income;26-35;Female;Skilled Manual;1;2232.00;892.30;1;SO002067;11547
2013;201312;Q4;Dec 2013;North America;Canada;Canada;Bikes;Mountain Bikes;Low Income;46-55;Female;Professional;1;1433.01;578.67;1;SO002068;11094
2013;201312;Q4;Dec 2013;North America;Canada;Canada;Accessories;Fenders;Middle Income;55+;Male;Management;0;206.42;123.19;2;SO002069;11434
2013;201312;Q4;Dec 2013;Europe;France;France;Bikes;Mountain Bikes;Low Income;36-45;Female;Skilled Manual;0;1851.80;694.99;1;SO002070;11131
2013;201312;Q4;Dec 2013;Europe;France;France;Bikes;Mountain Bikes;Low Income;36-45;Female;Skilled Manual;0;1806.28;677.81;1;SO002070;11131
2013;201312;Q4;Dec 2013;North America;United States;Northeast;Accessories;Bottles and Cages;Low Income;46-55;Female;Clerical;1;19.71;11.80;1;SO002071;11644
2013;201312;Q4;Dec 2013;Pacific;Australia;Australia;Clothing;Caps;Low Income;26-35;Female;Professional;1;53.33;21.07;1;SO002072;11365
2013;201312;Q4;Dec 2013;Pacific;Australia;Australia;Bikes;Mountain Bikes;Low Income;26-35;Female;Professional;1;2045.07;864.05;1;SO002072;11365
2013;201312;Q4;Dec 2013;Europe;United Kingdom;United Kingdom;Bikes;Mountain Bikes;Middle Income;46-55;Female;Management;0;1027.35;400.91;1;SO002073;11131
2013;201312;Q4;Dec 2013;Europe;United Kingdom;United Kingdom;Bikes;Touring Bikes;High Income;55+;Male;Clerical;0;3393.15;1412.57;1;SO002074;11349
2013;201312;Q4;Dec 2013;Europe;United Kingdom;United Kingdom;Bikes;Touring Bikes;Low Income;55+;Male;Skilled Manual;1;2292.44;988.91;1;SO002075;11412
2013;201312;Q4;Dec 2013;Europe;United Kingdom;United Kingdom;Bikes;Road Bikes;Low Income;55+;Male;Skilled Manual;1;1795.63;684.52;1;SO002075;11412
2013;201312;Q4;Dec 2013;Europe;Germany;Germany;Bikes;Mountain Bikes;Middle Income;55+;Male;Clerical;0;4014.39;1586.17;3;SO002076;11370
2013;201312;Q4;Dec 2013;Europe;Germany;Germany;Bikes;Road Bikes;Middle Income;55+;Male;Clerical;0;3435.94;1474.40;1;SO002076;11370
2013;201312;Q4;Dec 2013;North America;United States;Southwest;Bikes;Touring Bikes;Low Income;46-55;Female;Management;0;2713.17;1167.91;1;SO002077;11650
2013;201312;Q4;Dec 2013;North America;United States;Southwest;Accessories;Tires and Tubes;Low Income;46-55;Female;Management;0;92.32;53.81;1;SO002077;11650
2013;201312;Q4;Dec 2013;Europe;France;France;Bikes;Mountain Bikes;Middle Income;55+;Male;Management;0;1091.55;462.04;1;SO002078;11777
2013;201312;Q4;Dec 2013;Europe;France;France;Components;Brakes;Middle Income;55+;Male;Management;0;649.06;220.39;2;SO002078;11777
2013;201312;Q4;Dec 2013;Europe;France;France;Bikes;Road Bikes;Middle Income;26-35;Female;Skilled Manual;1;3185.62;1421.44;1;SO002079;11069
2013;201312;Q4;Dec 2013;Pacific;Australia;Australia;Bikes;Road Bikes;Middle Income;46-55;Female;Skilled Manual;0;3352.21;1373.75;1;SO002080;11318
2013;201312;Q4;Dec 2013;Pacific;Australia;Australia;Accessories;Fenders;Middle Income;46-55;Female;Skilled Manual;0;18.22;10.59;1;SO002080;11318
2013;201312;Q4;Dec 2013;Pacific;Australia;Australia;Bikes;Road Bikes;Middle Income;46-55;Female;Skilled Manual;0;738.58;287.58;1;SO002080;11318
2013;201312;Q4;Dec 2013;Pacific;Australia;Australia;Bikes;Road Bikes;Middle Income;55+;Male;Professional;1;2863.50;1189.22;1;SO002081;11334
2013;201312;Q4;Dec 2013;Europe;Germany;Germany;Components;Brakes;Middle Income;55+;Male;Management;0;486.92;169.25;2;SO002082;11628
2013;201312;Q4;Dec 2013;Pacific;Australia;Australia;Clothing;Jerseys;Middle Income;55+;Male;Skilled Manual;1;85.44;32.07;1;SO002083;11758
2013;201312;Q4;Dec 2013;Pacific;Australia;Australia;Bikes;Mountain Bikes;Low Income;36-45;Female;Skilled Manual;1;1728.17;650.58;1;SO002084;11095
2013;201312;Q4;Dec 2013;Pacific;Australia;Australia;Clothing;Jerseys;Low Income;36-45;Female;Skilled Manual;1;38.99;16.85;1;SO002084;11095
2013;201312;Q4;Dec 2013;North America;United States;Northeast;Clothing;Shorts;Middle Income;46-55;Female;Skilled Manual;0;29.67;10.90;1;SO002085;11471
2013;201312;Q4;Dec 2013;North America;United States;Northeast;Accessories;Bottles and Cages;Middle Income;46-55;Female;Skilled Manual;0;13.40;8.13;1;SO002085;11471
2013;201312;Q4;Dec 2013;North America;United States;Northeast;Bikes;Mountain Bikes;Middle Income;46-55;Female;Skilled Manual;0;3040.71;1344.23;1;SO002085;11471
2013;201312;Q4;Dec 2013;North America;United States;Southeast;Bikes;Mountain Bikes;Low Income;26-35;Female;Manual;0;3437.76;1357.03;1;SO002086;11655
2013;201312;Q4;Dec 2013;North America;Canada;Canada;Accessories;Tires and Tubes;High Income;46-55;Male;Skilled Manual;0;37.58;24.30;2;SO002087;11167
2013;201312;Q4;Dec 2013;Europe;France;France;Accessories;Tires and Tubes;Middle Income;46-55;Female;Skilled Manual;0;85.78;51.19;2;SO002088;11111
2013;201312;Q4;Dec 2013;Europe;United Kingdom;United Kingdom;Bikes;Touring Bikes;Middle Income;36-45;Male;Manual;1;3085.88;1218.54;1;SO002089;11781
2013;201312;Q4;Dec 2013;North America;United States;Northeast;Bikes;Touring Bikes;Low Income;46-55;Female;Manual;0;2575.06;1144.96;1;SO002090;11032
2013;201312;Q4;Dec 2013;North America;United States;Northeast;Bikes;Touring Bikes;Low Income;46-55;Female;Manual;0;2150.04;853.32;1;SO002090;11032
2013;201312;Q4;Dec 2013;Pacific;Australia;Australia;Bikes;Road Bikes;High Income;55+;Male;Manual;1;5108.28;2004.69;3;SO002091;11825
2013;201312;Q4;Dec 2013;Pacific;Australia;Australia;Accessories;Fenders;High Income;55+;Male;Manual;1;34.11;21.91;1;SO002091;11825
2013;201312;Q4;Dec 2013;Pacific;Australia;Australia;Bikes;Mountain Bikes;High Income;36-45;Female;Clerical;1;2189.80;899.75;1;SO002092;11280
2013;201312;Q4;Dec 2013;Pacific;Australia;Australia;Bikes;Road Bikes;High Income;36-45;Female;Clerical;1;1052.54;451.89;1;SO002092;11280
2013;201312;Q4;Dec 2013;Pacific;Australia;Australia;Clothing;Caps;High Income;46-55;Male;Manual;1;27.05;10.00;1;SO002093;11468
2013;201312;Q4;Dec 2013;Pacific;Australia;Australia;Clothing;Shorts;High Income;46-55;Male;Manual;1;31.00;12.05;1;SO002093;11468
2013;201312;Q4;Dec 2013;Pacific;Australia;Australia;Clothing;Shorts;High Income;46-55;Male;Manual;1;124.42;45.22;2;SO002093;11468
2013;201312;Q4;Dec 2013;Pacific;Australia;Australia;Bikes;Mountain Bikes;Low Income;55+;Female;Clerical;0;3326.61;1442.16;1;SO002094;11773
2013;201312;Q4;Dec 2013;Pacific;Australia;Australia;Accessories;Bottles and Cages;Low Income;46-55;Male;Management;0;235.06;150.95;2;SO002095;11723
2013;201312;Q4;Dec 2013;North America;United States;Central;Bikes;Touring Bikes;Middle Income;46-55;Female;Management;1;5689.98;2463.24;3;SO002096;11304
